id,timestamp,date,file,uri,album,post_title,caption,description,role,groups,watermark,ocr
1,1785684257,2026-08-02 11:24 AM EDT,media/1479816930839253.jpg,this_profile's_activity_across_facebook/posts/media/Mobileuploads_624264343061187/1479816930839253.jpg,Mobile uploads,Whimsy added 4 new photos.,"The rain held off for the parade on Clark Lake this morning, and finally got a chance to check out Lakeside Market & Spirits! They really put some love into this building and thought into their plans. Can't wait to see them grow!",,context,Uncategorized and General Portfolio,False,"> wv SS Z y ion ees HR \. = y sae oa gas —— es 4 We: es —\f a —it aX ax Lat Ae ——— oer = a = % ee LAMZeCt no = 10100 = —— ms > ie oe — — iS ae oe a ue me eS nee SS = oe Se ai iS 3 at eXs < ae SS o8 SS a <s SS. a ah 2 —* SS She x= as as iS ows ms #s a S aS"" Sets eke Bi ent “S SS a cS =: ee. y) es A © BL AG Soph aes Sa: oe"
2,1785684257,2026-08-02 11:24 AM EDT,media/1479817050839241.jpg,this_profile's_activity_across_facebook/posts/media/Mobileuploads_624264343061187/1479817050839241.jpg,Mobile uploads,Whimsy added 4 new photos.,"The rain held off for the parade on Clark Lake this morning, and finally got a chance to check out Lakeside Market & Spirits! They really put some love into this building and thought into their plans. Can't wait to see them grow!",,context,Uncategorized and General Portfolio,False,
3,1785684257,2026-08-02 11:24 AM EDT,media/1479817140839232.jpg,this_profile's_activity_across_facebook/posts/media/Mobileuploads_624264343061187/1479817140839232.jpg,Mobile uploads,Whimsy added 4 new photos.,"The rain held off for the parade on Clark Lake this morning, and finally got a chance to check out Lakeside Market & Spirits! They really put some love into this building and thought into their plans. Can't wait to see them grow!",,context,Uncategorized and General Portfolio,False,
4,1785684257,2026-08-02 11:24 AM EDT,media/1479817264172553.jpg,this_profile's_activity_across_facebook/posts/media/Mobileuploads_624264343061187/1479817264172553.jpg,Mobile uploads,Whimsy added 4 new photos.,"The rain held off for the parade on Clark Lake this morning, and finally got a chance to check out Lakeside Market & Spirits! They really put some love into this building and thought into their plans. Can't wait to see them grow!",,context,Uncategorized and General Portfolio,False,
5,1785610811,2026-08-01 03:00 PM EDT,media/1479071537580459.jpg,this_profile's_activity_across_facebook/posts/media/Mobileuploads_624264343061187/1479071537580459.jpg,Mobile uploads,Whimsy added 7 new photos.,"As our event wraps up I want to thank you all so much for attending the Back to school bash with The Jackson Crossing Mall! It was such a fun event. Kids dancing to music, school photos, back packs and hot meal vouchers given, tickets to the Michigan Theater a live mascot and our local library! This event had over triple the attendance of last year, and we can't wait to do it again next year! Thanks for coming!",,result,Back to School Bash at Jackson Crossing | Jackson Crossing Community Events,False,
6,1785610811,2026-08-01 03:00 PM EDT,media/1479071577580455.jpg,this_profile's_activity_across_facebook/posts/media/Mobileuploads_624264343061187/1479071577580455.jpg,Mobile uploads,Whimsy added 7 new photos.,"As our event wraps up I want to thank you all so much for attending the Back to school bash with The Jackson Crossing Mall! It was such a fun event. Kids dancing to music, school photos, back packs and hot meal vouchers given, tickets to the Michigan Theater a live mascot and our local library! This event had over triple the attendance of last year, and we can't wait to do it again next year! Thanks for coming!",,result,Back to School Bash at Jackson Crossing | Jackson Crossing Community Events,False,i V/s } if —_ & A” Ny ng ay? begad) gf wy mt
7,1785610811,2026-08-01 03:00 PM EDT,media/1479071617580451.jpg,this_profile's_activity_across_facebook/posts/media/Mobileuploads_624264343061187/1479071617580451.jpg,Mobile uploads,Whimsy added 7 new photos.,"As our event wraps up I want to thank you all so much for attending the Back to school bash with The Jackson Crossing Mall! It was such a fun event. Kids dancing to music, school photos, back packs and hot meal vouchers given, tickets to the Michigan Theater a live mascot and our local library! This event had over triple the attendance of last year, and we can't wait to do it again next year! Thanks for coming!",,result,Back to School Bash at Jackson Crossing | Jackson Crossing Community Events,False,
8,1785610811,2026-08-01 03:00 PM EDT,media/1479071647580448.jpg,this_profile's_activity_across_facebook/posts/media/Mobileuploads_624264343061187/1479071647580448.jpg,Mobile uploads,Whimsy added 7 new photos.,"As our event wraps up I want to thank you all so much for attending the Back to school bash with The Jackson Crossing Mall! It was such a fun event. Kids dancing to music, school photos, back packs and hot meal vouchers given, tickets to the Michigan Theater a live mascot and our local library! This event had over triple the attendance of last year, and we can't wait to do it again next year! Thanks for coming!",,result,Back to School Bash at Jackson Crossing | Jackson Crossing Community Events,False,
9,1785610811,2026-08-01 03:00 PM EDT,media/1479071704247109.jpg,this_profile's_activity_across_facebook/posts/media/Mobileuploads_624264343061187/1479071704247109.jpg,Mobile uploads,Whimsy added 7 new photos.,"As our event wraps up I want to thank you all so much for attending the Back to school bash with The Jackson Crossing Mall! It was such a fun event. Kids dancing to music, school photos, back packs and hot meal vouchers given, tickets to the Michigan Theater a live mascot and our local library! This event had over triple the attendance of last year, and we can't wait to do it again next year! Thanks for coming!",,result,Back to School Bash at Jackson Crossing | Jackson Crossing Community Events,False,
10,1785610811,2026-08-01 03:00 PM EDT,media/1479071790913767.jpg,this_profile's_activity_across_facebook/posts/media/Mobileuploads_624264343061187/1479071790913767.jpg,Mobile uploads,Whimsy added 7 new photos.,"As our event wraps up I want to thank you all so much for attending the Back to school bash with The Jackson Crossing Mall! It was such a fun event. Kids dancing to music, school photos, back packs and hot meal vouchers given, tickets to the Michigan Theater a live mascot and our local library! This event had over triple the attendance of last year, and we can't wait to do it again next year! Thanks for coming!",,result,Back to School Bash at Jackson Crossing | Jackson Crossing Community Events,False,
11,1785610811,2026-08-01 03:00 PM EDT,media/1479071827580430.jpg,this_profile's_activity_across_facebook/posts/media/Mobileuploads_624264343061187/1479071827580430.jpg,Mobile uploads,Whimsy added 7 new photos.,"As our event wraps up I want to thank you all so much for attending the Back to school bash with The Jackson Crossing Mall! It was such a fun event. Kids dancing to music, school photos, back packs and hot meal vouchers given, tickets to the Michigan Theater a live mascot and our local library! This event had over triple the attendance of last year, and we can't wait to do it again next year! Thanks for coming!",,result,Back to School Bash at Jackson Crossing | Jackson Crossing Community Events,False,je & 4 ll a g pA iy A as it
12,1785592065,2026-08-01 09:47 AM EDT,media/1478820320938914.jpg,this_profile's_activity_across_facebook/posts/media/Mobileuploads_624264343061187/1478820320938914.jpg,Mobile uploads,Whimsy added 7 new photos.,"Happening today at The Jackson Crossing Mall ! We're excited to welcome families to a calm, low-stimulation Back to school bash designed to make getting ready for the new school year a little easier and a lot more enjoyable. This event is perfect for families looking for a relaxed environment where children can: 🎒 Receive a FREE loaded backpack with a hot sandwich voucher (while supplies last) 🎟️ Receive Michigan Theatre Summer Kids Movie Series tickets 📸 Have their photos taken in a comfortable, low-pressure setting 🤩 Meet a fun Mascot and snap a selfie! And while the kids are getting ready for school, adults can take advantage of professional business headshots, perfect for updating your LinkedIn profile, resume, or business page. Our goal is to create a welcoming, stress-free experience where families can prepare for the school year without the crowds and overwhelming atmosphere. We can't wait to see you at The Crossing, where community gathers!",,promotion,Back to School Bash at Jackson Crossing | Jackson Crossing Community Events,False,"BACK TO SCHOOL- | | Jeekeo, “7 Lif y = ve cor MY Rey = The Jackson District Library Free Library Card Sign-up! N & N Mascot- Selfies with Stitch! Join us by The Vintage Carousel at 2:00 PM for a special visit from our local mascot company! Stop by to snap a selfie with Stitch! Coloring Station Book marks and themed coloring pages Sipster of Jackson Specialty Drinks!"
13,1785592065,2026-08-01 09:47 AM EDT,media/1478820370938909.jpg,this_profile's_activity_across_facebook/posts/media/Mobileuploads_624264343061187/1478820370938909.jpg,Mobile uploads,Whimsy added 7 new photos.,"Happening today at The Jackson Crossing Mall ! We're excited to welcome families to a calm, low-stimulation Back to school bash designed to make getting ready for the new school year a little easier and a lot more enjoyable. This event is perfect for families looking for a relaxed environment where children can: 🎒 Receive a FREE loaded backpack with a hot sandwich voucher (while supplies last) 🎟️ Receive Michigan Theatre Summer Kids Movie Series tickets 📸 Have their photos taken in a comfortable, low-pressure setting 🤩 Meet a fun Mascot and snap a selfie! And while the kids are getting ready for school, adults can take advantage of professional business headshots, perfect for updating your LinkedIn profile, resume, or business page. Our goal is to create a welcoming, stress-free experience where families can prepare for the school year without the crowds and overwhelming atmosphere. We can't wait to see you at The Crossing, where community gathers!",,promotion,Back to School Bash at Jackson Crossing | Jackson Crossing Community Events,False,"— —— ae Taye rs Se nk a Ae Se kSe Bia Ex pis NOT me or ON ce BACK TO i Earke, we Ft nas tes) I, fe SCHOOL oe x) a ae rey fi RP ORK ea StudiofOne ie es PHOTOGRAPHY Rye: 28, oe ne ee is £7 <> 7 Les a Be wed Ss Ne YY Bae a ‘3 Ras 24 Noon-4p Ree fy tt Rae Back to school Photos & Business Headshots! | e School Photo Packages start at just $16 Phe eS is oe as e Professional Packages start at just $79 FOX Cav’ SKE CRO. ae re Tas AOR Cae, oe eer ahs Bis, Sa are = Se e 4, ae he ghee. My"
14,1785592065,2026-08-01 09:47 AM EDT,media/1478820410938905.jpg,this_profile's_activity_across_facebook/posts/media/Mobileuploads_624264343061187/1478820410938905.jpg,Mobile uploads,Whimsy added 7 new photos.,"Happening today at The Jackson Crossing Mall ! We're excited to welcome families to a calm, low-stimulation Back to school bash designed to make getting ready for the new school year a little easier and a lot more enjoyable. This event is perfect for families looking for a relaxed environment where children can: 🎒 Receive a FREE loaded backpack with a hot sandwich voucher (while supplies last) 🎟️ Receive Michigan Theatre Summer Kids Movie Series tickets 📸 Have their photos taken in a comfortable, low-pressure setting 🤩 Meet a fun Mascot and snap a selfie! And while the kids are getting ready for school, adults can take advantage of professional business headshots, perfect for updating your LinkedIn profile, resume, or business page. Our goal is to create a welcoming, stress-free experience where families can prepare for the school year without the crowds and overwhelming atmosphere. We can't wait to see you at The Crossing, where community gathers!",,promotion,Back to School Bash at Jackson Crossing | Jackson Crossing Community Events,False,"pot. hs ty, A tex ©, v ye 3 sta pea od BACK TO I, WVASEY Vj>>>) SC HOOL yew | 00000000000000 dy es THEATRE 00000000000000 ‘i x7 (H LCE) Ckson o est ["", eg Bee “are neta Join us for a chance to receive tickets to the [4 s aaah PEE ‘a ot Michigan Theatre of Jackson's Summer Kids Pat yas wad sae bed [ie Movie Series! It's the perfect way to keep the sea ae family entertained this summer. Stop by ere while supplies last! a Ee Sok | 6 a [es y B44 ee ¥% CROSSTNG Be ee = ER wae te Sar oF oe Bat eG er a"
15,1785592065,2026-08-01 09:47 AM EDT,media/1478820450938901.jpg,this_profile's_activity_across_facebook/posts/media/Mobileuploads_624264343061187/1478820450938901.jpg,Mobile uploads,Whimsy added 7 new photos.,"Happening today at The Jackson Crossing Mall ! We're excited to welcome families to a calm, low-stimulation Back to school bash designed to make getting ready for the new school year a little easier and a lot more enjoyable. This event is perfect for families looking for a relaxed environment where children can: 🎒 Receive a FREE loaded backpack with a hot sandwich voucher (while supplies last) 🎟️ Receive Michigan Theatre Summer Kids Movie Series tickets 📸 Have their photos taken in a comfortable, low-pressure setting 🤩 Meet a fun Mascot and snap a selfie! And while the kids are getting ready for school, adults can take advantage of professional business headshots, perfect for updating your LinkedIn profile, resume, or business page. Our goal is to create a welcoming, stress-free experience where families can prepare for the school year without the crowds and overwhelming atmosphere. We can't wait to see you at The Crossing, where community gathers!",,promotion,Back to School Bash at Jackson Crossing | Jackson Crossing Community Events,False,"ae ene. Lope Pies nae BACK TO I, 3 SCHOOL JACKSON ~~ ei, ie DISTRICT us a LIBRARY eS YOUR PLACE TO DISCOVER — ra eo ts ie ak ae Sign up for a library card, Re s check out local resources and -23 enjoy thier pop up library! 4 fast SKE CRO. far oe Cee a eae sa"
16,1785592065,2026-08-01 09:47 AM EDT,media/1478820494272230.jpg,this_profile's_activity_across_facebook/posts/media/Mobileuploads_624264343061187/1478820494272230.jpg,Mobile uploads,Whimsy added 7 new photos.,"Happening today at The Jackson Crossing Mall ! We're excited to welcome families to a calm, low-stimulation Back to school bash designed to make getting ready for the new school year a little easier and a lot more enjoyable. This event is perfect for families looking for a relaxed environment where children can: 🎒 Receive a FREE loaded backpack with a hot sandwich voucher (while supplies last) 🎟️ Receive Michigan Theatre Summer Kids Movie Series tickets 📸 Have their photos taken in a comfortable, low-pressure setting 🤩 Meet a fun Mascot and snap a selfie! And while the kids are getting ready for school, adults can take advantage of professional business headshots, perfect for updating your LinkedIn profile, resume, or business page. Our goal is to create a welcoming, stress-free experience where families can prepare for the school year without the crowds and overwhelming atmosphere. We can't wait to see you at The Crossing, where community gathers!",,promotion,Back to School Bash at Jackson Crossing | Jackson Crossing Community Events,False,"es: a Be ie 7 nee i Sa Zur at BACK TO is mS pot ay pees gE vot a ey 5 I, 5 SCHOOL ws, pecan erate aes NG Ascorts fe Fegan &N A ent Mascots eee, we r ne Se (Ser5 ee m7 he Dring ke Su cas en Leas Bagh AX a ‘ou Seis Ls ry Join us next to The Vintage = mh Sa] Pe Ps tye Carousel for selfies with Stitch! e = es Soe! a foe a) SKE CRO. Be a aie Pe sey i. Tae Pigs aS; ea sae ae ee aS “es ate: er 54% ‘eae te. ene"
17,1785592065,2026-08-01 09:47 AM EDT,media/1478820534272226.jpg,this_profile's_activity_across_facebook/posts/media/Mobileuploads_624264343061187/1478820534272226.jpg,Mobile uploads,Whimsy added 7 new photos.,"Happening today at The Jackson Crossing Mall ! We're excited to welcome families to a calm, low-stimulation Back to school bash designed to make getting ready for the new school year a little easier and a lot more enjoyable. This event is perfect for families looking for a relaxed environment where children can: 🎒 Receive a FREE loaded backpack with a hot sandwich voucher (while supplies last) 🎟️ Receive Michigan Theatre Summer Kids Movie Series tickets 📸 Have their photos taken in a comfortable, low-pressure setting 🤩 Meet a fun Mascot and snap a selfie! And while the kids are getting ready for school, adults can take advantage of professional business headshots, perfect for updating your LinkedIn profile, resume, or business page. Our goal is to create a welcoming, stress-free experience where families can prepare for the school year without the crowds and overwhelming atmosphere. We can't wait to see you at The Crossing, where community gathers!",,promotion,Back to School Bash at Jackson Crossing | Jackson Crossing Community Events,False,"— Sas ae ie aie ae ty, oh OS 7 oy Se eS sss Soe - Ps i A an Ne Set Be Kay. ey av as. Sets ce oo BACK TO a if: Seri aa. OS Ca eps I, an - soe Sek es are ee SCHOOL a, < za [pes iS; bie a % ane es 1a uk, loring Station ARS ¢. eh y aes tie fags | ak U9 i, ae Ee oe = ee S. ge ta! Join us next to The Vintage * dete me ad e hee Carousel for fun coloring re a ate 4 ay pages and bookmarks! Pipe 4 eS | By ie. Mae iy aay S OE. Sa nee: sgn 2% ve CRO. SSTNG 4 <x — — he is Sonte + Cats if. PY a m7 ""Ta as ct T"
18,1785592065,2026-08-01 09:47 AM EDT,media/1478820577605555.jpg,this_profile's_activity_across_facebook/posts/media/Mobileuploads_624264343061187/1478820577605555.jpg,Mobile uploads,Whimsy added 7 new photos.,"Happening today at The Jackson Crossing Mall ! We're excited to welcome families to a calm, low-stimulation Back to school bash designed to make getting ready for the new school year a little easier and a lot more enjoyable. This event is perfect for families looking for a relaxed environment where children can: 🎒 Receive a FREE loaded backpack with a hot sandwich voucher (while supplies last) 🎟️ Receive Michigan Theatre Summer Kids Movie Series tickets 📸 Have their photos taken in a comfortable, low-pressure setting 🤩 Meet a fun Mascot and snap a selfie! And while the kids are getting ready for school, adults can take advantage of professional business headshots, perfect for updating your LinkedIn profile, resume, or business page. Our goal is to create a welcoming, stress-free experience where families can prepare for the school year without the crowds and overwhelming atmosphere. We can't wait to see you at The Crossing, where community gathers!",,promotion,Back to School Bash at Jackson Crossing | Jackson Crossing Community Events,False,"to's tak oe Saath ie 2 gest Na BACK TO I, SCHOOL ae (>) Neon~fp ee AE aS | gan Wy) x IDIRTY SODA © ICED COPTFs lOARENWaTral “Join us for lee Cold Drinks * 3 fe ies es Sie in front of Dunhams during NA i the Back to School ‘AE tee yee a S + SARK ‘OS. 2 eT ED er +83 ts fe Gigi sont Be nee oa Se he. St Ree A Sach eS ee a 2 > has ah"
19,1785513832,2026-07-31 12:03 PM EDT,media/1478031421017804.jpg,this_profile's_activity_across_facebook/posts/media/Mobileuploads_624264343061187/1478031421017804.jpg,Mobile uploads,Whimsy added a new photo.,"Its official! Whimsy is proud to partner with Fetch Market in Downtown Brooklyn for consulting and media marketing! I'm loving these kitchen visits and taste tests, this menu is going to be incredible!","Its official! Whimsy is proud to partner with @[61582852973420:2048:Fetch Market] in @[100064363376699:2048:Downtown Brooklyn] for consulting and media marketing! I'm loving these kitchen visits and taste tests, this menu is going to be incredible!",context,Uncategorized and General Portfolio,False,
20,1784683450,2026-07-21 09:24 PM EDT,media/1469426228544990.jpg,this_profile's_activity_across_facebook/posts/media/Mobileuploads_624264343061187/1469426228544990.jpg,Mobile uploads,Whimsy added a new photo.,"Tonight's City Hall meeting is still going, and the room was packed with people from our community. No matter where you stand on the issue, I'm proud to be part of a community that shows up, speaks up, and takes the time to stand for what they believe in.","Tonight's City Hall meeting is still going, and the room was packed with people from our community. No matter where you stand on the issue, I'm proud to be part of a community that shows up, speaks up, and takes the time to stand for what they believe in.",context,Uncategorized and General Portfolio,False,
21,1784199335,2026-07-16 06:55 AM EDT,media/1464799165674363.jpg,this_profile's_activity_across_facebook/posts/media/Mobileuploads_624264343061187/1464799165674363.jpg,Mobile uploads,Whimsy added 6 new photos.,"Downtown Brooklyn looking a bit hazy! Stay safe, hydrate and take care of your selves, this smoke is no joke!",,context,Uncategorized and General Portfolio,False,"f b “€ oR 4 SY rey bi. A=, al —iPPEP wi NU | TH |"" rt N Mi worm “— ie bs a — = 2 a ie ro ill at sid Va i Tha, Sed ——— ="
22,1784199335,2026-07-16 06:55 AM EDT,media/1464799212341025.jpg,this_profile's_activity_across_facebook/posts/media/Mobileuploads_624264343061187/1464799212341025.jpg,Mobile uploads,Whimsy added 6 new photos.,"Downtown Brooklyn looking a bit hazy! Stay safe, hydrate and take care of your selves, this smoke is no joke!",,context,Uncategorized and General Portfolio,False,
23,1784199335,2026-07-16 06:55 AM EDT,media/1464799279007685.jpg,this_profile's_activity_across_facebook/posts/media/Mobileuploads_624264343061187/1464799279007685.jpg,Mobile uploads,Whimsy added 6 new photos.,"Downtown Brooklyn looking a bit hazy! Stay safe, hydrate and take care of your selves, this smoke is no joke!",,context,Uncategorized and General Portfolio,False,
24,1784199335,2026-07-16 06:55 AM EDT,media/1464799365674343.jpg,this_profile's_activity_across_facebook/posts/media/Mobileuploads_624264343061187/1464799365674343.jpg,Mobile uploads,Whimsy added 6 new photos.,"Downtown Brooklyn looking a bit hazy! Stay safe, hydrate and take care of your selves, this smoke is no joke!",,context,Uncategorized and General Portfolio,False,
25,1784199335,2026-07-16 06:55 AM EDT,media/1464799409007672.jpg,this_profile's_activity_across_facebook/posts/media/Mobileuploads_624264343061187/1464799409007672.jpg,Mobile uploads,Whimsy added 6 new photos.,"Downtown Brooklyn looking a bit hazy! Stay safe, hydrate and take care of your selves, this smoke is no joke!",,context,Uncategorized and General Portfolio,False,
26,1784199335,2026-07-16 06:55 AM EDT,media/1464799475674332.jpg,this_profile's_activity_across_facebook/posts/media/Mobileuploads_624264343061187/1464799475674332.jpg,Mobile uploads,Whimsy added 6 new photos.,"Downtown Brooklyn looking a bit hazy! Stay safe, hydrate and take care of your selves, this smoke is no joke!",,context,Uncategorized and General Portfolio,False,oe ie LEE an Sse | fa! P14 ——— L -_ a= cA ss ee nee ee Ge &
27,1783817229,2026-07-11 08:47 PM EDT,media/1461025549385058.jpg,this_profile's_activity_across_facebook/posts/media/Mobileuploads_624264343061187/1461025549385058.jpg,Mobile uploads,Whimsy added 6 new photos.,"Such a pleasure to be joined by John Bieniek for ""mini"" at Art 634! This was such a playful well thought out exhibit, the prompt made for some incredible art and the attention to detail from the mini appetizers to the mini name tags was so creative and fun!",,context,Uncategorized and General Portfolio,False,
28,1783817229,2026-07-11 08:47 PM EDT,media/1461025586051721.jpg,this_profile's_activity_across_facebook/posts/media/Mobileuploads_624264343061187/1461025586051721.jpg,Mobile uploads,Whimsy added 6 new photos.,"Such a pleasure to be joined by John Bieniek for ""mini"" at Art 634! This was such a playful well thought out exhibit, the prompt made for some incredible art and the attention to detail from the mini appetizers to the mini name tags was so creative and fun!",,context,Uncategorized and General Portfolio,False,
29,1783817229,2026-07-11 08:47 PM EDT,media/1461025612718385.jpg,this_profile's_activity_across_facebook/posts/media/Mobileuploads_624264343061187/1461025612718385.jpg,Mobile uploads,Whimsy added 6 new photos.,"Such a pleasure to be joined by John Bieniek for ""mini"" at Art 634! This was such a playful well thought out exhibit, the prompt made for some incredible art and the attention to detail from the mini appetizers to the mini name tags was so creative and fun!",,context,Uncategorized and General Portfolio,False,
30,1783817229,2026-07-11 08:47 PM EDT,media/1461025639385049.jpg,this_profile's_activity_across_facebook/posts/media/Mobileuploads_624264343061187/1461025639385049.jpg,Mobile uploads,Whimsy added 6 new photos.,"Such a pleasure to be joined by John Bieniek for ""mini"" at Art 634! This was such a playful well thought out exhibit, the prompt made for some incredible art and the attention to detail from the mini appetizers to the mini name tags was so creative and fun!",,context,Uncategorized and General Portfolio,False,
31,1783817229,2026-07-11 08:47 PM EDT,media/1461025666051713.jpg,this_profile's_activity_across_facebook/posts/media/Mobileuploads_624264343061187/1461025666051713.jpg,Mobile uploads,Whimsy added 6 new photos.,"Such a pleasure to be joined by John Bieniek for ""mini"" at Art 634! This was such a playful well thought out exhibit, the prompt made for some incredible art and the attention to detail from the mini appetizers to the mini name tags was so creative and fun!",,context,Uncategorized and General Portfolio,False,"aie y, a a es ¥ “4 5 tb = = qe aft Baby Turtles 4 wi 2 5, Borosiicave ¢ John Bieniek DO NoT Not For Sale » TOUCH ="
32,1783817229,2026-07-11 08:47 PM EDT,media/1461025696051710.jpg,this_profile's_activity_across_facebook/posts/media/Mobileuploads_624264343061187/1461025696051710.jpg,Mobile uploads,Whimsy added 6 new photos.,"Such a pleasure to be joined by John Bieniek for ""mini"" at Art 634! This was such a playful well thought out exhibit, the prompt made for some incredible art and the attention to detail from the mini appetizers to the mini name tags was so creative and fun!",,context,Uncategorized and General Portfolio,False,
33,1783610008,2026-07-09 11:13 AM EDT,media/1459089372912009.jpg,this_profile's_activity_across_facebook/posts/media/Mobileuploads_624264343061187/1459089372912009.jpg,Mobile uploads,Whimsy added 2 new photos.,"Art 634 has a new exhibit ""Miniatures"" coming this Saturday! I am so exctied to have not one, but three pieces with them for this show! If you're a local stop by and check them out the gallery its self is amazing and the work inside is even better!",,promotion,Uncategorized and General Portfolio,False,"ins \ \ — af, Ne Jociern, MI The Art of Miniatures Saturday, July 1ith - Sunday, August 9th"
34,1783610008,2026-07-09 11:13 AM EDT,media/1459089416245338.jpg,this_profile's_activity_across_facebook/posts/media/Mobileuploads_624264343061187/1459089416245338.jpg,Mobile uploads,Whimsy added 2 new photos.,"Art 634 has a new exhibit ""Miniatures"" coming this Saturday! I am so exctied to have not one, but three pieces with them for this show! If you're a local stop by and check them out the gallery its self is amazing and the work inside is even better!",,promotion,Uncategorized and General Portfolio,False,"‘i = a yf SE Jackson, MI ""7 O™ The Art of Miniatures Saturday, July 1ith - Sunday, August 9th"
35,1782480407,2026-06-26 09:26 AM EDT,media/1447344704086476.png,this_profile's_activity_across_facebook/posts/media/Coverphotos_624264339727854/1447344704086476.png,Cover photos,,,,context,Uncategorized and General Portfolio,False,
36,1782478992,2026-06-26 09:03 AM EDT,media/1447327190754894.jpg,this_profile's_activity_across_facebook/posts/media/Photos_624264349727853/1447327190754894.jpg,Photos,Whimsy added 4 new photos.,"You know her from the incredible menu at Atlas, now Chef Gretchen is bringing something new to Downtown Brooklyn! Coming this Fall, Fetch Market is set to become your new favorite stop on the corner downtown! You'll find a curated selection of local goods, specialty market finds, fresh foods, and so much more. Whether you're grabbing lunch, shopping local, or discovering something new, they will have something for everyone. Follow them on their socials for more updates because Fetch is happening!",,promotion,Uncategorized and General Portfolio,False,"10] M Ez ON Y"" ROR “StL “ Rrna ONRa.. TUS CAN TREA SURES"
37,1782478992,2026-06-26 09:03 AM EDT,media/1447327210754892.jpg,this_profile's_activity_across_facebook/posts/media/Photos_624264349727853/1447327210754892.jpg,Photos,Whimsy added 4 new photos.,"You know her from the incredible menu at Atlas, now Chef Gretchen is bringing something new to Downtown Brooklyn! Coming this Fall, Fetch Market is set to become your new favorite stop on the corner downtown! You'll find a curated selection of local goods, specialty market finds, fresh foods, and so much more. Whether you're grabbing lunch, shopping local, or discovering something new, they will have something for everyone. Follow them on their socials for more updates because Fetch is happening!",,promotion,Uncategorized and General Portfolio,False,¢ SSS AY = i ae i C= Se ae ~~ Sy ae — is ~ x ay RSS I a SS ae ey = ER: WSs AS che a SS Bedroom | | ¢ i ning | ih | i ILA) apie Se nf m7
38,1782478992,2026-06-26 09:03 AM EDT,media/1447327197421560.jpg,this_profile's_activity_across_facebook/posts/media/Photos_624264349727853/1447327197421560.jpg,Photos,Whimsy added 4 new photos.,"You know her from the incredible menu at Atlas, now Chef Gretchen is bringing something new to Downtown Brooklyn! Coming this Fall, Fetch Market is set to become your new favorite stop on the corner downtown! You'll find a curated selection of local goods, specialty market finds, fresh foods, and so much more. Whether you're grabbing lunch, shopping local, or discovering something new, they will have something for everyone. Follow them on their socials for more updates because Fetch is happening!",,promotion,Uncategorized and General Portfolio,False,"—$—— OO ee — $$$ ss Si —_= = ee — Es — = ee =e ose — —— — — — — = = —< = = — Le | EZ, 7 nity Vl Na oy fbf fl oe pal eal oA “i if. etal aS lea Lye =a tl el Diy, un Be <u NS"
39,1782478992,2026-06-26 09:03 AM EDT,media/1447327270754886.jpg,this_profile's_activity_across_facebook/posts/media/Photos_624264349727853/1447327270754886.jpg,Photos,Whimsy added 4 new photos.,"You know her from the incredible menu at Atlas, now Chef Gretchen is bringing something new to Downtown Brooklyn! Coming this Fall, Fetch Market is set to become your new favorite stop on the corner downtown! You'll find a curated selection of local goods, specialty market finds, fresh foods, and so much more. Whether you're grabbing lunch, shopping local, or discovering something new, they will have something for everyone. Follow them on their socials for more updates because Fetch is happening!",,promotion,Uncategorized and General Portfolio,False,"A ~—s = pee rt a os — ps as cl Fy Gn = por Ee Se ee bee EE == ol ad Eee ess —S = it ie ‘if ——— so T sas sae sane mr] i ae yr ei zi n= te = is a, Zz Ss eS E es ramube Bz cS = = es ere ee. ae 4 Se fu! = aS > =a mS, ae as pr) = Ea = —S soe = case a oe = ae Ses. ne re eal ——— 4 <I tT it oat ee a = 4K MO) NROE ing os a= 5 seins Sigs par Poors sy Sie Shy ny ig YY sms: DEI axl EA umg ore | ae = a lay ey ne 2 E59, DZ f ay ree Aad == Ze Ze, | S 1o) we ao os = FETCH peta = int y eee nome as. Fa tea Da mae"
40,1782474166,2026-06-26 07:42 AM EDT,media/1447274740760139.jpg,this_profile's_activity_across_facebook/posts/media/Mobileuploads_624264343061187/1447274740760139.jpg,Mobile uploads,Whimsy added 6 new photos.,Yesterday was perfect in Downtown Brooklyn for the Art Walk! Love seeing this grow into somthing fun so close to home! If you are local get out and support the next one in July!,,context,Uncategorized and General Portfolio,False,
41,1782474166,2026-06-26 07:42 AM EDT,media/1447274807426799.jpg,this_profile's_activity_across_facebook/posts/media/Mobileuploads_624264343061187/1447274807426799.jpg,Mobile uploads,Whimsy added 6 new photos.,Yesterday was perfect in Downtown Brooklyn for the Art Walk! Love seeing this grow into somthing fun so close to home! If you are local get out and support the next one in July!,,context,Uncategorized and General Portfolio,False,Le <? my = _ _ = _— _— 2 Loca S Hane =—— [G ca ' =a <_~ beiee Ena ~ 4 d . C&S —ws e;
42,1782474166,2026-06-26 07:42 AM EDT,media/1447274860760127.jpg,this_profile's_activity_across_facebook/posts/media/Mobileuploads_624264343061187/1447274860760127.jpg,Mobile uploads,Whimsy added 6 new photos.,Yesterday was perfect in Downtown Brooklyn for the Art Walk! Love seeing this grow into somthing fun so close to home! If you are local get out and support the next one in July!,,context,Uncategorized and General Portfolio,False,
43,1782474166,2026-06-26 07:42 AM EDT,media/1447274917426788.jpg,this_profile's_activity_across_facebook/posts/media/Mobileuploads_624264343061187/1447274917426788.jpg,Mobile uploads,Whimsy added 6 new photos.,Yesterday was perfect in Downtown Brooklyn for the Art Walk! Love seeing this grow into somthing fun so close to home! If you are local get out and support the next one in July!,,context,Uncategorized and General Portfolio,False,
44,1782474166,2026-06-26 07:42 AM EDT,media/1447274967426783.jpg,this_profile's_activity_across_facebook/posts/media/Mobileuploads_624264343061187/1447274967426783.jpg,Mobile uploads,Whimsy added 6 new photos.,Yesterday was perfect in Downtown Brooklyn for the Art Walk! Love seeing this grow into somthing fun so close to home! If you are local get out and support the next one in July!,,context,Uncategorized and General Portfolio,False,
45,1782474166,2026-06-26 07:42 AM EDT,media/1447275014093445.jpg,this_profile's_activity_across_facebook/posts/media/Mobileuploads_624264343061187/1447275014093445.jpg,Mobile uploads,Whimsy added 6 new photos.,Yesterday was perfect in Downtown Brooklyn for the Art Walk! Love seeing this grow into somthing fun so close to home! If you are local get out and support the next one in July!,,context,Uncategorized and General Portfolio,False,
46,1782423200,2026-06-25 05:33 PM EDT,media/1446760810811532.jpg,this_profile's_activity_across_facebook/posts/media/Mobileuploads_624264343061187/1446760810811532.jpg,Mobile uploads,Whimsy added 4 new photos.,Happening now: Get out and show your support to Retain Judge Nicole Hughes in Jackson! Join her at this evening at SOAR Café & Farms!,,context,Uncategorized and General Portfolio,False,"ae i -— Su ee — Se —_ — a —~ — ——, — —— — —"
47,1782423200,2026-06-25 05:33 PM EDT,media/1446763744144572.jpg,this_profile's_activity_across_facebook/posts/media/Mobileuploads_624264343061187/1446763744144572.jpg,Mobile uploads,Whimsy added 4 new photos.,Happening now: Get out and show your support to Retain Judge Nicole Hughes in Jackson! Join her at this evening at SOAR Café & Farms!,,context,Uncategorized and General Portfolio,False,
48,1782423200,2026-06-25 05:33 PM EDT,media/1446763804144566.jpg,this_profile's_activity_across_facebook/posts/media/Mobileuploads_624264343061187/1446763804144566.jpg,Mobile uploads,Whimsy added 4 new photos.,Happening now: Get out and show your support to Retain Judge Nicole Hughes in Jackson! Join her at this evening at SOAR Café & Farms!,,context,Uncategorized and General Portfolio,False,
49,1782423200,2026-06-25 05:33 PM EDT,media/1446763850811228.jpg,this_profile's_activity_across_facebook/posts/media/Mobileuploads_624264343061187/1446763850811228.jpg,Mobile uploads,Whimsy added 4 new photos.,Happening now: Get out and show your support to Retain Judge Nicole Hughes in Jackson! Join her at this evening at SOAR Café & Farms!,,context,Uncategorized and General Portfolio,False,
50,1782406751,2026-06-25 12:59 PM EDT,media/1446579287496351.jpg,this_profile's_activity_across_facebook/posts/media/Mobileuploads_624264343061187/1446579287496351.jpg,Mobile uploads,Whimsy added 4 new photos.,"Wonderful training seminar with Experience Jackson, Pure Michigan, and Destination Uplift at JAX 60 today. Great turn out and very informative! Was nice to see everyone in person after a few months of online seminars!",,context,Uncategorized and General Portfolio,False,
51,1782406751,2026-06-25 12:59 PM EDT,media/1446579347496345.jpg,this_profile's_activity_across_facebook/posts/media/Mobileuploads_624264343061187/1446579347496345.jpg,Mobile uploads,Whimsy added 4 new photos.,"Wonderful training seminar with Experience Jackson, Pure Michigan, and Destination Uplift at JAX 60 today. Great turn out and very informative! Was nice to see everyone in person after a few months of online seminars!",,context,Uncategorized and General Portfolio,False,"5 as ie fa, f 4, AA oe nae testa uN = Bee — == — SS —-— a = Vr pnt (————__\ =a me 7X Sa VE i —\ ay SS —-- A ba ane \ AN Yanai a a | \ Yen — — y Aili ——=s MT We 9 i] << Dy, LE mM — <LI = sx ee | — Ui Z , —oe i \ ———\ __| —<—f"
52,1782406751,2026-06-25 12:59 PM EDT,media/1446579390829674.jpg,this_profile's_activity_across_facebook/posts/media/Mobileuploads_624264343061187/1446579390829674.jpg,Mobile uploads,Whimsy added 4 new photos.,"Wonderful training seminar with Experience Jackson, Pure Michigan, and Destination Uplift at JAX 60 today. Great turn out and very informative! Was nice to see everyone in person after a few months of online seminars!",,context,Uncategorized and General Portfolio,False,
53,1782406751,2026-06-25 12:59 PM EDT,media/1446585397495740.jpg,this_profile's_activity_across_facebook/posts/media/Mobileuploads_624264343061187/1446585397495740.jpg,Mobile uploads,Whimsy added 4 new photos.,"Wonderful training seminar with Experience Jackson, Pure Michigan, and Destination Uplift at JAX 60 today. Great turn out and very informative! Was nice to see everyone in person after a few months of online seminars!",,context,Uncategorized and General Portfolio,False,
54,1782257584,2026-06-23 07:33 PM EDT,media/1445053647648915.jpg,this_profile's_activity_across_facebook/posts/media/Mobileuploads_624264343061187/1445053647648915.jpg,Mobile uploads,Whimsy added 2 new photos.,"What a fun ""Off the Clock"" with the Jackson County Chamber of Commerce at The NayBours! The room was packed, the networking was amazing and so was the staff and atmosphere. If you get a chance go check them out and support a great local spot!",,context,Uncategorized and General Portfolio,False,
55,1782257584,2026-06-23 07:33 PM EDT,media/1445053694315577.jpg,this_profile's_activity_across_facebook/posts/media/Mobileuploads_624264343061187/1445053694315577.jpg,Mobile uploads,Whimsy added 2 new photos.,"What a fun ""Off the Clock"" with the Jackson County Chamber of Commerce at The NayBours! The room was packed, the networking was amazing and so was the staff and atmosphere. If you get a chance go check them out and support a great local spot!",,context,Uncategorized and General Portfolio,False,
56,1782142202,2026-06-22 11:30 AM EDT,media/1443902344430712.jpg,this_profile's_activity_across_facebook/posts/media/Mobileuploads_624264343061187/1443902344430712.jpg,Mobile uploads,Whimsy added 2 new photos.,"Great morning with Jessica Bates-Wimpy at Jackson Coffee Company! We talked all about whats happening in the community, opportunities for impact, economic development and so much more! I love meeting with other passionate locals, what a great way to start the day!",,context,Uncategorized and General Portfolio,False,"] —s \ jt &, Sh — G DS OF Q A bate moka vol sr dt eee \#) =e sy aN"
57,1782142202,2026-06-22 11:30 AM EDT,media/1443902394430707.jpg,this_profile's_activity_across_facebook/posts/media/Mobileuploads_624264343061187/1443902394430707.jpg,Mobile uploads,Whimsy added 2 new photos.,"Great morning with Jessica Bates-Wimpy at Jackson Coffee Company! We talked all about whats happening in the community, opportunities for impact, economic development and so much more! I love meeting with other passionate locals, what a great way to start the day!",,context,Uncategorized and General Portfolio,False,
58,1781885339,2026-06-19 12:08 PM EDT,media/1441182931369320.jpg,this_profile's_activity_across_facebook/posts/media/Mobileuploads_624264343061187/1441182931369320.jpg,Mobile uploads,Whimsy added a new photo.,"Fox Candles car scents are amazing! Finally due for a change after months of use! My first scent was Green Apple and I loved it but i'm so excited for ""love spell"" it smells just like my favorite perfume! Stop by and see her at The Jackson Crossing Mall and grab yourself one!","@[61569705178220:2048:Fox Candles] car scents are amazing! Finally due for a change after months of use! My first scent was Green Apple and I loved it but i'm so excited for ""love spell"" it smells just like my favorite perfume! Stop by and see her at @[100089025150970:2048:The Jackson Crossing Mall] and grab yourself one!",context,Jackson Crossing Community Events,False,
59,1781808992,2026-06-18 02:56 PM EDT,media/1440434931444120.jpg,this_profile's_activity_across_facebook/posts/media/Mobileuploads_624264343061187/1440434931444120.jpg,Mobile uploads,Whimsy added 3 new photos.,Whimsy owner Kay Pickett is in another exhibit at Art 634! This exhibit features Fiber Arts of all kind and the talent displayed in this exhibit is incredible. If you’re a local artist and would like to submit a piece check out their website and see whats next!,,context,Uncategorized and General Portfolio,False,
60,1781808992,2026-06-18 02:56 PM EDT,media/1440434971444116.jpg,this_profile's_activity_across_facebook/posts/media/Mobileuploads_624264343061187/1440434971444116.jpg,Mobile uploads,Whimsy added 3 new photos.,Whimsy owner Kay Pickett is in another exhibit at Art 634! This exhibit features Fiber Arts of all kind and the talent displayed in this exhibit is incredible. If you’re a local artist and would like to submit a piece check out their website and see whats next!,,context,Uncategorized and General Portfolio,False,
61,1781808992,2026-06-18 02:56 PM EDT,media/1440442441443369.jpg,this_profile's_activity_across_facebook/posts/media/Mobileuploads_624264343061187/1440442441443369.jpg,Mobile uploads,Whimsy added 3 new photos.,Whimsy owner Kay Pickett is in another exhibit at Art 634! This exhibit features Fiber Arts of all kind and the talent displayed in this exhibit is incredible. If you’re a local artist and would like to submit a piece check out their website and see whats next!,,context,Uncategorized and General Portfolio,False,"Mh at LE Re ¥ . sk iG me SO on Dial ae Wi ae aye RY. Se a es, SN We AS RE Be S Sh ee ie apes: Sat Rese <r en si 2S pmmee ae IR ais Sonn e os = set 2) os race rf ce NS Rees 3 ee os) oe aoe ah et x a ae Ent = ra ~~ Tete re ae SS ot ee is eas pe Ses’ wit tee Fr. pie hy) ud pc ees as Ss kets > pe SS: ee Ne. he ¢ oe 2 ache a ve RES REO a 2a ant we a vee aa 3 Kone oe es ptt Mem wu Lag '] oe = | eS os The Tallest =) Kay Pickett Felting oe 6.5""x 8.5"" Sa oS NFS * ae ART 634 Ps Pk sof <> sa] es, = re"
62,1781566252,2026-06-15 07:30 PM EDT,media/1437973818356898.jpg,this_profile's_activity_across_facebook/posts/media/Mobileuploads_624264343061187/1437973818356898.jpg,Mobile uploads,Whimsy added 2 new photos.,"Another great evening with the incredible team at Serenity Sober Living House for a consult and training session! We covered everything from fundraising and advertising to community presence, local resources, partnerships, collaborations, and more. The conversation sparked so many exciting ideas, and we wrapped up the night with our wheels turning and a clear path toward putting those ideas into action. Looking forward to seeing all the amazing things ahead!",,context,Uncategorized and General Portfolio,False,
63,1781566252,2026-06-15 07:30 PM EDT,media/1437973855023561.jpg,this_profile's_activity_across_facebook/posts/media/Mobileuploads_624264343061187/1437973855023561.jpg,Mobile uploads,Whimsy added 2 new photos.,"Another great evening with the incredible team at Serenity Sober Living House for a consult and training session! We covered everything from fundraising and advertising to community presence, local resources, partnerships, collaborations, and more. The conversation sparked so many exciting ideas, and we wrapped up the night with our wheels turning and a clear path toward putting those ideas into action. Looking forward to seeing all the amazing things ahead!",,context,Uncategorized and General Portfolio,False,
64,1781381135,2026-06-13 04:05 PM EDT,media/1436086908545589.jpg,this_profile's_activity_across_facebook/posts/media/Mobileuploads_624264343061187/1436086908545589.jpg,Mobile uploads,Whimsy added 4 new photos.,What a wonderful day at The Jackson Crossing Mall with Miss Crossroads and Teen ! Thank you for coming out and supporting this amazing community event and good luck in your upcoming endeavors! Were rooting for you!,,promotion,Jackson Crossing Community Events,False,"LD ae Mf oN ed a —_£ 1AM —— Boy \ i> om ly fA) ae @ lj YTTR? av a Mf fe 4 “Ga ah BUNS “ = We y ZA, | % A tp A % ¥ 2 NY = r7) Loy, eB, ‘| | — = \"
65,1781381135,2026-06-13 04:05 PM EDT,media/1436089745211972.jpg,this_profile's_activity_across_facebook/posts/media/Mobileuploads_624264343061187/1436089745211972.jpg,Mobile uploads,Whimsy added 4 new photos.,What a wonderful day at The Jackson Crossing Mall with Miss Crossroads and Teen ! Thank you for coming out and supporting this amazing community event and good luck in your upcoming endeavors! Were rooting for you!,,promotion,Jackson Crossing Community Events,False,"Klatt ""i; ies | os iN a. iQ _ ye ® ‘4 chs = /] 3 sy 2h a. \\. Le, 4. aw| / We - Ka }, \* > yV iy MN o~ (= oo (8, | So, \ > ~b"
66,1781381135,2026-06-13 04:05 PM EDT,media/1436089791878634.jpg,this_profile's_activity_across_facebook/posts/media/Mobileuploads_624264343061187/1436089791878634.jpg,Mobile uploads,Whimsy added 4 new photos.,What a wonderful day at The Jackson Crossing Mall with Miss Crossroads and Teen ! Thank you for coming out and supporting this amazing community event and good luck in your upcoming endeavors! Were rooting for you!,,promotion,Jackson Crossing Community Events,False,"i eet eho Yas = mm aa mig Ma O01 at ‘ti L500 iN | Wes prey ated aif id ae — —s= » ge < & af A % — Rms, Wag"
67,1781381135,2026-06-13 04:05 PM EDT,media/1436089858545294.jpg,this_profile's_activity_across_facebook/posts/media/Mobileuploads_624264343061187/1436089858545294.jpg,Mobile uploads,Whimsy added 4 new photos.,What a wonderful day at The Jackson Crossing Mall with Miss Crossroads and Teen ! Thank you for coming out and supporting this amazing community event and good luck in your upcoming endeavors! Were rooting for you!,,promotion,Jackson Crossing Community Events,False,"=a | Rs ij Hes ¢ bl] | LD Ne) meee 1 HI> Ss a NN Nh Je | HF i oe es SS N NM vay. idl ee a. See N ee os sy ee 5 5 Ry Ss G ee ES, So eo oS mas oy a Aros = Ma ee oe = Bose ag 3 et ay Gis as HESS 3 = © ous TAPS me el a"
68,1781183300,2026-06-11 09:08 AM EDT,media/1434060045414942.jpg,this_profile's_activity_across_facebook/posts/media/Mobileuploads_624264343061187/1434060045414942.jpg,Mobile uploads,Whimsy added 6 new photos.,"What a wonderful morning with the Jackson County Chamber of Commerce Wake Up Jackson for their last breakfast before summer! It was great hearing Jacob Inocencio share more about Grow Jackson , the River and Rail Food Hub, and all the incredible work they're doing in our community. And a special shoutout to SOAR Café & Farms for the delicious catering! Always a great way to start the day while connecting with so many amazing people.",,context,Uncategorized and General Portfolio,False,
69,1781183300,2026-06-11 09:08 AM EDT,media/1434060102081603.jpg,this_profile's_activity_across_facebook/posts/media/Mobileuploads_624264343061187/1434060102081603.jpg,Mobile uploads,Whimsy added 6 new photos.,"What a wonderful morning with the Jackson County Chamber of Commerce Wake Up Jackson for their last breakfast before summer! It was great hearing Jacob Inocencio share more about Grow Jackson , the River and Rail Food Hub, and all the incredible work they're doing in our community. And a special shoutout to SOAR Café & Farms for the delicious catering! Always a great way to start the day while connecting with so many amazing people.",,context,Uncategorized and General Portfolio,False,
70,1781183300,2026-06-11 09:08 AM EDT,media/1434060182081595.jpg,this_profile's_activity_across_facebook/posts/media/Mobileuploads_624264343061187/1434060182081595.jpg,Mobile uploads,Whimsy added 6 new photos.,"What a wonderful morning with the Jackson County Chamber of Commerce Wake Up Jackson for their last breakfast before summer! It was great hearing Jacob Inocencio share more about Grow Jackson , the River and Rail Food Hub, and all the incredible work they're doing in our community. And a special shoutout to SOAR Café & Farms for the delicious catering! Always a great way to start the day while connecting with so many amazing people.",,context,Uncategorized and General Portfolio,False,
71,1781183300,2026-06-11 09:08 AM EDT,media/1434060252081588.jpg,this_profile's_activity_across_facebook/posts/media/Mobileuploads_624264343061187/1434060252081588.jpg,Mobile uploads,Whimsy added 6 new photos.,"What a wonderful morning with the Jackson County Chamber of Commerce Wake Up Jackson for their last breakfast before summer! It was great hearing Jacob Inocencio share more about Grow Jackson , the River and Rail Food Hub, and all the incredible work they're doing in our community. And a special shoutout to SOAR Café & Farms for the delicious catering! Always a great way to start the day while connecting with so many amazing people.",,context,Uncategorized and General Portfolio,False,————EEEEEE_—_— -« * = mudi ATT aa — ~—Sz @ By —— \ - J} | aay AN \
72,1781183300,2026-06-11 09:08 AM EDT,media/1434060338748246.jpg,this_profile's_activity_across_facebook/posts/media/Mobileuploads_624264343061187/1434060338748246.jpg,Mobile uploads,Whimsy added 6 new photos.,"What a wonderful morning with the Jackson County Chamber of Commerce Wake Up Jackson for their last breakfast before summer! It was great hearing Jacob Inocencio share more about Grow Jackson , the River and Rail Food Hub, and all the incredible work they're doing in our community. And a special shoutout to SOAR Café & Farms for the delicious catering! Always a great way to start the day while connecting with so many amazing people.",,context,Uncategorized and General Portfolio,False,
73,1781183300,2026-06-11 09:08 AM EDT,media/1434060412081572.jpg,this_profile's_activity_across_facebook/posts/media/Mobileuploads_624264343061187/1434060412081572.jpg,Mobile uploads,Whimsy added 6 new photos.,"What a wonderful morning with the Jackson County Chamber of Commerce Wake Up Jackson for their last breakfast before summer! It was great hearing Jacob Inocencio share more about Grow Jackson , the River and Rail Food Hub, and all the incredible work they're doing in our community. And a special shoutout to SOAR Café & Farms for the delicious catering! Always a great way to start the day while connecting with so many amazing people.",,context,Uncategorized and General Portfolio,False,
74,1781029550,2026-06-09 02:25 PM EDT,media/1432439228910357.jpg,this_profile's_activity_across_facebook/posts/media/Mobileuploads_624264343061187/1432439228910357.jpg,Mobile uploads,Whimsy added 2 new photos.,"Special thanks to Sean Graney with Channel 6 for stopping by to talk about whats happening in the halls of The Jackson Crossing Mall, Cascades Humane Society - Jackson, MI, their new additional location and the upcoming Community Day in the halls June 13th! Stop by and check it out!",,promotion,Jackson Crossing Community Events,False,— —_— ee CUT TEA ie GARAGE SL BY MED _§_§}___#____} BR — ___
75,1781029550,2026-06-09 02:25 PM EDT,media/1432439262243687.jpg,this_profile's_activity_across_facebook/posts/media/Mobileuploads_624264343061187/1432439262243687.jpg,Mobile uploads,Whimsy added 2 new photos.,"Special thanks to Sean Graney with Channel 6 for stopping by to talk about whats happening in the halls of The Jackson Crossing Mall, Cascades Humane Society - Jackson, MI, their new additional location and the upcoming Community Day in the halls June 13th! Stop by and check it out!",,promotion,Jackson Crossing Community Events,False,y/ all hy Vv ny e € ¢ & & 4 ¢ 6 8 e ow ws € SS € * ® \e s € ¢ ‘% = @ a <¢€ = \\ s en SF
76,1780507459,2026-06-03 01:24 PM EDT,media/1426887029465577.jpg,this_profile's_activity_across_facebook/posts/media/Mobileuploads_624264343061187/1426887029465577.jpg,Mobile uploads,Whimsy added 6 new photos.,"Huge Congratulations to Cascades Humane Society - Jackson, MI for their Ribbon cutting with the Jackson County Chamber of Commerce at The Jackson Crossing Mall today! What an incredible turn out!",,context,Jackson Crossing Grand Openings | Jackson Crossing Community Events,False,Cm S. Zl U MW Se | Ca .— ye ae ee HUMANE SOCIETY cal i Se Wi | a — p= Sos a A
77,1780507459,2026-06-03 01:24 PM EDT,media/1426887109465569.jpg,this_profile's_activity_across_facebook/posts/media/Mobileuploads_624264343061187/1426887109465569.jpg,Mobile uploads,Whimsy added 6 new photos.,"Huge Congratulations to Cascades Humane Society - Jackson, MI for their Ribbon cutting with the Jackson County Chamber of Commerce at The Jackson Crossing Mall today! What an incredible turn out!",,context,Jackson Crossing Grand Openings | Jackson Crossing Community Events,False,
78,1780507459,2026-06-03 01:24 PM EDT,media/1426887206132226.jpg,this_profile's_activity_across_facebook/posts/media/Mobileuploads_624264343061187/1426887206132226.jpg,Mobile uploads,Whimsy added 6 new photos.,"Huge Congratulations to Cascades Humane Society - Jackson, MI for their Ribbon cutting with the Jackson County Chamber of Commerce at The Jackson Crossing Mall today! What an incredible turn out!",,context,Jackson Crossing Grand Openings | Jackson Crossing Community Events,False,
79,1780507459,2026-06-03 01:24 PM EDT,media/1426887249465555.jpg,this_profile's_activity_across_facebook/posts/media/Mobileuploads_624264343061187/1426887249465555.jpg,Mobile uploads,Whimsy added 6 new photos.,"Huge Congratulations to Cascades Humane Society - Jackson, MI for their Ribbon cutting with the Jackson County Chamber of Commerce at The Jackson Crossing Mall today! What an incredible turn out!",,context,Jackson Crossing Grand Openings | Jackson Crossing Community Events,False,
80,1780507459,2026-06-03 01:24 PM EDT,media/1426887299465550.jpg,this_profile's_activity_across_facebook/posts/media/Mobileuploads_624264343061187/1426887299465550.jpg,Mobile uploads,Whimsy added 6 new photos.,"Huge Congratulations to Cascades Humane Society - Jackson, MI for their Ribbon cutting with the Jackson County Chamber of Commerce at The Jackson Crossing Mall today! What an incredible turn out!",,context,Jackson Crossing Grand Openings | Jackson Crossing Community Events,False,
81,1780507459,2026-06-03 01:24 PM EDT,media/1426887362798877.jpg,this_profile's_activity_across_facebook/posts/media/Mobileuploads_624264343061187/1426887362798877.jpg,Mobile uploads,Whimsy added 6 new photos.,"Huge Congratulations to Cascades Humane Society - Jackson, MI for their Ribbon cutting with the Jackson County Chamber of Commerce at The Jackson Crossing Mall today! What an incredible turn out!",,context,Jackson Crossing Grand Openings | Jackson Crossing Community Events,False,"“i 1G S eS o Se Tht sie Possible ' CA RAGE ‘SOLUTIONS RTEINKECFENTON Se we JETIS LL Gps Leth BS Ray SS e ee sas 5, Be, Le Sn} Se nS Ro ba Lez gp 4 8 ose"
82,1780485340,2026-06-03 07:15 AM EDT,media/1426596552827958.jpg,this_profile's_activity_across_facebook/posts/media/Mobileuploads_624264343061187/1426596552827958.jpg,Mobile uploads,Whimsy added a new photo.,"Join us TODAY for a Special Ribbon Cutting Celebration! The Jackson Crossing Mall is proud to officially welcome Cascades Humane Society - Jackson, MI to their new location inside our halls! Join us as we celebrate this exciting new chapter with a special ribbon cutting ceremony and community open house. Event Schedule: ✂️ Ribbon Cutting: 12:30 PM Jackson County Chamber of Commerce 🏠 Open House: 12:30–2:30 PM 🐶 Adoptions & Pet Viewing: Open until 6:00 PM Hope to see you there!","Join us TODAY for a Special Ribbon Cutting Celebration! @[100089025150970:2048:The Jackson Crossing Mall] is proud to officially welcome @[61570388087109:2048:Cascades Humane Society - Jackson, MI] to their new location inside our halls! Join us as we celebrate this exciting new chapter with a special ribbon cutting ceremony and community open house. Event Schedule: ✂️ Ribbon Cutting: 12:30 PM @[100064734216692:2048:Jackson County Chamber of Commerce] 🏠 Open House: 12:30–2:30 PM 🐶 Adoptions & Pet Viewing: Open until 6:00 PM Hope to see you there!",promotion,Jackson Crossing Grand Openings | Jackson Crossing Community Events,False,"Seo Votes nes chi @ Bs: ane ae a a one etek ek Cascades Human ti a pas pene ioe a ie ee rd s oan: ep une 3 at a es a Sy > om a ie mb le S eh ae wy yo ee e Me QD GC af eH, es Fat Cascades Huma: ciel — J ips aoe a a aN Be coh a 1."
83,1780446617,2026-06-02 08:30 PM EDT,media/1426187519535528.jpg,this_profile's_activity_across_facebook/posts/media/Mobileuploads_624264343061187/1426187519535528.jpg,Mobile uploads,Whimsy added a new photo.,"Looking forward to having another piece in Art 634 Fiber Arts Show! If you're in the Jackson area, be sure to stop by and check it out. There are so many talented artists on display, and you've got plenty of time to visit!","Looking forward to having another piece in @[100028875476531:2048:Art 634] Fiber Arts Show! If you're in the Jackson area, be sure to stop by and check it out. There are so many talented artists on display, and you've got plenty of time to visit!",context,Uncategorized and General Portfolio,False,
84,1779808739,2026-05-26 11:18 AM EDT,media/1419454073542206.jpg,this_profile's_activity_across_facebook/posts/media/Mobileuploads_624264343061187/1419454073542206.jpg,Mobile uploads,Whimsy added 2 new photos.,"Sometimes impact starts in a quiet office. Excited for the upcoming Community day with The Jackson Crossing Mall on June 13th! Can't wait for a day full of fun, food and community resources!",,promotion,Jackson Crossing Community Events,False,"~ \ {/ me NN, si yy (7 (7 1% 4\'\ | (|"
85,1779808739,2026-05-26 11:18 AM EDT,media/1419454116875535.jpg,this_profile's_activity_across_facebook/posts/media/Mobileuploads_624264343061187/1419454116875535.jpg,Mobile uploads,Whimsy added 2 new photos.,"Sometimes impact starts in a quiet office. Excited for the upcoming Community day with The Jackson Crossing Mall on June 13th! Can't wait for a day full of fun, food and community resources!",,promotion,Jackson Crossing Community Events,False,"= “AS/ k Sy So ey it N AprO | “=. — Stay | “2 Y r a /; \ —% = et RE = ay a; te, = ae =a Pe me as = ts) = as = fod oe. a ee cas es Gat ei, pat ions ee Zs aa C. = ee! faa a pst oe Bn. et ee of oe ws % oa See: ow oe e Ai ie"
86,1779480606,2026-05-22 04:10 PM EDT,media/1416300217190925.jpg,this_profile's_activity_across_facebook/posts/media/Mobileuploads_624264343061187/1416300217190925.jpg,Mobile uploads,Whimsy added 3 new photos.,"Loved getting the chance to sit down with Nicole from Serenity Sober Living House today and chat about all kinds of ideas and opportunities! We covered everything from fundraising and trainings to marketing, branding, media, administration, and more. It’s exciting to see all the things they’re working on to make a real impact in our community. If you or someone you know could use addiction recovery resources, definitely reach out to them and give them a follow! Big thank you to the Jackson County Chamber of Commerce for creating networking opportunities that brought this partnership together!",,context,Uncategorized and General Portfolio,False,aN lq (Ls os 2 ih.
87,1779480606,2026-05-22 04:10 PM EDT,media/1416300243857589.jpg,this_profile's_activity_across_facebook/posts/media/Mobileuploads_624264343061187/1416300243857589.jpg,Mobile uploads,Whimsy added 3 new photos.,"Loved getting the chance to sit down with Nicole from Serenity Sober Living House today and chat about all kinds of ideas and opportunities! We covered everything from fundraising and trainings to marketing, branding, media, administration, and more. It’s exciting to see all the things they’re working on to make a real impact in our community. If you or someone you know could use addiction recovery resources, definitely reach out to them and give them a follow! Big thank you to the Jackson County Chamber of Commerce for creating networking opportunities that brought this partnership together!",,context,Uncategorized and General Portfolio,False,
88,1779480606,2026-05-22 04:10 PM EDT,media/1416300270524253.jpg,this_profile's_activity_across_facebook/posts/media/Mobileuploads_624264343061187/1416300270524253.jpg,Mobile uploads,Whimsy added 3 new photos.,"Loved getting the chance to sit down with Nicole from Serenity Sober Living House today and chat about all kinds of ideas and opportunities! We covered everything from fundraising and trainings to marketing, branding, media, administration, and more. It’s exciting to see all the things they’re working on to make a real impact in our community. If you or someone you know could use addiction recovery resources, definitely reach out to them and give them a follow! Big thank you to the Jackson County Chamber of Commerce for creating networking opportunities that brought this partnership together!",,context,Uncategorized and General Portfolio,False,
89,1779401186,2026-05-21 06:06 PM EDT,media/1415487670605513.jpg,this_profile's_activity_across_facebook/posts/media/Mobileuploads_624264343061187/1415487670605513.jpg,Mobile uploads,Whimsy added 9 new photos.,"Fun evening at JAX 60 with my fellow Leadership Jackson Alumni. One of my favorite things about Leadership is the incredible group of peers and friends it’s connected me with and the added bonus of discovering new local spots! If you’re looking for something fun to try locally, I highly recommend them, the food was great too! Big thanks to the alumni who put this together. Such a fun evening!",,context,Uncategorized and General Portfolio,False,
90,1779401186,2026-05-21 06:06 PM EDT,media/1415487723938841.jpg,this_profile's_activity_across_facebook/posts/media/Mobileuploads_624264343061187/1415487723938841.jpg,Mobile uploads,Whimsy added 9 new photos.,"Fun evening at JAX 60 with my fellow Leadership Jackson Alumni. One of my favorite things about Leadership is the incredible group of peers and friends it’s connected me with and the added bonus of discovering new local spots! If you’re looking for something fun to try locally, I highly recommend them, the food was great too! Big thanks to the alumni who put this together. Such a fun evening!",,context,Uncategorized and General Portfolio,False,
91,1779401186,2026-05-21 06:06 PM EDT,media/1415487770605503.jpg,this_profile's_activity_across_facebook/posts/media/Mobileuploads_624264343061187/1415487770605503.jpg,Mobile uploads,Whimsy added 9 new photos.,"Fun evening at JAX 60 with my fellow Leadership Jackson Alumni. One of my favorite things about Leadership is the incredible group of peers and friends it’s connected me with and the added bonus of discovering new local spots! If you’re looking for something fun to try locally, I highly recommend them, the food was great too! Big thanks to the alumni who put this together. Such a fun evening!",,context,Uncategorized and General Portfolio,False,"a7 > ZL ""9 <=> a “e alain te —— — —_ Vaggrvog ORE, we. 6 a = Be, o. dant! = - & a. hd of as Nt Ue ae, "" iy. wo vi a: 7) A SO, \- w . a NO VY © \\\ Mh f ""Sh"
92,1779401186,2026-05-21 06:06 PM EDT,media/1415487850605495.jpg,this_profile's_activity_across_facebook/posts/media/Mobileuploads_624264343061187/1415487850605495.jpg,Mobile uploads,Whimsy added 9 new photos.,"Fun evening at JAX 60 with my fellow Leadership Jackson Alumni. One of my favorite things about Leadership is the incredible group of peers and friends it’s connected me with and the added bonus of discovering new local spots! If you’re looking for something fun to try locally, I highly recommend them, the food was great too! Big thanks to the alumni who put this together. Such a fun evening!",,context,Uncategorized and General Portfolio,False,
93,1779401186,2026-05-21 06:06 PM EDT,media/1415487897272157.jpg,this_profile's_activity_across_facebook/posts/media/Mobileuploads_624264343061187/1415487897272157.jpg,Mobile uploads,Whimsy added 9 new photos.,"Fun evening at JAX 60 with my fellow Leadership Jackson Alumni. One of my favorite things about Leadership is the incredible group of peers and friends it’s connected me with and the added bonus of discovering new local spots! If you’re looking for something fun to try locally, I highly recommend them, the food was great too! Big thanks to the alumni who put this together. Such a fun evening!",,context,Uncategorized and General Portfolio,False,
94,1779401186,2026-05-21 06:06 PM EDT,media/1415487943938819.jpg,this_profile's_activity_across_facebook/posts/media/Mobileuploads_624264343061187/1415487943938819.jpg,Mobile uploads,Whimsy added 9 new photos.,"Fun evening at JAX 60 with my fellow Leadership Jackson Alumni. One of my favorite things about Leadership is the incredible group of peers and friends it’s connected me with and the added bonus of discovering new local spots! If you’re looking for something fun to try locally, I highly recommend them, the food was great too! Big thanks to the alumni who put this together. Such a fun evening!",,context,Uncategorized and General Portfolio,False,
95,1779401186,2026-05-21 06:06 PM EDT,media/1415487997272147.jpg,this_profile's_activity_across_facebook/posts/media/Mobileuploads_624264343061187/1415487997272147.jpg,Mobile uploads,Whimsy added 9 new photos.,"Fun evening at JAX 60 with my fellow Leadership Jackson Alumni. One of my favorite things about Leadership is the incredible group of peers and friends it’s connected me with and the added bonus of discovering new local spots! If you’re looking for something fun to try locally, I highly recommend them, the food was great too! Big thanks to the alumni who put this together. Such a fun evening!",,context,Uncategorized and General Portfolio,False,
96,1779401186,2026-05-21 06:06 PM EDT,media/1415488043938809.jpg,this_profile's_activity_across_facebook/posts/media/Mobileuploads_624264343061187/1415488043938809.jpg,Mobile uploads,Whimsy added 9 new photos.,"Fun evening at JAX 60 with my fellow Leadership Jackson Alumni. One of my favorite things about Leadership is the incredible group of peers and friends it’s connected me with and the added bonus of discovering new local spots! If you’re looking for something fun to try locally, I highly recommend them, the food was great too! Big thanks to the alumni who put this together. Such a fun evening!",,context,Uncategorized and General Portfolio,False,"A0d Tot. | cose Zia, 07 Tot ANDRE” 3 7-§1 17-2 —-_] LORD a : Gg lO 31.6. ba Sa ye 171 MIKE DUOGAN OROPS OUT OF GOVERNOR'S = Team to 108 108 a. — \\) AS \\\ 4 4 Nes \ Se,"
97,1779401186,2026-05-21 06:06 PM EDT,media/1415488090605471.jpg,this_profile's_activity_across_facebook/posts/media/Mobileuploads_624264343061187/1415488090605471.jpg,Mobile uploads,Whimsy added 9 new photos.,"Fun evening at JAX 60 with my fellow Leadership Jackson Alumni. One of my favorite things about Leadership is the incredible group of peers and friends it’s connected me with and the added bonus of discovering new local spots! If you’re looking for something fun to try locally, I highly recommend them, the food was great too! Big thanks to the alumni who put this together. Such a fun evening!",,context,Uncategorized and General Portfolio,False,
98,1779299371,2026-05-20 01:49 PM EDT,media/1414463260707954.jpg,this_profile's_activity_across_facebook/posts/media/Mobileuploads_624264343061187/1414463260707954.jpg,Mobile uploads,Whimsy added a new photo.,"Really enjoying our local Jackson County Chamber of Commerce and everything they do for the community. Started my afternoon at the Jackson County Events & Festivals meeting, and I always leave these meetings with new ideas, fresh inspiration, and a better perspective on how to grow what I’m already doing with more intention and success. If you’re not part of the Chamber yet, I definitely recommend joining. And if you are a member but haven’t been attending meetings or events, get involved! There’s so much value in connecting with other local people and businesses. Such a great meeting today!","Really enjoying our local @[100064734216692:2048:Jackson County Chamber of Commerce] and everything they do for the community. Started my afternoon at the Jackson County Events & Festivals meeting, and I always leave these meetings with new ideas, fresh inspiration, and a better perspective on how to grow what I’m already doing with more intention and success. If you’re not part of the Chamber yet, I definitely recommend joining. And if you are a member but haven’t been attending meetings or events, get involved! There’s so much value in connecting with other local people and businesses. Such a great meeting today!",promotion,Uncategorized and General Portfolio,False,"Gp, 4 Y YW Y I LE. A LYE Be Og THES YA ep GF LE, A -- ZA ZZ A; CLF lig Cees Sl aue LE 24 TA, TA, ig ZO“ oe || ff 22 A f 0 a7 cw fy es = // Sa — os & = “Al TUT a8 ~=| <t | fy Ih gPpN ‘Uf | re <<"
99,1778714694,2026-05-13 07:24 PM EDT,media/1408176211336659.jpg,this_profile's_activity_across_facebook/posts/media/Mobileuploads_624264343061187/1408176211336659.jpg,Mobile uploads,Whimsy added 7 new photos.,"Thanks to SOAR Café & Farms for hosting ""Off the Clock"" and the after party for Impact day with the Jackson County Chamber of Commerce this evening! The place was packed, networking took place and impact was made! What an awesome day!",,context,Uncategorized and General Portfolio,False,
100,1778714694,2026-05-13 07:24 PM EDT,media/1408176248003322.jpg,this_profile's_activity_across_facebook/posts/media/Mobileuploads_624264343061187/1408176248003322.jpg,Mobile uploads,Whimsy added 7 new photos.,"Thanks to SOAR Café & Farms for hosting ""Off the Clock"" and the after party for Impact day with the Jackson County Chamber of Commerce this evening! The place was packed, networking took place and impact was made! What an awesome day!",,context,Uncategorized and General Portfolio,False,
101,1778714694,2026-05-13 07:24 PM EDT,media/1408176294669984.jpg,this_profile's_activity_across_facebook/posts/media/Mobileuploads_624264343061187/1408176294669984.jpg,Mobile uploads,Whimsy added 7 new photos.,"Thanks to SOAR Café & Farms for hosting ""Off the Clock"" and the after party for Impact day with the Jackson County Chamber of Commerce this evening! The place was packed, networking took place and impact was made! What an awesome day!",,context,Uncategorized and General Portfolio,False,= eo Rac &! | f b aun’ rY al in u we \ Wa pa Cid < ee a. a Sete Lhe SEE see cae NN -—? na Fate MY ay) ah th lg es oh nd
102,1778714694,2026-05-13 07:24 PM EDT,media/1408176338003313.jpg,this_profile's_activity_across_facebook/posts/media/Mobileuploads_624264343061187/1408176338003313.jpg,Mobile uploads,Whimsy added 7 new photos.,"Thanks to SOAR Café & Farms for hosting ""Off the Clock"" and the after party for Impact day with the Jackson County Chamber of Commerce this evening! The place was packed, networking took place and impact was made! What an awesome day!",,context,Uncategorized and General Portfolio,False,
103,1778714694,2026-05-13 07:24 PM EDT,media/1408176404669973.jpg,this_profile's_activity_across_facebook/posts/media/Mobileuploads_624264343061187/1408176404669973.jpg,Mobile uploads,Whimsy added 7 new photos.,"Thanks to SOAR Café & Farms for hosting ""Off the Clock"" and the after party for Impact day with the Jackson County Chamber of Commerce this evening! The place was packed, networking took place and impact was made! What an awesome day!",,context,Uncategorized and General Portfolio,False,
104,1778714694,2026-05-13 07:24 PM EDT,media/1408176434669970.jpg,this_profile's_activity_across_facebook/posts/media/Mobileuploads_624264343061187/1408176434669970.jpg,Mobile uploads,Whimsy added 7 new photos.,"Thanks to SOAR Café & Farms for hosting ""Off the Clock"" and the after party for Impact day with the Jackson County Chamber of Commerce this evening! The place was packed, networking took place and impact was made! What an awesome day!",,context,Uncategorized and General Portfolio,False,
105,1778714694,2026-05-13 07:24 PM EDT,media/1408176474669966.jpg,this_profile's_activity_across_facebook/posts/media/Mobileuploads_624264343061187/1408176474669966.jpg,Mobile uploads,Whimsy added 7 new photos.,"Thanks to SOAR Café & Farms for hosting ""Off the Clock"" and the after party for Impact day with the Jackson County Chamber of Commerce this evening! The place was packed, networking took place and impact was made! What an awesome day!",,context,Uncategorized and General Portfolio,False,
106,1778694406,2026-05-13 01:46 PM EDT,media/1407980998022847.jpg,this_profile's_activity_across_facebook/posts/media/Mobileuploads_624264343061187/1407980998022847.jpg,Mobile uploads,Whimsy added 5 new photos.,"Hopped on to the next activity for Community Impact Day with Grow Jackson and River & Rail! We worked on plant beds, mulch, compost, and so much more. It’s incredible to see what can be accomplished when a large group of people comes together for the community. So happy to be a part of it and spend the day making an impact alongside so many amazing people! Shout out to Jacob and Dodi for coordinating so many voulenteers!",,context,Uncategorized and General Portfolio,False,"LE \ 1! », Ze EZ Be FEE) I i pil Ess it wt ZZ wil a in —¢ wl ii "" Hy Mm WW 5. I reer TR Ss ers re Rik Ae rats os AL CAG =u = > ex CPSP y Ay sos. 2% “bs, be. ae ao errr Se ~ eS. Beno EAD Ss Sore =a 73 ey <3 Ae Rae ine Ds. he 358 = Yes ~ SEN ) ae = ‘ia ig Sse So big, Bee sl, ar oe, a = eve ~< o, 7 aS kar Nan on ae AM see spots es > SS"
107,1778694406,2026-05-13 01:46 PM EDT,media/1407981244689489.jpg,this_profile's_activity_across_facebook/posts/media/Mobileuploads_624264343061187/1407981244689489.jpg,Mobile uploads,Whimsy added 5 new photos.,"Hopped on to the next activity for Community Impact Day with Grow Jackson and River & Rail! We worked on plant beds, mulch, compost, and so much more. It’s incredible to see what can be accomplished when a large group of people comes together for the community. So happy to be a part of it and spend the day making an impact alongside so many amazing people! Shout out to Jacob and Dodi for coordinating so many voulenteers!",,context,Uncategorized and General Portfolio,False,
108,1778694406,2026-05-13 01:46 PM EDT,media/1407981418022805.jpg,this_profile's_activity_across_facebook/posts/media/Mobileuploads_624264343061187/1407981418022805.jpg,Mobile uploads,Whimsy added 5 new photos.,"Hopped on to the next activity for Community Impact Day with Grow Jackson and River & Rail! We worked on plant beds, mulch, compost, and so much more. It’s incredible to see what can be accomplished when a large group of people comes together for the community. So happy to be a part of it and spend the day making an impact alongside so many amazing people! Shout out to Jacob and Dodi for coordinating so many voulenteers!",,context,Uncategorized and General Portfolio,False,
109,1778694406,2026-05-13 01:46 PM EDT,media/1407981584689455.jpg,this_profile's_activity_across_facebook/posts/media/Mobileuploads_624264343061187/1407981584689455.jpg,Mobile uploads,Whimsy added 5 new photos.,"Hopped on to the next activity for Community Impact Day with Grow Jackson and River & Rail! We worked on plant beds, mulch, compost, and so much more. It’s incredible to see what can be accomplished when a large group of people comes together for the community. So happy to be a part of it and spend the day making an impact alongside so many amazing people! Shout out to Jacob and Dodi for coordinating so many voulenteers!",,context,Uncategorized and General Portfolio,False,
110,1778694406,2026-05-13 01:46 PM EDT,media/1407982324689381.jpg,this_profile's_activity_across_facebook/posts/media/Mobileuploads_624264343061187/1407982324689381.jpg,Mobile uploads,Whimsy added 5 new photos.,"Hopped on to the next activity for Community Impact Day with Grow Jackson and River & Rail! We worked on plant beds, mulch, compost, and so much more. It’s incredible to see what can be accomplished when a large group of people comes together for the community. So happy to be a part of it and spend the day making an impact alongside so many amazing people! Shout out to Jacob and Dodi for coordinating so many voulenteers!",,context,Uncategorized and General Portfolio,False,
111,1778689743,2026-05-13 12:29 PM EDT,media/1407931211361159.jpg,this_profile's_activity_across_facebook/posts/media/Mobileuploads_624264343061187/1407931211361159.jpg,Mobile uploads,Whimsy added 9 new photos.,"Great morning with Serenity Sober Living House for Community Impact Day with the Jackson County Chamber of Commerce Jackson County Chamber of Commerce ! We weeded, planted flowers, edged, built a fire pit, cleared a patio, and so much more. Huge thank you to Jim Hartnett from Harvest Solar for joining me to help knock it all out, and an even bigger thank you to the incredible ladies running this home. Thank you for having us and for all you do for our community, your impact truly matters!",,context,Uncategorized and General Portfolio,False,"Ke: Les ” wis % “ay! tae Ses La A zz ae ve iS of ys ~~ ue i «“t a A é Py coef ao Bes oy Apt gs i Y/if § Wy Ay tes \ A oh er Sa LY, uA g Ae ( \ Nason aye iN Sol eae oy “"
112,1778689743,2026-05-13 12:29 PM EDT,media/1407931274694486.jpg,this_profile's_activity_across_facebook/posts/media/Mobileuploads_624264343061187/1407931274694486.jpg,Mobile uploads,Whimsy added 9 new photos.,"Great morning with Serenity Sober Living House for Community Impact Day with the Jackson County Chamber of Commerce Jackson County Chamber of Commerce ! We weeded, planted flowers, edged, built a fire pit, cleared a patio, and so much more. Huge thank you to Jim Hartnett from Harvest Solar for joining me to help knock it all out, and an even bigger thank you to the incredible ladies running this home. Thank you for having us and for all you do for our community, your impact truly matters!",,context,Uncategorized and General Portfolio,False,
113,1778689743,2026-05-13 12:29 PM EDT,media/1407931354694478.jpg,this_profile's_activity_across_facebook/posts/media/Mobileuploads_624264343061187/1407931354694478.jpg,Mobile uploads,Whimsy added 9 new photos.,"Great morning with Serenity Sober Living House for Community Impact Day with the Jackson County Chamber of Commerce Jackson County Chamber of Commerce ! We weeded, planted flowers, edged, built a fire pit, cleared a patio, and so much more. Huge thank you to Jim Hartnett from Harvest Solar for joining me to help knock it all out, and an even bigger thank you to the incredible ladies running this home. Thank you for having us and for all you do for our community, your impact truly matters!",,context,Uncategorized and General Portfolio,False,
114,1778689743,2026-05-13 12:29 PM EDT,media/1407931418027805.jpg,this_profile's_activity_across_facebook/posts/media/Mobileuploads_624264343061187/1407931418027805.jpg,Mobile uploads,Whimsy added 9 new photos.,"Great morning with Serenity Sober Living House for Community Impact Day with the Jackson County Chamber of Commerce Jackson County Chamber of Commerce ! We weeded, planted flowers, edged, built a fire pit, cleared a patio, and so much more. Huge thank you to Jim Hartnett from Harvest Solar for joining me to help knock it all out, and an even bigger thank you to the incredible ladies running this home. Thank you for having us and for all you do for our community, your impact truly matters!",,context,Uncategorized and General Portfolio,False,
115,1778689743,2026-05-13 12:29 PM EDT,media/1407931501361130.jpg,this_profile's_activity_across_facebook/posts/media/Mobileuploads_624264343061187/1407931501361130.jpg,Mobile uploads,Whimsy added 9 new photos.,"Great morning with Serenity Sober Living House for Community Impact Day with the Jackson County Chamber of Commerce Jackson County Chamber of Commerce ! We weeded, planted flowers, edged, built a fire pit, cleared a patio, and so much more. Huge thank you to Jim Hartnett from Harvest Solar for joining me to help knock it all out, and an even bigger thank you to the incredible ladies running this home. Thank you for having us and for all you do for our community, your impact truly matters!",,context,Uncategorized and General Portfolio,False,
116,1778689743,2026-05-13 12:29 PM EDT,media/1407931568027790.jpg,this_profile's_activity_across_facebook/posts/media/Mobileuploads_624264343061187/1407931568027790.jpg,Mobile uploads,Whimsy added 9 new photos.,"Great morning with Serenity Sober Living House for Community Impact Day with the Jackson County Chamber of Commerce Jackson County Chamber of Commerce ! We weeded, planted flowers, edged, built a fire pit, cleared a patio, and so much more. Huge thank you to Jim Hartnett from Harvest Solar for joining me to help knock it all out, and an even bigger thank you to the incredible ladies running this home. Thank you for having us and for all you do for our community, your impact truly matters!",,context,Uncategorized and General Portfolio,False,"gg “ey. re) y rh a) Nee oh ~ fhe Bee ye: ee) Psnr% ee bid Ps SANE oa aN a e ay 2 “, wi kin f Po “4 as cos ms Ls: a 4», ¥. ~he & wee Pag tf Jae = eS ay ©. afer, =~ & atin ir ‘ ‘\ wh =~ _ BP AS sae ts A Pp TE 4. =H! a) a> pee iia =a a aw Fa. aN CS. ise. = Ay ve se: 4 Fe A Fah cae ws hae Pe = a Red of a ie sy ay ee fa Fa + moi Paste ae ie Stim ba fas ~ s State Ae ae See 4 tate TE ha AS"
117,1778689743,2026-05-13 12:29 PM EDT,media/1407931661361114.jpg,this_profile's_activity_across_facebook/posts/media/Mobileuploads_624264343061187/1407931661361114.jpg,Mobile uploads,Whimsy added 9 new photos.,"Great morning with Serenity Sober Living House for Community Impact Day with the Jackson County Chamber of Commerce Jackson County Chamber of Commerce ! We weeded, planted flowers, edged, built a fire pit, cleared a patio, and so much more. Huge thank you to Jim Hartnett from Harvest Solar for joining me to help knock it all out, and an even bigger thank you to the incredible ladies running this home. Thank you for having us and for all you do for our community, your impact truly matters!",,context,Uncategorized and General Portfolio,False,
118,1778689743,2026-05-13 12:29 PM EDT,media/1407931794694434.jpg,this_profile's_activity_across_facebook/posts/media/Mobileuploads_624264343061187/1407931794694434.jpg,Mobile uploads,Whimsy added 9 new photos.,"Great morning with Serenity Sober Living House for Community Impact Day with the Jackson County Chamber of Commerce Jackson County Chamber of Commerce ! We weeded, planted flowers, edged, built a fire pit, cleared a patio, and so much more. Huge thank you to Jim Hartnett from Harvest Solar for joining me to help knock it all out, and an even bigger thank you to the incredible ladies running this home. Thank you for having us and for all you do for our community, your impact truly matters!",,context,Uncategorized and General Portfolio,False,
119,1778689743,2026-05-13 12:29 PM EDT,media/1407931898027757.jpg,this_profile's_activity_across_facebook/posts/media/Mobileuploads_624264343061187/1407931898027757.jpg,Mobile uploads,Whimsy added 9 new photos.,"Great morning with Serenity Sober Living House for Community Impact Day with the Jackson County Chamber of Commerce Jackson County Chamber of Commerce ! We weeded, planted flowers, edged, built a fire pit, cleared a patio, and so much more. Huge thank you to Jim Hartnett from Harvest Solar for joining me to help knock it all out, and an even bigger thank you to the incredible ladies running this home. Thank you for having us and for all you do for our community, your impact truly matters!",,context,Uncategorized and General Portfolio,False,
120,1778604958,2026-05-12 12:55 PM EDT,media/1407053174782296.jpg,this_profile's_activity_across_facebook/posts/media/Mobileuploads_624264343061187/1407053174782296.jpg,Mobile uploads,Whimsy added a new photo.,"Just picked up my shirt for Community Impact Day with Experience Jackson and the Jackson County Chamber of Commerce! So excited to work with Serenity Sober Living House on their project, and then head straight to ""Off the Clock"" with SOAR Café & Farms immediately after. Tomorrow is going to be a day full of impact, connection, and giving back to our community, can’t wait!","Just picked up my shirt for @[1594695104913032:844:Community Impact Day] with @[100064800633640:2048:Experience Jackson] and the @[100064734216692:2048:Jackson County Chamber of Commerce]! So excited to work with @[100083899375495:2048:Serenity Sober Living House] on their project, and then head straight to ""Off the Clock"" with @[100064709947856:2048:SOAR Café & Farms] immediately after. Tomorrow is going to be a day full of impact, connection, and giving back to our community, can’t wait!",context,Uncategorized and General Portfolio,False,
121,1778350446,2026-05-09 02:14 PM EDT,media/1404420518378895.jpg,this_profile's_activity_across_facebook/posts/media/Mobileuploads_624264343061187/1404420518378895.jpg,Mobile uploads,Whimsy added 10 new photos.,"What a wonderful day exploring for Free Museum Day with Experience Jackson! There were so many amazing museums and exhibits to choose from, and every guide we met was so attentive, knowledgeable, and welcoming. It was incredible seeing our community come together to celebrate art, history, and culture. We are so lucky to have so many great places to explore right here in Jackson, Mi. Such a fun day and already looking forward to next year!",,promotion,Uncategorized and General Portfolio,False,"it non , oF —* “4 f 66 ————— Walker Tavern Historic Site HISTORIC STATE PARK CAMBRIDGE JUNCTION » Brooklyn, MI"
122,1778350446,2026-05-09 02:14 PM EDT,media/1404420571712223.jpg,this_profile's_activity_across_facebook/posts/media/Mobileuploads_624264343061187/1404420571712223.jpg,Mobile uploads,Whimsy added 10 new photos.,"What a wonderful day exploring for Free Museum Day with Experience Jackson! There were so many amazing museums and exhibits to choose from, and every guide we met was so attentive, knowledgeable, and welcoming. It was incredible seeing our community come together to celebrate art, history, and culture. We are so lucky to have so many great places to explore right here in Jackson, Mi. Such a fun day and already looking forward to next year!",,promotion,Uncategorized and General Portfolio,False,"ss hips Maen ae 55 hoie®, ae ¥Y gs Be; (A Uhr e4 Bef \/ ‘ai a ly x iy ie ee 1% “SB. F,: 4% at ~"" oe -e als af toe . ow ’ ~ a yy me by aE = a ee ie F3 EEE = 7b i we fe \i iY) Bee oS Fito, _ liz \\ ty Se TN oR Shih Bess —— et v ie sch —- six Xs n e — zi ss wes g ies ET: ae 7p oe <e see sae See, Meio a a eZ a es ww ie. o Toor, syeee Se eh SAS Zit y hey i oo eo et, oth ae iy BP Ay, es ah sry BE 2 is et OY eae Ae Wi me es wy Hy i +8 ae ‘hiteay aoa i iy ia % ¥ ei VEL a aN ve A ay) a i ies on 34 oS we "
123,1778350446,2026-05-09 02:14 PM EDT,media/1404420631712217.jpg,this_profile's_activity_across_facebook/posts/media/Mobileuploads_624264343061187/1404420631712217.jpg,Mobile uploads,Whimsy added 10 new photos.,"What a wonderful day exploring for Free Museum Day with Experience Jackson! There were so many amazing museums and exhibits to choose from, and every guide we met was so attentive, knowledgeable, and welcoming. It was incredible seeing our community come together to celebrate art, history, and culture. We are so lucky to have so many great places to explore right here in Jackson, Mi. Such a fun day and already looking forward to next year!",,promotion,Uncategorized and General Portfolio,False,4 1 * BY eS eS “90 vw ae Sel ¥@ kip tan rea ie Sid oe Se By % } ee oan “eR ade oe e ; ae. eRe “ & ae fs 4 + Be fh ‘i ia) a oe = ao gas ra mm = vt. a aes 44 es £9 ‘e ag oes oe 8 eae a we By; ee tr es era ae S Sad ce a rie .» Ye ag? fi LA rere IM ewe ac” sage eo ore e . pi %: She’ Saag ay eas Ke
124,1778350446,2026-05-09 02:14 PM EDT,media/1404420685045545.jpg,this_profile's_activity_across_facebook/posts/media/Mobileuploads_624264343061187/1404420685045545.jpg,Mobile uploads,Whimsy added 10 new photos.,"What a wonderful day exploring for Free Museum Day with Experience Jackson! There were so many amazing museums and exhibits to choose from, and every guide we met was so attentive, knowledgeable, and welcoming. It was incredible seeing our community come together to celebrate art, history, and culture. We are so lucky to have so many great places to explore right here in Jackson, Mi. Such a fun day and already looking forward to next year!",,promotion,Uncategorized and General Portfolio,False,"“yi a ate y (ond * RS oe Ved y. a ey ra, | ce AS pote ® ae ® a wR we rt : “5 ag vat Rl Sy] Vegi ann ot Me ‘om, Recht ef fa! A * \ 43 « @: a aa “Ps aha ie) aes 2 Sst * ate Re Eat ‘y te * ANE i oF nS Si ae F sg oe Fy ay owt S\ ¢ Bs a {pe Net oS mF pe Pha ‘fs wf an aed yy. Qi Me NY \, ee iz pie fine ig 04 iy pa fe ox LaF ay \ i bi ve a —— Sa ae — Yes = ae igs Ms Ns ‘ eRe eX aes a6 8 iS mA st ren ony =_—"
125,1778350446,2026-05-09 02:14 PM EDT,media/1404420758378871.jpg,this_profile's_activity_across_facebook/posts/media/Mobileuploads_624264343061187/1404420758378871.jpg,Mobile uploads,Whimsy added 10 new photos.,"What a wonderful day exploring for Free Museum Day with Experience Jackson! There were so many amazing museums and exhibits to choose from, and every guide we met was so attentive, knowledgeable, and welcoming. It was incredible seeing our community come together to celebrate art, history, and culture. We are so lucky to have so many great places to explore right here in Jackson, Mi. Such a fun day and already looking forward to next year!",,promotion,Uncategorized and General Portfolio,False,"awed x Asi oo pics * xs Rieee ake RY ae \\y ae) es xd oe x nh as hi $3 a as eS. canal tat mes eS KY, RES on D~ Ss ‘gf Ae 5% pi Be ray nf eA Zp ae ar Pips? a are ne wR ot a ree = ap Ss eet Aig ve on a > & Ks a sais BS ES We “Site Sa 2 ® Boe Ry tt = Se SF x3 we: AW, VG se eh we 1G a ae Me ey ree a Wes Ry a! s & e ers se Wer Sy 2 ae + ee Mes ae oe pers ‘= & eed ea uw ca ™\ ee Se se na ~ a ee 2. By PES CIT. AOD Sang Ped pater Pi 4 dpe ual i age a4 a SS \ So ie ot men gre 8 = xi fii —s 1 inee ee SS e"
126,1778350446,2026-05-09 02:14 PM EDT,media/1404420818378865.jpg,this_profile's_activity_across_facebook/posts/media/Mobileuploads_624264343061187/1404420818378865.jpg,Mobile uploads,Whimsy added 10 new photos.,"What a wonderful day exploring for Free Museum Day with Experience Jackson! There were so many amazing museums and exhibits to choose from, and every guide we met was so attentive, knowledgeable, and welcoming. It was incredible seeing our community come together to celebrate art, history, and culture. We are so lucky to have so many great places to explore right here in Jackson, Mi. Such a fun day and already looking forward to next year!",,promotion,Uncategorized and General Portfolio,False,#6 ae as Spat a rc a ae oe be 32 ie oS
127,1778350446,2026-05-09 02:14 PM EDT,media/1404420911712189.jpg,this_profile's_activity_across_facebook/posts/media/Mobileuploads_624264343061187/1404420911712189.jpg,Mobile uploads,Whimsy added 10 new photos.,"What a wonderful day exploring for Free Museum Day with Experience Jackson! There were so many amazing museums and exhibits to choose from, and every guide we met was so attentive, knowledgeable, and welcoming. It was incredible seeing our community come together to celebrate art, history, and culture. We are so lucky to have so many great places to explore right here in Jackson, Mi. Such a fun day and already looking forward to next year!",,promotion,Uncategorized and General Portfolio,False,__ ee ree a — Z WA | L \ @ i AB WY Wil Ss — eG! laa = i 4 ————_ 4 E = e i
128,1778350446,2026-05-09 02:14 PM EDT,media/1404420985045515.jpg,this_profile's_activity_across_facebook/posts/media/Mobileuploads_624264343061187/1404420985045515.jpg,Mobile uploads,Whimsy added 10 new photos.,"What a wonderful day exploring for Free Museum Day with Experience Jackson! There were so many amazing museums and exhibits to choose from, and every guide we met was so attentive, knowledgeable, and welcoming. It was incredible seeing our community come together to celebrate art, history, and culture. We are so lucky to have so many great places to explore right here in Jackson, Mi. Such a fun day and already looking forward to next year!",,promotion,Uncategorized and General Portfolio,False,"\ = - bs Poy AW Pp TH T BEC MI | Ny AME ACK: AN * N CO} BEC OMING AMERICAN: * IMMIG NT STORUS THAT BUILT INC KSON COUNTY Mthat * & tte te, aaeaeaknke mot ‘ae | oe fe =e pa 5s 23; we ae on rm ee, “ a ae: "" ” “ ae ” Kx) Bae Sy 7 bi a. sie $8 % ie Oe ees vt as ip ihe te x Sy % hae pe ws si BA. ee et eae ) * ty is hike rie stat TOA Ca ae ies iN es ae ae SU neg Ry ale ie, ce a oy dg ne; @ if Aa"
129,1778350446,2026-05-09 02:14 PM EDT,media/1404421035045510.jpg,this_profile's_activity_across_facebook/posts/media/Mobileuploads_624264343061187/1404421035045510.jpg,Mobile uploads,Whimsy added 10 new photos.,"What a wonderful day exploring for Free Museum Day with Experience Jackson! There were so many amazing museums and exhibits to choose from, and every guide we met was so attentive, knowledgeable, and welcoming. It was incredible seeing our community come together to celebrate art, history, and culture. We are so lucky to have so many great places to explore right here in Jackson, Mi. Such a fun day and already looking forward to next year!",,promotion,Uncategorized and General Portfolio,False,"Dy. ' Cay, LATp \) pL \ be: JAC AR i ro IUB py rH = \ es ACKSON etn 4 so ‘pi =< aie To eo ay \\ Seer jose pes ah Soe Ss = soc SS wi ae = wit re SS = SS = = Seox SS =< See. SS SS SSS re Ss = ik %. us C4 eS Se Se aon si} Sy EN a om ev oe 4 ns ESCH 2 Fe as Se Geis “ o Ci . st ak ve ashy a. ae Ser xe tig. Cin ry, eo Part AN ie: jae As ogy, v4 way iss py Boe a7 ae NAY oh a ae rte SS Sx SN"
130,1778350446,2026-05-09 02:14 PM EDT,media/1404421098378837.jpg,this_profile's_activity_across_facebook/posts/media/Mobileuploads_624264343061187/1404421098378837.jpg,Mobile uploads,Whimsy added 10 new photos.,"What a wonderful day exploring for Free Museum Day with Experience Jackson! There were so many amazing museums and exhibits to choose from, and every guide we met was so attentive, knowledgeable, and welcoming. It was incredible seeing our community come together to celebrate art, history, and culture. We are so lucky to have so many great places to explore right here in Jackson, Mi. Such a fun day and already looking forward to next year!",,promotion,Uncategorized and General Portfolio,False,"Ss rH ” _ 0 Ave’ rf cor a iN is ort Al LIA > ' 63 a OF || e Teas! nt “iS ATI iS CR per cH ‘gAlLoRS at 10% - BUR 1662 \\) B FART DE of ia Ping 0. aA Hi! fe y SS Ny ry N Lu oq aoe fe as oy = SSS VIN ~ roth Alm endme! a if hy Uy Lee 4 Y tp st 4 Lo ees ie es a ee Yi, Z Ry af 7 res ze a re Dy $25 nF eS a Aj 1 rie op AY % he 4, fs, +r wy, Pr, ee at a Som he eee “4 ous S, RG yas 4 6b 737 San. he Pi, a bee a rag BAL: rie’ ie pe et ee, of dit, ed: Age fae moe va ae Pie i, Ap ryt oF ars oe, it Sa ty, 44 w"
131,1778339592,2026-05-09 11:13 AM EDT,media/1404297108391236.jpg,this_profile's_activity_across_facebook/posts/media/Mobileuploads_624264343061187/1404297108391236.jpg,Mobile uploads,Whimsy added 7 new photos.,"Congratulations to Grazing Thyme on their grand opening in Brooklyn, MI! The new space is gorgeous roomy and cozy at the same time and their menu is as incredible as ever. Stop by, congratulate them, and treat yourself to something delicious!",,promotion,Jackson Crossing Grand Openings,False,SS & Cateri rT =. \ ~'s ~ oa a — - —
132,1778339592,2026-05-09 11:13 AM EDT,media/1404297171724563.jpg,this_profile's_activity_across_facebook/posts/media/Mobileuploads_624264343061187/1404297171724563.jpg,Mobile uploads,Whimsy added 7 new photos.,"Congratulations to Grazing Thyme on their grand opening in Brooklyn, MI! The new space is gorgeous roomy and cozy at the same time and their menu is as incredible as ever. Stop by, congratulate them, and treat yourself to something delicious!",,promotion,Jackson Crossing Grand Openings,False,"—_- ~~ ————. nye \ ey 46 a Sion ee eee oy. = — — Sa 4 = ——— ee SP a eae Nd er mane a es ~ SS ee — — SSS ee ee ee ee = i — SS a ee ee My f - — ee ee) ee ee a es ee = a — a Sd NS ee is a ee a ae = — e a ~ = dma —— fe a es a SS st Bac my 0d yt, 4 / S i a a a ee Ath oie f- Ea TY G, i ohh = eee es Si a i 4 YU A ( = Se ee ee Saye Se Sey 7 = eee ss —— — —— = — = ms Se = s = —_ d — ss ae = te es =o fare So er i oe a a ts, — cs os ae og SS Spee OR re ot = Cie a eS ses & =e eS woes a RN 2 See ae oot ee SS"
133,1778339592,2026-05-09 11:13 AM EDT,media/1404297225057891.jpg,this_profile's_activity_across_facebook/posts/media/Mobileuploads_624264343061187/1404297225057891.jpg,Mobile uploads,Whimsy added 7 new photos.,"Congratulations to Grazing Thyme on their grand opening in Brooklyn, MI! The new space is gorgeous roomy and cozy at the same time and their menu is as incredible as ever. Stop by, congratulate them, and treat yourself to something delicious!",,promotion,Jackson Crossing Grand Openings,False,J —=— = =< 3) wit ey Nee ‘2 on. | P| ER i ] I \\ 5 = See e
134,1778339592,2026-05-09 11:13 AM EDT,media/1404297278391219.jpg,this_profile's_activity_across_facebook/posts/media/Mobileuploads_624264343061187/1404297278391219.jpg,Mobile uploads,Whimsy added 7 new photos.,"Congratulations to Grazing Thyme on their grand opening in Brooklyn, MI! The new space is gorgeous roomy and cozy at the same time and their menu is as incredible as ever. Stop by, congratulate them, and treat yourself to something delicious!",,promotion,Jackson Crossing Grand Openings,False,"te iN a We aN oe age Sp Mp AorB SS 16) 1 e, % A Oe wN wg SS Wi, ri fir dy SS : ES WS 5 ,/# ""it ost \s ‘ b ras bs eS et 2k Lion ms oe wt E> oe st 1M, ons 8 sly mao Oe 4 23 < a> oa ets cies on oon meena | spins 85° wnars 5 wee aft aaa acer Cae Mago cieen yee 3 ser — = | a mass Ste Se Ss ~~ Qe CS Sy) ‘Sie —— Ruy Ir a+ mane 4 Ss Ss. dy vA. =F. Mix. * Ir ‘oa ¥ GH Su —— wt ko wroe TS —- Ne ~< “a °* hy Sime. (iar ae ~™ SS xe 7° CREA ‘I =< 3 3(C ey \\ Se Sa m\ oN"
135,1778339592,2026-05-09 11:13 AM EDT,media/1404297318391215.jpg,this_profile's_activity_across_facebook/posts/media/Mobileuploads_624264343061187/1404297318391215.jpg,Mobile uploads,Whimsy added 7 new photos.,"Congratulations to Grazing Thyme on their grand opening in Brooklyn, MI! The new space is gorgeous roomy and cozy at the same time and their menu is as incredible as ever. Stop by, congratulate them, and treat yourself to something delicious!",,promotion,Jackson Crossing Grand Openings,False,"Oe iP = ny =>. ¥ New | D a — WW 7 Is ows \ VS Why oN , a) . Biba be af 4 = 7 hy > ese —— fA ES"
136,1778339592,2026-05-09 11:13 AM EDT,media/1404297381724542.jpg,this_profile's_activity_across_facebook/posts/media/Mobileuploads_624264343061187/1404297381724542.jpg,Mobile uploads,Whimsy added 7 new photos.,"Congratulations to Grazing Thyme on their grand opening in Brooklyn, MI! The new space is gorgeous roomy and cozy at the same time and their menu is as incredible as ever. Stop by, congratulate them, and treat yourself to something delicious!",,promotion,Jackson Crossing Grand Openings,False,"May eA ney vs bas & AY. XY fc 3 a ee tye ENE re LA Ps oe 5 A W | a Y hy so FY SR Uae BS od YN) Ese vy ‘io y. Nal am ‘3 Pp"" ae ‘3% Saad bp ahr. ae Bs iN SE S ee 4 i Sr) sey As 4 [on ae 3 34 wie, ye ees aS; ¥ vt Wd sof Be KG ers Hi a} ff, “a Tre = mt Sy Rene ae Se elt ne 7 SJ _— oF *Qy* - S Y Vi bY 4 me Wy y ce Ne"
137,1778339592,2026-05-09 11:13 AM EDT,media/1404297425057871.jpg,this_profile's_activity_across_facebook/posts/media/Mobileuploads_624264343061187/1404297425057871.jpg,Mobile uploads,Whimsy added 7 new photos.,"Congratulations to Grazing Thyme on their grand opening in Brooklyn, MI! The new space is gorgeous roomy and cozy at the same time and their menu is as incredible as ever. Stop by, congratulate them, and treat yourself to something delicious!",,promotion,Jackson Crossing Grand Openings,False,J ~— oo — ae a ye Sat et sed aed — — 5g re er ed ns —— ae es —f- —— eS ane a sn perme Na — ——— oe te ce son ess ee ~ a es a <i le) eS —_ SS nent New = bt ee — — — —— eet a — a a eh eee — = — —— me aes La —— ——— oF ee ee See ne wnt SS ae —-A ee ee Ney —— ~~ rt BG) ae : it \e yt a { \Z Hi Cad Da a eS ~ —— +— —— |
138,1777748278,2026-05-02 02:57 PM EDT,media/1398650935622520.jpg,this_profile's_activity_across_facebook/posts/media/Mobileuploads_624264343061187/1398650935622520.jpg,Mobile uploads,Whimsy added 4 new photos.,The vendors today at Grow Jackson River & Rail were incredible! Can't wait to see what they offer for the rest of the season! Get out and support local!,,context,Uncategorized and General Portfolio,False,
139,1777748278,2026-05-02 02:57 PM EDT,media/1398650988955848.jpg,this_profile's_activity_across_facebook/posts/media/Mobileuploads_624264343061187/1398650988955848.jpg,Mobile uploads,Whimsy added 4 new photos.,The vendors today at Grow Jackson River & Rail were incredible! Can't wait to see what they offer for the rest of the season! Get out and support local!,,context,Uncategorized and General Portfolio,False,
140,1777748278,2026-05-02 02:57 PM EDT,media/1398651038955843.jpg,this_profile's_activity_across_facebook/posts/media/Mobileuploads_624264343061187/1398651038955843.jpg,Mobile uploads,Whimsy added 4 new photos.,The vendors today at Grow Jackson River & Rail were incredible! Can't wait to see what they offer for the rest of the season! Get out and support local!,,context,Uncategorized and General Portfolio,False,
141,1777748278,2026-05-02 02:57 PM EDT,media/1398651072289173.jpg,this_profile's_activity_across_facebook/posts/media/Mobileuploads_624264343061187/1398651072289173.jpg,Mobile uploads,Whimsy added 4 new photos.,The vendors today at Grow Jackson River & Rail were incredible! Can't wait to see what they offer for the rest of the season! Get out and support local!,,context,Uncategorized and General Portfolio,False,"tg a ean) ——————"" 4 a - = Serato ——— ie ee ee ate anal aa om ae Ris Sie Sag —_—"
142,1777738724,2026-05-02 12:18 PM EDT,media/1398559495631664.jpg,this_profile's_activity_across_facebook/posts/media/Photos_624264349727853/1398559495631664.jpg,Photos,Whimsy added 10 new photos.,"Big congratulations to Grow Jackson and the River & Rail Market on their grand opening and ribbon cutting today! It was incredible to be there and witness the level of community collaboration that brought this vision to life. So much hard work, passion, and partnership went into making this happen, and it truly shows. Everyone involved did an amazing job, Jackson is lucky to have such a strong, supportive community. We can’t wait to see all the great things that come from this exciting new space!",,promotion,Jackson Crossing Grand Openings,False,pier / eos iti - ys wy Fi \y .: © hm &
143,1777738724,2026-05-02 12:18 PM EDT,media/1398559518964995.jpg,this_profile's_activity_across_facebook/posts/media/Photos_624264349727853/1398559518964995.jpg,Photos,Whimsy added 10 new photos.,"Big congratulations to Grow Jackson and the River & Rail Market on their grand opening and ribbon cutting today! It was incredible to be there and witness the level of community collaboration that brought this vision to life. So much hard work, passion, and partnership went into making this happen, and it truly shows. Everyone involved did an amazing job, Jackson is lucky to have such a strong, supportive community. We can’t wait to see all the great things that come from this exciting new space!",,promotion,Jackson Crossing Grand Openings,False,"ar, Ae. , aN {fa aS f Con a 4A Ve ag ar ot te | \ Ven meri"
144,1777738724,2026-05-02 12:18 PM EDT,media/1398558522298428.jpg,this_profile's_activity_across_facebook/posts/media/Photos_624264349727853/1398558522298428.jpg,Photos,Whimsy added 10 new photos.,"Big congratulations to Grow Jackson and the River & Rail Market on their grand opening and ribbon cutting today! It was incredible to be there and witness the level of community collaboration that brought this vision to life. So much hard work, passion, and partnership went into making this happen, and it truly shows. Everyone involved did an amazing job, Jackson is lucky to have such a strong, supportive community. We can’t wait to see all the great things that come from this exciting new space!",,promotion,Jackson Crossing Grand Openings,False,Al 0
145,1777738724,2026-05-02 12:18 PM EDT,media/1398558512298429.jpg,this_profile's_activity_across_facebook/posts/media/Photos_624264349727853/1398558512298429.jpg,Photos,Whimsy added 10 new photos.,"Big congratulations to Grow Jackson and the River & Rail Market on their grand opening and ribbon cutting today! It was incredible to be there and witness the level of community collaboration that brought this vision to life. So much hard work, passion, and partnership went into making this happen, and it truly shows. Everyone involved did an amazing job, Jackson is lucky to have such a strong, supportive community. We can’t wait to see all the great things that come from this exciting new space!",,promotion,Jackson Crossing Grand Openings,False,"— 7, - ae ="
146,1777738724,2026-05-02 12:18 PM EDT,media/1398558602298420.jpg,this_profile's_activity_across_facebook/posts/media/Photos_624264349727853/1398558602298420.jpg,Photos,Whimsy added 10 new photos.,"Big congratulations to Grow Jackson and the River & Rail Market on their grand opening and ribbon cutting today! It was incredible to be there and witness the level of community collaboration that brought this vision to life. So much hard work, passion, and partnership went into making this happen, and it truly shows. Everyone involved did an amazing job, Jackson is lucky to have such a strong, supportive community. We can’t wait to see all the great things that come from this exciting new space!",,promotion,Jackson Crossing Grand Openings,False,or My ‘us \) q=
147,1777738724,2026-05-02 12:18 PM EDT,media/1398558608965086.jpg,this_profile's_activity_across_facebook/posts/media/Photos_624264349727853/1398558608965086.jpg,Photos,Whimsy added 10 new photos.,"Big congratulations to Grow Jackson and the River & Rail Market on their grand opening and ribbon cutting today! It was incredible to be there and witness the level of community collaboration that brought this vision to life. So much hard work, passion, and partnership went into making this happen, and it truly shows. Everyone involved did an amazing job, Jackson is lucky to have such a strong, supportive community. We can’t wait to see all the great things that come from this exciting new space!",,promotion,Jackson Crossing Grand Openings,False,Bs : ing a]
148,1777738724,2026-05-02 12:18 PM EDT,media/1398558498965097.jpg,this_profile's_activity_across_facebook/posts/media/Photos_624264349727853/1398558498965097.jpg,Photos,Whimsy added 10 new photos.,"Big congratulations to Grow Jackson and the River & Rail Market on their grand opening and ribbon cutting today! It was incredible to be there and witness the level of community collaboration that brought this vision to life. So much hard work, passion, and partnership went into making this happen, and it truly shows. Everyone involved did an amazing job, Jackson is lucky to have such a strong, supportive community. We can’t wait to see all the great things that come from this exciting new space!",,promotion,Jackson Crossing Grand Openings,False,=e
149,1777738724,2026-05-02 12:18 PM EDT,media/1398558588965088.jpg,this_profile's_activity_across_facebook/posts/media/Photos_624264349727853/1398558588965088.jpg,Photos,Whimsy added 10 new photos.,"Big congratulations to Grow Jackson and the River & Rail Market on their grand opening and ribbon cutting today! It was incredible to be there and witness the level of community collaboration that brought this vision to life. So much hard work, passion, and partnership went into making this happen, and it truly shows. Everyone involved did an amazing job, Jackson is lucky to have such a strong, supportive community. We can’t wait to see all the great things that come from this exciting new space!",,promotion,Jackson Crossing Grand Openings,False,(Sr | | {.g
150,1777738724,2026-05-02 12:18 PM EDT,media/1398558662298414.jpg,this_profile's_activity_across_facebook/posts/media/Photos_624264349727853/1398558662298414.jpg,Photos,Whimsy added 10 new photos.,"Big congratulations to Grow Jackson and the River & Rail Market on their grand opening and ribbon cutting today! It was incredible to be there and witness the level of community collaboration that brought this vision to life. So much hard work, passion, and partnership went into making this happen, and it truly shows. Everyone involved did an amazing job, Jackson is lucky to have such a strong, supportive community. We can’t wait to see all the great things that come from this exciting new space!",,promotion,Jackson Crossing Grand Openings,False,f ~~
151,1777738724,2026-05-02 12:18 PM EDT,media/1398558675631746.jpg,this_profile's_activity_across_facebook/posts/media/Photos_624264349727853/1398558675631746.jpg,Photos,Whimsy added 10 new photos.,"Big congratulations to Grow Jackson and the River & Rail Market on their grand opening and ribbon cutting today! It was incredible to be there and witness the level of community collaboration that brought this vision to life. So much hard work, passion, and partnership went into making this happen, and it truly shows. Everyone involved did an amazing job, Jackson is lucky to have such a strong, supportive community. We can’t wait to see all the great things that come from this exciting new space!",,promotion,Jackson Crossing Grand Openings,False,oe ee _ —_ 4 ty EE
152,1776943262,2026-04-23 07:21 AM EDT,media/1390509416436672.jpg,this_profile's_activity_across_facebook/posts/media/Mobileuploads_624264343061187/1390509416436672.jpg,Mobile uploads,Whimsy added 3 new photos.,"It was an honor to work with The Welcome Home Organization_Jackson/Albion Michigan for Leadership Jackson with the Jackson County Chamber of Commerce and our incredible group. We were able to do a whole rebrand, website update as well as a complete marketing package to assist in all of their incredible community work. Thank you to WHO and Jason for trusting us with this project. Its been an amazing experience!",,context,Uncategorized and General Portfolio,False,
153,1776943262,2026-04-23 07:21 AM EDT,media/1390509449770002.jpg,this_profile's_activity_across_facebook/posts/media/Mobileuploads_624264343061187/1390509449770002.jpg,Mobile uploads,Whimsy added 3 new photos.,"It was an honor to work with The Welcome Home Organization_Jackson/Albion Michigan for Leadership Jackson with the Jackson County Chamber of Commerce and our incredible group. We were able to do a whole rebrand, website update as well as a complete marketing package to assist in all of their incredible community work. Thank you to WHO and Jason for trusting us with this project. Its been an amazing experience!",,context,Uncategorized and General Portfolio,False,
154,1776943262,2026-04-23 07:21 AM EDT,media/1390509483103332.jpg,this_profile's_activity_across_facebook/posts/media/Mobileuploads_624264343061187/1390509483103332.jpg,Mobile uploads,Whimsy added 3 new photos.,"It was an honor to work with The Welcome Home Organization_Jackson/Albion Michigan for Leadership Jackson with the Jackson County Chamber of Commerce and our incredible group. We were able to do a whole rebrand, website update as well as a complete marketing package to assist in all of their incredible community work. Thank you to WHO and Jason for trusting us with this project. Its been an amazing experience!",,context,Uncategorized and General Portfolio,False,
155,1776438299,2026-04-17 11:04 AM EDT,media/1385435016944112.jpg,this_profile's_activity_across_facebook/posts/media/Mobileuploads_624264343061187/1385435016944112.jpg,Mobile uploads,Whimsy added 2 new photos.,"The Jackson County Student Art Show is right around the corner, and our hallways are about to be transformed into a full gallery of student creativity! From colorful paintings to detailed sculptures, you’ll find artwork from talented K–12 students across the community. At the Jackson Crossing Mall Opening celebration at 4 PM Join us for opening day and kick things off with: - Live entertainment -Delicious Food -A first look at hundreds of amazing pieces Whether you’re supporting a student, love art, or just looking for something fun to do you’ll want to stop by and take it all in!",,promotion,Jackson County Student Art Show | Jackson Crossing Community Events,False,"Jackson County Student Art Show April 20th-May4th — sirsssen See youatTh ssing! 1092 JACKSON CROSSING AVE, SKE JACKSON, MI 49202 www.Shopjacksoncrossing.com"
156,1776438299,2026-04-17 11:04 AM EDT,media/1385435050277442.jpg,this_profile's_activity_across_facebook/posts/media/Mobileuploads_624264343061187/1385435050277442.jpg,Mobile uploads,Whimsy added 2 new photos.,"The Jackson County Student Art Show is right around the corner, and our hallways are about to be transformed into a full gallery of student creativity! From colorful paintings to detailed sculptures, you’ll find artwork from talented K–12 students across the community. At the Jackson Crossing Mall Opening celebration at 4 PM Join us for opening day and kick things off with: - Live entertainment -Delicious Food -A first look at hundreds of amazing pieces Whether you’re supporting a student, love art, or just looking for something fun to do you’ll want to stop by and take it all in!",,promotion,Jackson County Student Art Show | Jackson Crossing Community Events,False,"Jackson County Student Art Show April 20th-May4th arses Me ‘tee 2 ai , -O& do Vinei cos eat RY SCI Sponsored by: IxnArtTeachers www Shopjacksoncrossing.com"
157,1774010722,2026-03-20 08:45 AM EDT,media/924787556917346.mp4,this_profile's_activity_across_facebook/posts/media/videos/924787556917346.mp4,,Whimsy added a new video.,"Global Recognition Awards presents The Exceptional Achievement Award to Kay Pickett for her work with The Jackson Crossing Mall! ""Pickett received the highest possible score in the Leadership category, reflecting her ability to inspire those around her and make principled decisions under real-world constraints. Her participation in the Jackson County Chamber of Commerce Leadership Jackson program signals a deliberate investment in her own professional growth, one that feeds directly back into the community she serves. Rather than treating her position as purely operational, she has approached it as a platform for civic engagement, building trust with local institutions and positioning the mall as a resource rather than merely a retail destination. Pickett's service scores were equally decisive. Evaluators assessed her across three dimensions: community impact, innovative approaches to societal needs, and measurable service outcomes, and she received a perfect score of five in each. Global Recognition Awards employs the Rasch model to create a linear measurement scale that enables precise comparisons across applicants who excel in different areas; Pickett's uniformly high scores across all service indicators placed her at the top of that scale without ambiguity. The data confirmed what the narrative evidence already suggested: her contributions carry real weight in the community she serves. Global Recognition Awards continues to identify individuals whose work raises the standard within their field, and Kayli Pickett's contributions to Jackson County's civic and commercial life make her a fitting recipient of this recognition."" #theglobalrecognitionawards",,context,Jackson Crossing Community Events,False,
158,1774010033,2026-03-20 08:33 AM EDT,media/1646854486336796.mp4,this_profile's_activity_across_facebook/posts/media/videos/1646854486336796.mp4,,Whimsy added a new video.,"Global Recognition Awards-Exceptional Achievement! ""Kayli Pickett has been recognized with a 2026 Global Recognition Award for her sustained commitment to transforming The Jackson Crossing Mall into a genuine community anchor through exemplary leadership, measurable service outcomes, and creative media work that collectively reflect excellence in Customer Experience, Leadership, Service, and Artistic Accomplishment. Pickett serves as Media, Marketing, and Events Director at The Jackson Crossing Mall in Jackson County, where she has become a driving force behind the mall's remarkable recovery at a time when retail spaces across the United States continue to struggle with declining foot traffic and rising vacancies. Her work stands as a clear example of what focused, community-centered leadership can achieve when applied with consistency and purpose."" Creativity is not a secondary function in Pickett's role. It is central to how she communicates the mall's identity and purpose. Through graphic design, photography, and targeted media campaigns, she documents and amplifies the stories of local businesses and nonprofit partnerships. This artistic dimension of her work does more than generate content; it shapes how the community perceives the mall and, by extension, how invested residents feel in its success. The visual and narrative outputs she produces serve a marketing function and a civic one, reinforcing the mall's standing as a place where people and organizations belong. ""Alex Sterling, a spokesperson for Global Recognition Awards, acknowledged the significance of Pickett's recognition: ""Kayli Pickett exemplifies the kind of leadership and service commitment that this award was designed to honor. Her ability to connect creative vision with genuine community impact, and to produce measurable results in a challenging industry environment, is precisely what separates exceptional contributors from the rest."" Global Recognition Awards continues to identify individuals whose work raises the standard within their field, and Kayli Pickett's contributions to Jackson County's civic and commercial life make her a fitting recipient of this recognition. We are so proud to celebrate this amazing achievement and the impact Kay continues to make in our community! #theglobalrecognitionawards",,promotion,Jackson Crossing Community Events | Local Business Features,False,
159,1773505867,2026-03-14 12:31 PM EDT,media/1356812293139718.jpg,this_profile's_activity_across_facebook/posts/media/Mobileuploads_624264343061187/1356812293139718.jpg,Mobile uploads,Whimsy added 3 new photos.,"Happening Now! Celebrate literacy in a fun, interactive way right next to The Vintage Carousel. Here’s what you can do: 📖 Bring your own book OR borrow one on site 🪪 Sign up for a Library Card 💻 Learn about free resources like Hoopla 🌐 Explore access to computers and internet services at your local branch Grab a book and join us — we can’t wait to catch you reading!",,promotion,Uncategorized and General Portfolio,False,"Ss — SQ i em Vir, he ma ial we Ss 4 = \ I \ Ce = A\ene = aN | ‘an A a < DIST RICT | LIBR AR wag mg | hi AE TO Os coye, be —_ wn“ igll a Lm / ~~ Pip i i i) > he \"
160,1773505867,2026-03-14 12:31 PM EDT,media/1356812343139713.jpg,this_profile's_activity_across_facebook/posts/media/Mobileuploads_624264343061187/1356812343139713.jpg,Mobile uploads,Whimsy added 3 new photos.,"Happening Now! Celebrate literacy in a fun, interactive way right next to The Vintage Carousel. Here’s what you can do: 📖 Bring your own book OR borrow one on site 🪪 Sign up for a Library Card 💻 Learn about free resources like Hoopla 🌐 Explore access to computers and internet services at your local branch Grab a book and join us — we can’t wait to catch you reading!",,promotion,Uncategorized and General Portfolio,False,"pL a... ——— — * he a — ee — ss ——- ee Bie cy = _~ B= ——s a eran iS (8, & Ea ii ig aga FF f y"
161,1773505867,2026-03-14 12:31 PM EDT,media/1356812376473043.jpg,this_profile's_activity_across_facebook/posts/media/Mobileuploads_624264343061187/1356812376473043.jpg,Mobile uploads,Whimsy added 3 new photos.,"Happening Now! Celebrate literacy in a fun, interactive way right next to The Vintage Carousel. Here’s what you can do: 📖 Bring your own book OR borrow one on site 🪪 Sign up for a Library Card 💻 Learn about free resources like Hoopla 🌐 Explore access to computers and internet services at your local branch Grab a book and join us — we can’t wait to catch you reading!",,promotion,Uncategorized and General Portfolio,False,"’ at —<— J v4 eeoee eceee ce — aN A: &. fe ee @e o eae! oo it Te s pz 4 is iend, an honor ani m 7 spere is ae made fron"" ch fe ed Dlisflly jrnorany ms hex ai andi looks 5 ~ i th wich which Ric, ayn ‘one oway the does so. And so ic nd 00 cimuch from this te the noise fe om One of the many: j jsso0n Prove’ .3 wrong: Despit ang, of the neatY poaryards and th ye usual © of informanon GoM With the pun, oe so extract 2 8F great deal oe 8.014 SOP that loits er neat the WARS e Ine of th ott gy incbriate"
162,1773409895,2026-03-13 09:51 AM EDT,media/1355910076563273.jpg,this_profile's_activity_across_facebook/posts/media/Photos_624264349727853/1355910076563273.jpg,Photos,Whimsy added 3 new photos.,"Waking up to the news of the fires here in Jackson has my heart aching for our residents. In moments like this, the last thing anyone has the capacity for is digging through the internet trying to find help. I took some time this morning to compile a list of local resources to help get anyone affected started. Whether you are a family who has been displaced, a mother in need of essentials, someone looking for clothing or food, or a pet owner trying to care for your animals, I’ve tried to include resources that cover a wide range of needs. If you are a local organization, business, or individual who can provide support — whether that’s supplies, shelter, services, or donations — please reach out to Whimsy through my personal email: 📧 Itskaypickett@gmail.com I want to make sure your information can be shared quickly and prioritized so those in need can find help as fast as possible. To those affected: you are seen. Our community is rallying around you. Wishing you peace, rest, warm hugs, and a moment to breathe during an incredibly difficult time. 🤍 — Kay / Whimsy",,context,Uncategorized and General Portfolio,False,
163,1773409895,2026-03-13 09:51 AM EDT,media/1355910059896608.jpg,this_profile's_activity_across_facebook/posts/media/Photos_624264349727853/1355910059896608.jpg,Photos,Whimsy added 3 new photos.,"Waking up to the news of the fires here in Jackson has my heart aching for our residents. In moments like this, the last thing anyone has the capacity for is digging through the internet trying to find help. I took some time this morning to compile a list of local resources to help get anyone affected started. Whether you are a family who has been displaced, a mother in need of essentials, someone looking for clothing or food, or a pet owner trying to care for your animals, I’ve tried to include resources that cover a wide range of needs. If you are a local organization, business, or individual who can provide support — whether that’s supplies, shelter, services, or donations — please reach out to Whimsy through my personal email: 📧 Itskaypickett@gmail.com I want to make sure your information can be shared quickly and prioritized so those in need can find help as fast as possible. To those affected: you are seen. Our community is rallying around you. Wishing you peace, rest, warm hugs, and a moment to breathe during an incredibly difficult time. 🤍 — Kay / Whimsy",,context,Uncategorized and General Portfolio,False,
164,1773409895,2026-03-13 09:51 AM EDT,media/1355910083229939.jpg,this_profile's_activity_across_facebook/posts/media/Photos_624264349727853/1355910083229939.jpg,Photos,Whimsy added 3 new photos.,"Waking up to the news of the fires here in Jackson has my heart aching for our residents. In moments like this, the last thing anyone has the capacity for is digging through the internet trying to find help. I took some time this morning to compile a list of local resources to help get anyone affected started. Whether you are a family who has been displaced, a mother in need of essentials, someone looking for clothing or food, or a pet owner trying to care for your animals, I’ve tried to include resources that cover a wide range of needs. If you are a local organization, business, or individual who can provide support — whether that’s supplies, shelter, services, or donations — please reach out to Whimsy through my personal email: 📧 Itskaypickett@gmail.com I want to make sure your information can be shared quickly and prioritized so those in need can find help as fast as possible. To those affected: you are seen. Our community is rallying around you. Wishing you peace, rest, warm hugs, and a moment to breathe during an incredibly difficult time. 🤍 — Kay / Whimsy",,context,Uncategorized and General Portfolio,False,
165,1773341159,2026-03-12 02:45 PM EDT,media/1355299103291037.jpg,this_profile's_activity_across_facebook/posts/media/Mobileuploads_624264343061187/1355299103291037.jpg,Mobile uploads,Whimsy added 8 new photos.,"It was wonderful to attend the State of the City today. There are so many people working hard to improve our community, and it’s such a good feeling to be in a room full of people who are truly committed to the future of Jackson. Grateful to be part of a community that cares and continues to show up for one another. Thank you to the Jackson County Chamber of Commerce and to the Speakers!",,context,Uncategorized and General Portfolio,False,
166,1773341159,2026-03-12 02:45 PM EDT,media/1355299133291034.jpg,this_profile's_activity_across_facebook/posts/media/Mobileuploads_624264343061187/1355299133291034.jpg,Mobile uploads,Whimsy added 8 new photos.,"It was wonderful to attend the State of the City today. There are so many people working hard to improve our community, and it’s such a good feeling to be in a room full of people who are truly committed to the future of Jackson. Grateful to be part of a community that cares and continues to show up for one another. Thank you to the Jackson County Chamber of Commerce and to the Speakers!",,context,Uncategorized and General Portfolio,False,"SMM MIYYLiLiy ES hie eae ee tact [ Eee oe Ie es a ~—_ i i ae =o 4 =H Ui a xe - 33 ft! =, Ld"
167,1773341159,2026-03-12 02:45 PM EDT,media/1355299243291023.jpg,this_profile's_activity_across_facebook/posts/media/Mobileuploads_624264343061187/1355299243291023.jpg,Mobile uploads,Whimsy added 8 new photos.,"It was wonderful to attend the State of the City today. There are so many people working hard to improve our community, and it’s such a good feeling to be in a room full of people who are truly committed to the future of Jackson. Grateful to be part of a community that cares and continues to show up for one another. Thank you to the Jackson County Chamber of Commerce and to the Speakers!",,context,Uncategorized and General Portfolio,False,
168,1773341159,2026-03-12 02:45 PM EDT,media/1355299329957681.jpg,this_profile's_activity_across_facebook/posts/media/Mobileuploads_624264343061187/1355299329957681.jpg,Mobile uploads,Whimsy added 8 new photos.,"It was wonderful to attend the State of the City today. There are so many people working hard to improve our community, and it’s such a good feeling to be in a room full of people who are truly committed to the future of Jackson. Grateful to be part of a community that cares and continues to show up for one another. Thank you to the Jackson County Chamber of Commerce and to the Speakers!",,context,Uncategorized and General Portfolio,False,
169,1773341159,2026-03-12 02:45 PM EDT,media/1355299396624341.jpg,this_profile's_activity_across_facebook/posts/media/Mobileuploads_624264343061187/1355299396624341.jpg,Mobile uploads,Whimsy added 8 new photos.,"It was wonderful to attend the State of the City today. There are so many people working hard to improve our community, and it’s such a good feeling to be in a room full of people who are truly committed to the future of Jackson. Grateful to be part of a community that cares and continues to show up for one another. Thank you to the Jackson County Chamber of Commerce and to the Speakers!",,context,Uncategorized and General Portfolio,False,
170,1773341159,2026-03-12 02:45 PM EDT,media/1355299463291001.jpg,this_profile's_activity_across_facebook/posts/media/Mobileuploads_624264343061187/1355299463291001.jpg,Mobile uploads,Whimsy added 8 new photos.,"It was wonderful to attend the State of the City today. There are so many people working hard to improve our community, and it’s such a good feeling to be in a room full of people who are truly committed to the future of Jackson. Grateful to be part of a community that cares and continues to show up for one another. Thank you to the Jackson County Chamber of Commerce and to the Speakers!",,context,Uncategorized and General Portfolio,False,
171,1773341159,2026-03-12 02:45 PM EDT,media/1355299516624329.jpg,this_profile's_activity_across_facebook/posts/media/Mobileuploads_624264343061187/1355299516624329.jpg,Mobile uploads,Whimsy added 8 new photos.,"It was wonderful to attend the State of the City today. There are so many people working hard to improve our community, and it’s such a good feeling to be in a room full of people who are truly committed to the future of Jackson. Grateful to be part of a community that cares and continues to show up for one another. Thank you to the Jackson County Chamber of Commerce and to the Speakers!",,context,Uncategorized and General Portfolio,False,—* ————————— ee = —— —— be Mall a fl —_ Sa aw ~ | SS a } —_—===
172,1773341159,2026-03-12 02:45 PM EDT,media/1355299596624321.jpg,this_profile's_activity_across_facebook/posts/media/Mobileuploads_624264343061187/1355299596624321.jpg,Mobile uploads,Whimsy added 8 new photos.,"It was wonderful to attend the State of the City today. There are so many people working hard to improve our community, and it’s such a good feeling to be in a room full of people who are truly committed to the future of Jackson. Grateful to be part of a community that cares and continues to show up for one another. Thank you to the Jackson County Chamber of Commerce and to the Speakers!",,context,Uncategorized and General Portfolio,False,
173,1772723918,2026-03-05 10:18 AM EST,media/1349749430512671.jpg,this_profile's_activity_across_facebook/posts/media/Mobileuploads_624264343061187/1349749430512671.jpg,Mobile uploads,Whimsy added 10 new photos.,"Well done ladies, what a phenomenal woman's panel this morning. Such incredible information with plenty of vulnerable moments to learn from. Thank you all for your time and to Jackson County Chamber of Commerce as well as The Ella Sharp Museum for hosting!",,context,Uncategorized and General Portfolio,False,
174,1772723918,2026-03-05 10:18 AM EST,media/1349749467179334.jpg,this_profile's_activity_across_facebook/posts/media/Mobileuploads_624264343061187/1349749467179334.jpg,Mobile uploads,Whimsy added 10 new photos.,"Well done ladies, what a phenomenal woman's panel this morning. Such incredible information with plenty of vulnerable moments to learn from. Thank you all for your time and to Jackson County Chamber of Commerce as well as The Ella Sharp Museum for hosting!",,context,Uncategorized and General Portfolio,False,
175,1772723918,2026-03-05 10:18 AM EST,media/1349749527179328.jpg,this_profile's_activity_across_facebook/posts/media/Mobileuploads_624264343061187/1349749527179328.jpg,Mobile uploads,Whimsy added 10 new photos.,"Well done ladies, what a phenomenal woman's panel this morning. Such incredible information with plenty of vulnerable moments to learn from. Thank you all for your time and to Jackson County Chamber of Commerce as well as The Ella Sharp Museum for hosting!",,context,Uncategorized and General Portfolio,False,
176,1772723918,2026-03-05 10:18 AM EST,media/1349749607179320.jpg,this_profile's_activity_across_facebook/posts/media/Mobileuploads_624264343061187/1349749607179320.jpg,Mobile uploads,Whimsy added 10 new photos.,"Well done ladies, what a phenomenal woman's panel this morning. Such incredible information with plenty of vulnerable moments to learn from. Thank you all for your time and to Jackson County Chamber of Commerce as well as The Ella Sharp Museum for hosting!",,context,Uncategorized and General Portfolio,False,| oe { { XK SE 1 I [RESERVED we oe SPEAKERS
177,1772723918,2026-03-05 10:18 AM EST,media/1349749663845981.jpg,this_profile's_activity_across_facebook/posts/media/Mobileuploads_624264343061187/1349749663845981.jpg,Mobile uploads,Whimsy added 10 new photos.,"Well done ladies, what a phenomenal woman's panel this morning. Such incredible information with plenty of vulnerable moments to learn from. Thank you all for your time and to Jackson County Chamber of Commerce as well as The Ella Sharp Museum for hosting!",,context,Uncategorized and General Portfolio,False,
178,1772723918,2026-03-05 10:18 AM EST,media/1349749730512641.jpg,this_profile's_activity_across_facebook/posts/media/Mobileuploads_624264343061187/1349749730512641.jpg,Mobile uploads,Whimsy added 10 new photos.,"Well done ladies, what a phenomenal woman's panel this morning. Such incredible information with plenty of vulnerable moments to learn from. Thank you all for your time and to Jackson County Chamber of Commerce as well as The Ella Sharp Museum for hosting!",,context,Uncategorized and General Portfolio,False,
179,1772723918,2026-03-05 10:18 AM EST,media/1349749837179297.jpg,this_profile's_activity_across_facebook/posts/media/Mobileuploads_624264343061187/1349749837179297.jpg,Mobile uploads,Whimsy added 10 new photos.,"Well done ladies, what a phenomenal woman's panel this morning. Such incredible information with plenty of vulnerable moments to learn from. Thank you all for your time and to Jackson County Chamber of Commerce as well as The Ella Sharp Museum for hosting!",,context,Uncategorized and General Portfolio,False,
180,1772723918,2026-03-05 10:18 AM EST,media/1349749873845960.jpg,this_profile's_activity_across_facebook/posts/media/Mobileuploads_624264343061187/1349749873845960.jpg,Mobile uploads,Whimsy added 10 new photos.,"Well done ladies, what a phenomenal woman's panel this morning. Such incredible information with plenty of vulnerable moments to learn from. Thank you all for your time and to Jackson County Chamber of Commerce as well as The Ella Sharp Museum for hosting!",,context,Uncategorized and General Portfolio,False,
181,1772723918,2026-03-05 10:18 AM EST,media/1349749900512624.jpg,this_profile's_activity_across_facebook/posts/media/Mobileuploads_624264343061187/1349749900512624.jpg,Mobile uploads,Whimsy added 10 new photos.,"Well done ladies, what a phenomenal woman's panel this morning. Such incredible information with plenty of vulnerable moments to learn from. Thank you all for your time and to Jackson County Chamber of Commerce as well as The Ella Sharp Museum for hosting!",,context,Uncategorized and General Portfolio,False,"a A ackson COUNTY TF fCommerc g Chamber © - Q ch JACKSON COU ‘of Comr mmerce g Chamber © JAC ACKSON \BLE FUTURE {C whe & merce ‘o) Cha UR Va ee SON COUNTY. an 7 leleals Merce < OUNTY r Jac Tr of Om, Du ro: JACK Yee ) c har aco! NTy oe Com,"
182,1772723918,2026-03-05 10:18 AM EST,media/1349749953845952.jpg,this_profile's_activity_across_facebook/posts/media/Mobileuploads_624264343061187/1349749953845952.jpg,Mobile uploads,Whimsy added 10 new photos.,"Well done ladies, what a phenomenal woman's panel this morning. Such incredible information with plenty of vulnerable moments to learn from. Thank you all for your time and to Jackson County Chamber of Commerce as well as The Ella Sharp Museum for hosting!",,context,Uncategorized and General Portfolio,False,
183,1771500694,2026-02-19 06:31 AM EST,media/1337786195042328.jpg,this_profile's_activity_across_facebook/posts/media/Mobileuploads_624264343061187/1337786195042328.jpg,Mobile uploads,Whimsy added 3 new photos.,"Small Business Spotlight: Fox Candles! Now located at The Jackson Crossing Mall , you can find Fox Candles in the halls near Ulta Beauty and Citi Trends. These candles are known for some of the longest-lasting scents around, with a huge variety to choose from. You can even grab your favorite fragrance across multiple goodies, from candles to car scents and more! Swing by, steal some smells, and buy your new favorite candle. See you at the Crossing!",,context,Jackson Crossing Community Events | Local Business Features,False,
184,1771500694,2026-02-19 06:31 AM EST,media/1337786245042323.jpg,this_profile's_activity_across_facebook/posts/media/Mobileuploads_624264343061187/1337786245042323.jpg,Mobile uploads,Whimsy added 3 new photos.,"Small Business Spotlight: Fox Candles! Now located at The Jackson Crossing Mall , you can find Fox Candles in the halls near Ulta Beauty and Citi Trends. These candles are known for some of the longest-lasting scents around, with a huge variety to choose from. You can even grab your favorite fragrance across multiple goodies, from candles to car scents and more! Swing by, steal some smells, and buy your new favorite candle. See you at the Crossing!",,context,Jackson Crossing Community Events | Local Business Features,False,
185,1771500694,2026-02-19 06:31 AM EST,media/1337786278375653.jpg,this_profile's_activity_across_facebook/posts/media/Mobileuploads_624264343061187/1337786278375653.jpg,Mobile uploads,Whimsy added 3 new photos.,"Small Business Spotlight: Fox Candles! Now located at The Jackson Crossing Mall , you can find Fox Candles in the halls near Ulta Beauty and Citi Trends. These candles are known for some of the longest-lasting scents around, with a huge variety to choose from. You can even grab your favorite fragrance across multiple goodies, from candles to car scents and more! Swing by, steal some smells, and buy your new favorite candle. See you at the Crossing!",,context,Jackson Crossing Community Events | Local Business Features,False,
186,1771500357,2026-02-19 06:25 AM EST,media/1337783211709293.jpg,this_profile's_activity_across_facebook/posts/media/Mobileuploads_624264343061187/1337783211709293.jpg,Mobile uploads,Whimsy recommends Fox Candles .,"Amazing Jackson based vendor! best candles around, great communication for set up and the owner is amazing! Highly recommended","Amazing Jackson based vendor! best candles around, great communication for set up and the owner is amazing! Highly recommended",context,Uncategorized and General Portfolio,False,"i ———— se a = SS == =— 4 a ———— — ] bia $ A iclles rare Fox Candles Fex Candles ——=—_ Chacoli:te Camered tmas Cheer Fox Candles ae ries —— Oe vaemaa bets f e° ) Pe i Vyynett if a —_ _— — —— — — Lists ate Candll Ati Fox, Candles ‘| | Leaves"
187,1771434739,2026-02-18 12:12 PM EST,media/1337129278441353.jpg,this_profile's_activity_across_facebook/posts/media/Mobileuploads_624264343061187/1337129278441353.jpg,Mobile uploads,Whimsy added 2 new photos.,It was so fun presenting for my Leadership Jackson class with the Jackson County Chamber this morning on invisible illness and the role of service dogs. I truly wouldn’t be where I am today without those incredibly hardworking dogs. It was great to have the opportunity to share their impact in a professional setting.,,promotion,Uncategorized and General Portfolio,False,| p BZ ZZ Pigs
188,1771434739,2026-02-18 12:12 PM EST,media/1337129321774682.jpg,this_profile's_activity_across_facebook/posts/media/Mobileuploads_624264343061187/1337129321774682.jpg,Mobile uploads,Whimsy added 2 new photos.,It was so fun presenting for my Leadership Jackson class with the Jackson County Chamber this morning on invisible illness and the role of service dogs. I truly wouldn’t be where I am today without those incredibly hardworking dogs. It was great to have the opportunity to share their impact in a professional setting.,,promotion,Uncategorized and General Portfolio,False,\ \ ‘ \ \\ : \\ ANY \\ \ \\ : ; ‘ WY
189,1771368996,2026-02-17 05:56 PM EST,media/1336470388507242.jpg,this_profile's_activity_across_facebook/posts/media/Mobileuploads_624264343061187/1336470388507242.jpg,Mobile uploads,Whimsy added a new photo.,What a fun evening celebrating 98 incredible years of Jackson College at this month’s Jackson County Chambers “Off the Clock” event! I truly love being in a room full of amazing people who are working hard to strengthen and uplift our community.,What a fun evening celebrating 98 incredible years of @[100023966090918:2048:Jackson College] at this month’s Jackson County Chambers “Off the Clock” event! I truly love being in a room full of amazing people who are working hard to strengthen and uplift our community.,promotion,Uncategorized and General Portfolio,False,"oe Rev: saree. TE =— a — ——} = ——— — = — ee ea SS == ee mats = = —— =r recite oe = ” a Be, ta ats eS eacie eo ree pao es Lite a eee ig ees Hh (ee oe Bee PS — — Ae SBS cas = ces a a ariet Res eon as on Th iy te Ps is ie hs Ye Sway bye i ie Gs. vi ae AS, ey AY aes Yea ue 0 tae ba me nt"
190,1771335898,2026-02-17 08:44 AM EST,media/1336142528540028.jpg,this_profile's_activity_across_facebook/posts/media/Mobileuploads_624264343061187/1336142528540028.jpg,Mobile uploads,Whimsy recommends Kay Harper.,Incredible singer who adores her community. She is such a joy to see live and is so engaging with her audience! Highly recommended!,Incredible singer who adores her community. She is such a joy to see live and is so engaging with her audience! Highly recommended!,context,Uncategorized and General Portfolio,False,
191,1771113966,2026-02-14 07:06 PM EST,media/1333820058772275.jpg,this_profile's_activity_across_facebook/posts/media/Mobileuploads_624264343061187/1333820058772275.jpg,Mobile uploads,Whimsy added 4 new photos.,"Thank you to everyone who came out to support local artists at Art 634 for the 'Crow Show""! It is such a pleasure to be a part of it!",,context,Uncategorized and General Portfolio,False,\ y \o & Fad a2 a
192,1771113966,2026-02-14 07:06 PM EST,media/1333820078772273.jpg,this_profile's_activity_across_facebook/posts/media/Mobileuploads_624264343061187/1333820078772273.jpg,Mobile uploads,Whimsy added 4 new photos.,"Thank you to everyone who came out to support local artists at Art 634 for the 'Crow Show""! It is such a pleasure to be a part of it!",,context,Uncategorized and General Portfolio,False,
193,1771113966,2026-02-14 07:06 PM EST,media/1333820098772271.jpg,this_profile's_activity_across_facebook/posts/media/Mobileuploads_624264343061187/1333820098772271.jpg,Mobile uploads,Whimsy added 4 new photos.,"Thank you to everyone who came out to support local artists at Art 634 for the 'Crow Show""! It is such a pleasure to be a part of it!",,context,Uncategorized and General Portfolio,False,
194,1771113966,2026-02-14 07:06 PM EST,media/1333820138772267.jpg,this_profile's_activity_across_facebook/posts/media/Mobileuploads_624264343061187/1333820138772267.jpg,Mobile uploads,Whimsy added 4 new photos.,"Thank you to everyone who came out to support local artists at Art 634 for the 'Crow Show""! It is such a pleasure to be a part of it!",,context,Uncategorized and General Portfolio,False,
195,1770076887,2026-02-02 07:01 PM EST,media/1322475016573446.jpg,this_profile's_activity_across_facebook/posts/media/Mobileuploads_624264343061187/1322475016573446.jpg,Mobile uploads,Whimsy added a new photo.,"We are pleased to announce that a hand painted piece has been selected for ""The Crow Show"" at ART 634 in Jackson, Michigan! The exhibition opens with light refreshments on Saturday, February 14th, from 6–9 PM, and will feature an incredible lineup of talented local artists. It’s an honor to be included in this thoughtfully curated show—hope to see you there celebrating art, community, and a little crow magic.","We are pleased to announce that a hand painted piece has been selected for ""The Crow Show"" at @[100028875476531:2048:ART 634] in Jackson, Michigan! The exhibition opens with light refreshments on Saturday, February 14th, from 6–9 PM, and will feature an incredible lineup of talented local artists. It’s an honor to be included in this thoughtfully curated show—hope to see you there celebrating art, community, and a little crow magic.",promotion,Uncategorized and General Portfolio,False,"THE CROW SHOW AN ART SHOW se ING THF RANAS oo ARTWORK OF Vibe 33 ARTISTS U, RF Pe aus. | 634 N. MECHANIC ST, JACKSON ‘te."
196,1769716283,2026-01-29 02:51 PM EST,media/1318849406936007.jpg,this_profile's_activity_across_facebook/posts/media/Mobileuploads_624264343061187/1318849406936007.jpg,Mobile uploads,Whimsy added 5 new photos.,"""Destination Uplift"" had a great in person kick-off today at The Michigan Theater of Jackson with Jackson County Chamber of Commerce, Experience Jackson and speaker Brian Matson! Excited to invest in personal growth and take on these webinars!",,result,Uncategorized and General Portfolio,False,1-7 LM \ C rm a he ae o%eve ‘Om o 0.0 eo 8 8 coe’ e eo oe yt I ih HI ll ! | ll eee oc Pr ee eso eo 8 === =F aT = hi Avy — ST. 1) SI 1| |B =e ote
197,1769716283,2026-01-29 02:51 PM EST,media/1318849460269335.jpg,this_profile's_activity_across_facebook/posts/media/Mobileuploads_624264343061187/1318849460269335.jpg,Mobile uploads,Whimsy added 5 new photos.,"""Destination Uplift"" had a great in person kick-off today at The Michigan Theater of Jackson with Jackson County Chamber of Commerce, Experience Jackson and speaker Brian Matson! Excited to invest in personal growth and take on these webinars!",,result,Uncategorized and General Portfolio,False,
198,1769716283,2026-01-29 02:51 PM EST,media/1318849486935999.jpg,this_profile's_activity_across_facebook/posts/media/Mobileuploads_624264343061187/1318849486935999.jpg,Mobile uploads,Whimsy added 5 new photos.,"""Destination Uplift"" had a great in person kick-off today at The Michigan Theater of Jackson with Jackson County Chamber of Commerce, Experience Jackson and speaker Brian Matson! Excited to invest in personal growth and take on these webinars!",,result,Uncategorized and General Portfolio,False,
199,1769716283,2026-01-29 02:51 PM EST,media/1318849523602662.jpg,this_profile's_activity_across_facebook/posts/media/Mobileuploads_624264343061187/1318849523602662.jpg,Mobile uploads,Whimsy added 5 new photos.,"""Destination Uplift"" had a great in person kick-off today at The Michigan Theater of Jackson with Jackson County Chamber of Commerce, Experience Jackson and speaker Brian Matson! Excited to invest in personal growth and take on these webinars!",,result,Uncategorized and General Portfolio,False,
200,1769716283,2026-01-29 02:51 PM EST,media/1318849563602658.jpg,this_profile's_activity_across_facebook/posts/media/Mobileuploads_624264343061187/1318849563602658.jpg,Mobile uploads,Whimsy added 5 new photos.,"""Destination Uplift"" had a great in person kick-off today at The Michigan Theater of Jackson with Jackson County Chamber of Commerce, Experience Jackson and speaker Brian Matson! Excited to invest in personal growth and take on these webinars!",,result,Uncategorized and General Portfolio,False,
201,1769624084,2026-01-28 01:14 PM EST,media/1317917407029207.jpg,this_profile's_activity_across_facebook/posts/media/Photos_624264349727853/1317917407029207.jpg,Photos,Whimsy added a new photo.,"Bliss Bakeshop Is here to offer classes for the community! Have you ever wanted to try your hand at baking? Now’s your chance! Their next class with openings available is on February 21st, so sign up quickly before spots fill up! Don’t forget to follow their Facebook page for updates on what's next! -----> Bliss Bakeshop","@[100063830691001:2048:Bliss Bakeshop] Is here to offer classes for the community! Have you ever wanted to try your hand at baking? Now’s your chance! Their next class with openings available is on February 21st, so sign up quickly before spots fill up! Don’t forget to follow their Facebook page for updates on what's next! -----> @[100063830691001:2048:Bliss Bakeshop]",context,Uncategorized and General Portfolio,False,"~~ 14 a BAKES BOP se Ry yon V2 pe Le, COME GET HANDS-ON, AND ENJOY A SWEET Se os Bean NG Fosse NEW SKILLS TOGETHER. THINK WARM FLUFFY SCONES, MUFFINS, AND DELICIOUS DRIZZLED COFFEE CAKE! YOU WILL GO HOME WITH. ALL OF THE DIFFERENT VARIATIONS OF THESE PASTRIES, AND RECIPES TO MAKE LATE 1 rrsts3 ¥ asad rt REGISTER NOW: WWW.THEBLISSBAKESHOP.COM"
202,1768357799,2026-01-13 09:29 PM EST,media/1305557964931818.jpg,this_profile's_activity_across_facebook/posts/media/Mobileuploads_624264343061187/1305557964931818.jpg,Mobile uploads,Whimsy added 6 new photos.,First City Council meeting of the year! It was encouraging to hear The Welcome Home Organization_Jackson/Albion Michigan speak on local housing and to see them receive a grant to support their continued work. It was also wonderful to see Mama Tutu recognized for her incredible contributions to the Jackson community! We are so lucky to have people moving with such purpose in our community!,,context,Uncategorized and General Portfolio,False,
203,1768357799,2026-01-13 09:29 PM EST,media/1305558001598481.jpg,this_profile's_activity_across_facebook/posts/media/Mobileuploads_624264343061187/1305558001598481.jpg,Mobile uploads,Whimsy added 6 new photos.,First City Council meeting of the year! It was encouraging to hear The Welcome Home Organization_Jackson/Albion Michigan speak on local housing and to see them receive a grant to support their continued work. It was also wonderful to see Mama Tutu recognized for her incredible contributions to the Jackson community! We are so lucky to have people moving with such purpose in our community!,,context,Uncategorized and General Portfolio,False,
204,1768357799,2026-01-13 09:29 PM EST,media/1305558038265144.jpg,this_profile's_activity_across_facebook/posts/media/Mobileuploads_624264343061187/1305558038265144.jpg,Mobile uploads,Whimsy added 6 new photos.,First City Council meeting of the year! It was encouraging to hear The Welcome Home Organization_Jackson/Albion Michigan speak on local housing and to see them receive a grant to support their continued work. It was also wonderful to see Mama Tutu recognized for her incredible contributions to the Jackson community! We are so lucky to have people moving with such purpose in our community!,,context,Uncategorized and General Portfolio,False,
205,1768357799,2026-01-13 09:29 PM EST,media/1305558088265139.jpg,this_profile's_activity_across_facebook/posts/media/Mobileuploads_624264343061187/1305558088265139.jpg,Mobile uploads,Whimsy added 6 new photos.,First City Council meeting of the year! It was encouraging to hear The Welcome Home Organization_Jackson/Albion Michigan speak on local housing and to see them receive a grant to support their continued work. It was also wonderful to see Mama Tutu recognized for her incredible contributions to the Jackson community! We are so lucky to have people moving with such purpose in our community!,,context,Uncategorized and General Portfolio,False,
206,1768357799,2026-01-13 09:29 PM EST,media/1305558118265136.jpg,this_profile's_activity_across_facebook/posts/media/Mobileuploads_624264343061187/1305558118265136.jpg,Mobile uploads,Whimsy added 6 new photos.,First City Council meeting of the year! It was encouraging to hear The Welcome Home Organization_Jackson/Albion Michigan speak on local housing and to see them receive a grant to support their continued work. It was also wonderful to see Mama Tutu recognized for her incredible contributions to the Jackson community! We are so lucky to have people moving with such purpose in our community!,,context,Uncategorized and General Portfolio,False,"A —— a pes pape "" - Aa’ MOREA MA ee a | Z. —— ig a beet 3 — SS ST TO — = — = ="
207,1768357799,2026-01-13 09:29 PM EST,media/1305558158265132.jpg,this_profile's_activity_across_facebook/posts/media/Mobileuploads_624264343061187/1305558158265132.jpg,Mobile uploads,Whimsy added 6 new photos.,First City Council meeting of the year! It was encouraging to hear The Welcome Home Organization_Jackson/Albion Michigan speak on local housing and to see them receive a grant to support their continued work. It was also wonderful to see Mama Tutu recognized for her incredible contributions to the Jackson community! We are so lucky to have people moving with such purpose in our community!,,context,Uncategorized and General Portfolio,False,
208,1766103512,2025-12-18 07:18 PM EST,media/1285889730231975.jpg,this_profile's_activity_across_facebook/posts/media/Mobileuploads_624264343061187/1285889730231975.jpg,Mobile uploads,Whimsy added 9 new photos.,"Looking for a great place to host dinner for your group or organization? Check out Alpha Koney Island at The Jackson Crossing Mall! They recently hosted a phenomenal networking event with the Jackson County Chamber of Commerce and could do the same for you! From a cozy family sit-down to a relaxed group or networking event, Alpha can do it all. Come on over and enjoy some incredible, authentic Greek food—served with amazing hospitality every time!",,promotion,Jackson Crossing Community Events,False,———— —_ == . am? -_ ae e ALPH A KONE® ate STF Se is S —— lr
209,1766103512,2025-12-18 07:18 PM EST,media/1285889760231972.jpg,this_profile's_activity_across_facebook/posts/media/Mobileuploads_624264343061187/1285889760231972.jpg,Mobile uploads,Whimsy added 9 new photos.,"Looking for a great place to host dinner for your group or organization? Check out Alpha Koney Island at The Jackson Crossing Mall! They recently hosted a phenomenal networking event with the Jackson County Chamber of Commerce and could do the same for you! From a cozy family sit-down to a relaxed group or networking event, Alpha can do it all. Come on over and enjoy some incredible, authentic Greek food—served with amazing hospitality every time!",,promotion,Jackson Crossing Community Events,False,SWS ay 34: Be WS se ~ Le
210,1766103512,2025-12-18 07:18 PM EST,media/1285889786898636.jpg,this_profile's_activity_across_facebook/posts/media/Mobileuploads_624264343061187/1285889786898636.jpg,Mobile uploads,Whimsy added 9 new photos.,"Looking for a great place to host dinner for your group or organization? Check out Alpha Koney Island at The Jackson Crossing Mall! They recently hosted a phenomenal networking event with the Jackson County Chamber of Commerce and could do the same for you! From a cozy family sit-down to a relaxed group or networking event, Alpha can do it all. Come on over and enjoy some incredible, authentic Greek food—served with amazing hospitality every time!",,promotion,Jackson Crossing Community Events,False,"“2 afi it ee! = ® YER *~ = J tt nS baa) 48 ( Riggins SER ‘e @ RO pee, ay. 4? aS vad fas"
211,1766103512,2025-12-18 07:18 PM EST,media/1285889820231966.jpg,this_profile's_activity_across_facebook/posts/media/Mobileuploads_624264343061187/1285889820231966.jpg,Mobile uploads,Whimsy added 9 new photos.,"Looking for a great place to host dinner for your group or organization? Check out Alpha Koney Island at The Jackson Crossing Mall! They recently hosted a phenomenal networking event with the Jackson County Chamber of Commerce and could do the same for you! From a cozy family sit-down to a relaxed group or networking event, Alpha can do it all. Come on over and enjoy some incredible, authentic Greek food—served with amazing hospitality every time!",,promotion,Jackson Crossing Community Events,False,~ S/O f- +53 Cn 7. iy ay Fisk ‘oe ae = a
212,1766103512,2025-12-18 07:18 PM EST,media/1285889863565295.jpg,this_profile's_activity_across_facebook/posts/media/Mobileuploads_624264343061187/1285889863565295.jpg,Mobile uploads,Whimsy added 9 new photos.,"Looking for a great place to host dinner for your group or organization? Check out Alpha Koney Island at The Jackson Crossing Mall! They recently hosted a phenomenal networking event with the Jackson County Chamber of Commerce and could do the same for you! From a cozy family sit-down to a relaxed group or networking event, Alpha can do it all. Come on over and enjoy some incredible, authentic Greek food—served with amazing hospitality every time!",,promotion,Jackson Crossing Community Events,False,"— = - y? Teo __ ‘i aod is < 7 , evs - iv fas 3 4 ~™\ ye. aot Aw a A . Tp oo » \' Ss ! we v ~ Se 1L& 5 a a Ree! aol"
213,1766103512,2025-12-18 07:18 PM EST,media/1285889893565292.jpg,this_profile's_activity_across_facebook/posts/media/Mobileuploads_624264343061187/1285889893565292.jpg,Mobile uploads,Whimsy added 9 new photos.,"Looking for a great place to host dinner for your group or organization? Check out Alpha Koney Island at The Jackson Crossing Mall! They recently hosted a phenomenal networking event with the Jackson County Chamber of Commerce and could do the same for you! From a cozy family sit-down to a relaxed group or networking event, Alpha can do it all. Come on over and enjoy some incredible, authentic Greek food—served with amazing hospitality every time!",,promotion,Jackson Crossing Community Events,False,a GP > => ~* Te ‘SS. Ag a) te i os sae ao on - oe Pet bas Co es ~. - > — Sag ’ be ba FE > om vag 1s as * ty tz aie ix -— ye & om % Me > i he a ae *
214,1766103512,2025-12-18 07:18 PM EST,media/1285889916898623.jpg,this_profile's_activity_across_facebook/posts/media/Mobileuploads_624264343061187/1285889916898623.jpg,Mobile uploads,Whimsy added 9 new photos.,"Looking for a great place to host dinner for your group or organization? Check out Alpha Koney Island at The Jackson Crossing Mall! They recently hosted a phenomenal networking event with the Jackson County Chamber of Commerce and could do the same for you! From a cozy family sit-down to a relaxed group or networking event, Alpha can do it all. Come on over and enjoy some incredible, authentic Greek food—served with amazing hospitality every time!",,promotion,Jackson Crossing Community Events,False,"| = | ty tou ok = <a,"
215,1766103512,2025-12-18 07:18 PM EST,media/1285889956898619.jpg,this_profile's_activity_across_facebook/posts/media/Mobileuploads_624264343061187/1285889956898619.jpg,Mobile uploads,Whimsy added 9 new photos.,"Looking for a great place to host dinner for your group or organization? Check out Alpha Koney Island at The Jackson Crossing Mall! They recently hosted a phenomenal networking event with the Jackson County Chamber of Commerce and could do the same for you! From a cozy family sit-down to a relaxed group or networking event, Alpha can do it all. Come on over and enjoy some incredible, authentic Greek food—served with amazing hospitality every time!",,promotion,Jackson Crossing Community Events,False,7 J ve@ vidale alvin KONE .) ISB N h nye LA i Ee Uw * | A et Py —— \V; am. |
216,1766103512,2025-12-18 07:18 PM EST,media/1285889990231949.jpg,this_profile's_activity_across_facebook/posts/media/Mobileuploads_624264343061187/1285889990231949.jpg,Mobile uploads,Whimsy added 9 new photos.,"Looking for a great place to host dinner for your group or organization? Check out Alpha Koney Island at The Jackson Crossing Mall! They recently hosted a phenomenal networking event with the Jackson County Chamber of Commerce and could do the same for you! From a cozy family sit-down to a relaxed group or networking event, Alpha can do it all. Come on over and enjoy some incredible, authentic Greek food—served with amazing hospitality every time!",,promotion,Jackson Crossing Community Events,False,ALP NEY ISLAND hie wage ang eee Oy Nett | ‘4 ie pices « he VR ey <8) Se Via)
217,1765933501,2025-12-16 08:05 PM EST,media/1284323603721921.jpg,this_profile's_activity_across_facebook/posts/media/Mobileuploads_624264343061187/1284323603721921.jpg,Mobile uploads,Whimsy added 4 new photos.,Attended tonight’s city council meeting in Jackson. Staying engaged and present in your community is so important—there’s no better way to understand and contribute to the issues that matter locally.,,context,Uncategorized and General Portfolio,False,
218,1765933501,2025-12-16 08:05 PM EST,media/1284323657055249.jpg,this_profile's_activity_across_facebook/posts/media/Mobileuploads_624264343061187/1284323657055249.jpg,Mobile uploads,Whimsy added 4 new photos.,Attended tonight’s city council meeting in Jackson. Staying engaged and present in your community is so important—there’s no better way to understand and contribute to the issues that matter locally.,,context,Uncategorized and General Portfolio,False,
219,1765933501,2025-12-16 08:05 PM EST,media/1284323693721912.jpg,this_profile's_activity_across_facebook/posts/media/Mobileuploads_624264343061187/1284323693721912.jpg,Mobile uploads,Whimsy added 4 new photos.,Attended tonight’s city council meeting in Jackson. Staying engaged and present in your community is so important—there’s no better way to understand and contribute to the issues that matter locally.,,context,Uncategorized and General Portfolio,False,
220,1765933501,2025-12-16 08:05 PM EST,media/1284323750388573.jpg,this_profile's_activity_across_facebook/posts/media/Mobileuploads_624264343061187/1284323750388573.jpg,Mobile uploads,Whimsy added 4 new photos.,Attended tonight’s city council meeting in Jackson. Staying engaged and present in your community is so important—there’s no better way to understand and contribute to the issues that matter locally.,,context,Uncategorized and General Portfolio,False,
221,1765713845,2025-12-14 07:04 AM EST,media/1282288987258716.jpg,this_profile's_activity_across_facebook/posts/media/Mobileuploads_624264343061187/1282288987258716.jpg,Mobile uploads,Whimsy added 5 new photos.,"Our community is truly incredible! What a pleasure it was to connect four amazing groups all doing wonderful things together. The Jackson Crossing Mall was happy to host Dawn & Travis Parker, Realtor and the coat drive, which were then donated to The Welcome Home Organization_Jackson/Albion Michigan at their Whoville event—complete with great tunes provided by Lakeland Cabaret DJ! I love seeing so many amazing people and organizations coming together to support our community. This is what it’s all about!",,promotion,Jackson Crossing Community Events,False,"= a aS eo ss a ~ SSS eS sal ets =o #- re ‘i \\ a l “7 a, Ml 5 vo]"
222,1765713845,2025-12-14 07:04 AM EST,media/1282289017258713.jpg,this_profile's_activity_across_facebook/posts/media/Mobileuploads_624264343061187/1282289017258713.jpg,Mobile uploads,Whimsy added 5 new photos.,"Our community is truly incredible! What a pleasure it was to connect four amazing groups all doing wonderful things together. The Jackson Crossing Mall was happy to host Dawn & Travis Parker, Realtor and the coat drive, which were then donated to The Welcome Home Organization_Jackson/Albion Michigan at their Whoville event—complete with great tunes provided by Lakeland Cabaret DJ! I love seeing so many amazing people and organizations coming together to support our community. This is what it’s all about!",,promotion,Jackson Crossing Community Events,False,"—t.. Ais ee ue zi HE ay 2, I yo AY mole “AN we it Sey to = 5 ess Ye, PI q Pa Ve, Sy"" ake BS we. » — a Ys = ON ‘aX \ ie Wt yt GZ: 2 Tg ae ANS Wy. CE Ne ha >) ares > es ( iff i “4 “A ee 4 — — HI, xe ¥ — = \e A Ue i}"
223,1765713845,2025-12-14 07:04 AM EST,media/1282289047258710.jpg,this_profile's_activity_across_facebook/posts/media/Mobileuploads_624264343061187/1282289047258710.jpg,Mobile uploads,Whimsy added 5 new photos.,"Our community is truly incredible! What a pleasure it was to connect four amazing groups all doing wonderful things together. The Jackson Crossing Mall was happy to host Dawn & Travis Parker, Realtor and the coat drive, which were then donated to The Welcome Home Organization_Jackson/Albion Michigan at their Whoville event—complete with great tunes provided by Lakeland Cabaret DJ! I love seeing so many amazing people and organizations coming together to support our community. This is what it’s all about!",,promotion,Jackson Crossing Community Events,False,"a — we a, ay cs — iS Mae iad i —-. 4 7"
224,1765713845,2025-12-14 07:04 AM EST,media/1282289100592038.jpg,this_profile's_activity_across_facebook/posts/media/Mobileuploads_624264343061187/1282289100592038.jpg,Mobile uploads,Whimsy added 5 new photos.,"Our community is truly incredible! What a pleasure it was to connect four amazing groups all doing wonderful things together. The Jackson Crossing Mall was happy to host Dawn & Travis Parker, Realtor and the coat drive, which were then donated to The Welcome Home Organization_Jackson/Albion Michigan at their Whoville event—complete with great tunes provided by Lakeland Cabaret DJ! I love seeing so many amazing people and organizations coming together to support our community. This is what it’s all about!",,promotion,Jackson Crossing Community Events,False,"“i You, 1 Lae b i oe bi Ly “SFa - ae"
225,1765713845,2025-12-14 07:04 AM EST,media/1282289137258701.jpg,this_profile's_activity_across_facebook/posts/media/Mobileuploads_624264343061187/1282289137258701.jpg,Mobile uploads,Whimsy added 5 new photos.,"Our community is truly incredible! What a pleasure it was to connect four amazing groups all doing wonderful things together. The Jackson Crossing Mall was happy to host Dawn & Travis Parker, Realtor and the coat drive, which were then donated to The Welcome Home Organization_Jackson/Albion Michigan at their Whoville event—complete with great tunes provided by Lakeland Cabaret DJ! I love seeing so many amazing people and organizations coming together to support our community. This is what it’s all about!",,promotion,Jackson Crossing Community Events,False,"ee eS — f 4 & 7 N [4 | We iG ug nee: A RY Oy \ f Pe — - ¥ i * dl if iS ~~ ah = 7? se hy i) ‘Wee, ,\ a A My ‘y ie wy TZ Se me"
226,1764878546,2025-12-04 03:02 PM EST,media/1275042854649996.jpg,this_profile's_activity_across_facebook/posts/media/Mobileuploads_624264343061187/1275042854649996.jpg,Mobile uploads,Whimsy added a new photo.,"As our community celebrates its award ceremonies this week, I wanted to take a moment to say thank you for the nominations! It’s truly a pleasure to curate and host events, create graphics for our amazing locals, and pour my heart into Jackson. I wouldn’t be here without all of your support, encouragement, and trust in what I do. Thank you for the 2025 nominations — it means more than you know!","As our community celebrates its award ceremonies this week, I wanted to take a moment to say thank you for the nominations! It’s truly a pleasure to curate and host events, create graphics for our amazing locals, and pour my heart into Jackson. I wouldn’t be here without all of your support, encouragement, and trust in what I do. Thank you for the 2025 nominations — it means more than you know!",promotion,Uncategorized and General Portfolio,True,WHIMSY Medial Marketingl Graphic Design AWARD NOMINATIONS Chamber Small Business Congratulations. You're a Jamie McKibbin Community AwardiNeyaaliatlareyal 2025 40 and Under Nominee * Enthusiast omination Tim Booth oct 9 — Next Steps QO 4 e tome v Tim Booth Sep 17 Jennie Cron 3 . tome v © 4 Jul 17 (2) 46 Hy e e tome v Kay Kay Congratulations! You've nominated fot kson lam excited to inform you that Whimsy has been Magazine's 40 and Under Aware — arecognition of | am excited to inform you that you
227,1764425093,2025-11-29 09:04 AM EST,media/1271099911710957.jpg,this_profile's_activity_across_facebook/posts/media/Mobileuploads_624264343061187/1271099911710957.jpg,Mobile uploads,Whimsy added 28 new photos.,"What an awesome week! Whimsy had the pleasure of photographing Black Friday and Santa Stories, and it was such a blast wandering the halls in elf ears with Santa, capturing all the joy and holiday magic! Thank you to everyone who shared a smile, a moment, or a memory with us!",,context,Holiday Promotions and Markets,False,
228,1764425093,2025-11-29 09:04 AM EST,media/1271099948377620.jpg,this_profile's_activity_across_facebook/posts/media/Mobileuploads_624264343061187/1271099948377620.jpg,Mobile uploads,Whimsy added 28 new photos.,"What an awesome week! Whimsy had the pleasure of photographing Black Friday and Santa Stories, and it was such a blast wandering the halls in elf ears with Santa, capturing all the joy and holiday magic! Thank you to everyone who shared a smile, a moment, or a memory with us!",,context,Holiday Promotions and Markets,False,
229,1764425093,2025-11-29 09:04 AM EST,media/1271099975044284.jpg,this_profile's_activity_across_facebook/posts/media/Mobileuploads_624264343061187/1271099975044284.jpg,Mobile uploads,Whimsy added 28 new photos.,"What an awesome week! Whimsy had the pleasure of photographing Black Friday and Santa Stories, and it was such a blast wandering the halls in elf ears with Santa, capturing all the joy and holiday magic! Thank you to everyone who shared a smile, a moment, or a memory with us!",,context,Holiday Promotions and Markets,False,
230,1764425093,2025-11-29 09:04 AM EST,media/1271100008377614.jpg,this_profile's_activity_across_facebook/posts/media/Mobileuploads_624264343061187/1271100008377614.jpg,Mobile uploads,Whimsy added 28 new photos.,"What an awesome week! Whimsy had the pleasure of photographing Black Friday and Santa Stories, and it was such a blast wandering the halls in elf ears with Santa, capturing all the joy and holiday magic! Thank you to everyone who shared a smile, a moment, or a memory with us!",,context,Holiday Promotions and Markets,False,
231,1764425093,2025-11-29 09:04 AM EST,media/1271100051710943.jpg,this_profile's_activity_across_facebook/posts/media/Mobileuploads_624264343061187/1271100051710943.jpg,Mobile uploads,Whimsy added 28 new photos.,"What an awesome week! Whimsy had the pleasure of photographing Black Friday and Santa Stories, and it was such a blast wandering the halls in elf ears with Santa, capturing all the joy and holiday magic! Thank you to everyone who shared a smile, a moment, or a memory with us!",,context,Holiday Promotions and Markets,False,"ae o ep — A f. won s) ™ ve el fal e. Si ms js. al \ ‘p. Rs ‘1 we “a Jy ae eR W wr able eth Wem} ONS, ow & ne op AS % AL ww oe bi pots we se Ci 4 a"
232,1764425093,2025-11-29 09:04 AM EST,media/1271100088377606.jpg,this_profile's_activity_across_facebook/posts/media/Mobileuploads_624264343061187/1271100088377606.jpg,Mobile uploads,Whimsy added 28 new photos.,"What an awesome week! Whimsy had the pleasure of photographing Black Friday and Santa Stories, and it was such a blast wandering the halls in elf ears with Santa, capturing all the joy and holiday magic! Thank you to everyone who shared a smile, a moment, or a memory with us!",,context,Holiday Promotions and Markets,False,
233,1764425093,2025-11-29 09:04 AM EST,media/1271100135044268.jpg,this_profile's_activity_across_facebook/posts/media/Mobileuploads_624264343061187/1271100135044268.jpg,Mobile uploads,Whimsy added 28 new photos.,"What an awesome week! Whimsy had the pleasure of photographing Black Friday and Santa Stories, and it was such a blast wandering the halls in elf ears with Santa, capturing all the joy and holiday magic! Thank you to everyone who shared a smile, a moment, or a memory with us!",,context,Holiday Promotions and Markets,False,
234,1764425093,2025-11-29 09:04 AM EST,media/1271100175044264.jpg,this_profile's_activity_across_facebook/posts/media/Mobileuploads_624264343061187/1271100175044264.jpg,Mobile uploads,Whimsy added 28 new photos.,"What an awesome week! Whimsy had the pleasure of photographing Black Friday and Santa Stories, and it was such a blast wandering the halls in elf ears with Santa, capturing all the joy and holiday magic! Thank you to everyone who shared a smile, a moment, or a memory with us!",,context,Holiday Promotions and Markets,False,
235,1764425093,2025-11-29 09:04 AM EST,media/1271100215044260.jpg,this_profile's_activity_across_facebook/posts/media/Mobileuploads_624264343061187/1271100215044260.jpg,Mobile uploads,Whimsy added 28 new photos.,"What an awesome week! Whimsy had the pleasure of photographing Black Friday and Santa Stories, and it was such a blast wandering the halls in elf ears with Santa, capturing all the joy and holiday magic! Thank you to everyone who shared a smile, a moment, or a memory with us!",,context,Holiday Promotions and Markets,False,
236,1764425093,2025-11-29 09:04 AM EST,media/1271100248377590.jpg,this_profile's_activity_across_facebook/posts/media/Mobileuploads_624264343061187/1271100248377590.jpg,Mobile uploads,Whimsy added 28 new photos.,"What an awesome week! Whimsy had the pleasure of photographing Black Friday and Santa Stories, and it was such a blast wandering the halls in elf ears with Santa, capturing all the joy and holiday magic! Thank you to everyone who shared a smile, a moment, or a memory with us!",,context,Holiday Promotions and Markets,False,= ai Gissaan’ \ \\ »* Pa \} VVAV AVA “ 1D) i a s ! —_— tal BTA AP Cy =a 2 Y
237,1764425093,2025-11-29 09:04 AM EST,media/1271100278377587.jpg,this_profile's_activity_across_facebook/posts/media/Mobileuploads_624264343061187/1271100278377587.jpg,Mobile uploads,Whimsy added 28 new photos.,"What an awesome week! Whimsy had the pleasure of photographing Black Friday and Santa Stories, and it was such a blast wandering the halls in elf ears with Santa, capturing all the joy and holiday magic! Thank you to everyone who shared a smile, a moment, or a memory with us!",,context,Holiday Promotions and Markets,False,
238,1764425093,2025-11-29 09:04 AM EST,media/1271100315044250.jpg,this_profile's_activity_across_facebook/posts/media/Mobileuploads_624264343061187/1271100315044250.jpg,Mobile uploads,Whimsy added 28 new photos.,"What an awesome week! Whimsy had the pleasure of photographing Black Friday and Santa Stories, and it was such a blast wandering the halls in elf ears with Santa, capturing all the joy and holiday magic! Thank you to everyone who shared a smile, a moment, or a memory with us!",,context,Holiday Promotions and Markets,False,
239,1764425093,2025-11-29 09:04 AM EST,media/1271100361710912.jpg,this_profile's_activity_across_facebook/posts/media/Mobileuploads_624264343061187/1271100361710912.jpg,Mobile uploads,Whimsy added 28 new photos.,"What an awesome week! Whimsy had the pleasure of photographing Black Friday and Santa Stories, and it was such a blast wandering the halls in elf ears with Santa, capturing all the joy and holiday magic! Thank you to everyone who shared a smile, a moment, or a memory with us!",,context,Holiday Promotions and Markets,False,
240,1764425093,2025-11-29 09:04 AM EST,media/1271100398377575.jpg,this_profile's_activity_across_facebook/posts/media/Mobileuploads_624264343061187/1271100398377575.jpg,Mobile uploads,Whimsy added 28 new photos.,"What an awesome week! Whimsy had the pleasure of photographing Black Friday and Santa Stories, and it was such a blast wandering the halls in elf ears with Santa, capturing all the joy and holiday magic! Thank you to everyone who shared a smile, a moment, or a memory with us!",,context,Holiday Promotions and Markets,False,
241,1764425093,2025-11-29 09:04 AM EST,media/1271100458377569.jpg,this_profile's_activity_across_facebook/posts/media/Mobileuploads_624264343061187/1271100458377569.jpg,Mobile uploads,Whimsy added 28 new photos.,"What an awesome week! Whimsy had the pleasure of photographing Black Friday and Santa Stories, and it was such a blast wandering the halls in elf ears with Santa, capturing all the joy and holiday magic! Thank you to everyone who shared a smile, a moment, or a memory with us!",,context,Holiday Promotions and Markets,False,"a et onan < wg (gd ul Ons me "" i T0) | Pie -. —e L ae a BH rm a Ped i ee ‘Se i] aie 5 I] TA a A . Siw,"
242,1764425093,2025-11-29 09:04 AM EST,media/1271100488377566.jpg,this_profile's_activity_across_facebook/posts/media/Mobileuploads_624264343061187/1271100488377566.jpg,Mobile uploads,Whimsy added 28 new photos.,"What an awesome week! Whimsy had the pleasure of photographing Black Friday and Santa Stories, and it was such a blast wandering the halls in elf ears with Santa, capturing all the joy and holiday magic! Thank you to everyone who shared a smile, a moment, or a memory with us!",,context,Holiday Promotions and Markets,False,
243,1764425093,2025-11-29 09:04 AM EST,media/1271100511710897.jpg,this_profile's_activity_across_facebook/posts/media/Mobileuploads_624264343061187/1271100511710897.jpg,Mobile uploads,Whimsy added 28 new photos.,"What an awesome week! Whimsy had the pleasure of photographing Black Friday and Santa Stories, and it was such a blast wandering the halls in elf ears with Santa, capturing all the joy and holiday magic! Thank you to everyone who shared a smile, a moment, or a memory with us!",,context,Holiday Promotions and Markets,False,
244,1764425093,2025-11-29 09:04 AM EST,media/1271100541710894.jpg,this_profile's_activity_across_facebook/posts/media/Mobileuploads_624264343061187/1271100541710894.jpg,Mobile uploads,Whimsy added 28 new photos.,"What an awesome week! Whimsy had the pleasure of photographing Black Friday and Santa Stories, and it was such a blast wandering the halls in elf ears with Santa, capturing all the joy and holiday magic! Thank you to everyone who shared a smile, a moment, or a memory with us!",,context,Holiday Promotions and Markets,False,
245,1764425093,2025-11-29 09:04 AM EST,media/1271100588377556.jpg,this_profile's_activity_across_facebook/posts/media/Mobileuploads_624264343061187/1271100588377556.jpg,Mobile uploads,Whimsy added 28 new photos.,"What an awesome week! Whimsy had the pleasure of photographing Black Friday and Santa Stories, and it was such a blast wandering the halls in elf ears with Santa, capturing all the joy and holiday magic! Thank you to everyone who shared a smile, a moment, or a memory with us!",,context,Holiday Promotions and Markets,False,
246,1764425093,2025-11-29 09:04 AM EST,media/1271100611710887.jpg,this_profile's_activity_across_facebook/posts/media/Mobileuploads_624264343061187/1271100611710887.jpg,Mobile uploads,Whimsy added 28 new photos.,"What an awesome week! Whimsy had the pleasure of photographing Black Friday and Santa Stories, and it was such a blast wandering the halls in elf ears with Santa, capturing all the joy and holiday magic! Thank you to everyone who shared a smile, a moment, or a memory with us!",,context,Holiday Promotions and Markets,False,4 wn vv = Wie JACKSON DISTRICT LIBRARY =e A PLACE To DISCOVER
247,1764425093,2025-11-29 09:04 AM EST,media/1271100661710882.jpg,this_profile's_activity_across_facebook/posts/media/Mobileuploads_624264343061187/1271100661710882.jpg,Mobile uploads,Whimsy added 28 new photos.,"What an awesome week! Whimsy had the pleasure of photographing Black Friday and Santa Stories, and it was such a blast wandering the halls in elf ears with Santa, capturing all the joy and holiday magic! Thank you to everyone who shared a smile, a moment, or a memory with us!",,context,Holiday Promotions and Markets,False,
248,1764425093,2025-11-29 09:04 AM EST,media/1271100695044212.jpg,this_profile's_activity_across_facebook/posts/media/Mobileuploads_624264343061187/1271100695044212.jpg,Mobile uploads,Whimsy added 28 new photos.,"What an awesome week! Whimsy had the pleasure of photographing Black Friday and Santa Stories, and it was such a blast wandering the halls in elf ears with Santa, capturing all the joy and holiday magic! Thank you to everyone who shared a smile, a moment, or a memory with us!",,context,Holiday Promotions and Markets,False,
249,1764425093,2025-11-29 09:04 AM EST,media/1271100738377541.jpg,this_profile's_activity_across_facebook/posts/media/Mobileuploads_624264343061187/1271100738377541.jpg,Mobile uploads,Whimsy added 28 new photos.,"What an awesome week! Whimsy had the pleasure of photographing Black Friday and Santa Stories, and it was such a blast wandering the halls in elf ears with Santa, capturing all the joy and holiday magic! Thank you to everyone who shared a smile, a moment, or a memory with us!",,context,Holiday Promotions and Markets,False,
250,1764425093,2025-11-29 09:04 AM EST,media/1271100778377537.jpg,this_profile's_activity_across_facebook/posts/media/Mobileuploads_624264343061187/1271100778377537.jpg,Mobile uploads,Whimsy added 28 new photos.,"What an awesome week! Whimsy had the pleasure of photographing Black Friday and Santa Stories, and it was such a blast wandering the halls in elf ears with Santa, capturing all the joy and holiday magic! Thank you to everyone who shared a smile, a moment, or a memory with us!",,context,Holiday Promotions and Markets,False,
251,1764425093,2025-11-29 09:04 AM EST,media/1271100828377532.jpg,this_profile's_activity_across_facebook/posts/media/Mobileuploads_624264343061187/1271100828377532.jpg,Mobile uploads,Whimsy added 28 new photos.,"What an awesome week! Whimsy had the pleasure of photographing Black Friday and Santa Stories, and it was such a blast wandering the halls in elf ears with Santa, capturing all the joy and holiday magic! Thank you to everyone who shared a smile, a moment, or a memory with us!",,context,Holiday Promotions and Markets,False,«4 litt ar a Le mh ae HOST’ y } oF \?. LION CLUI ~~ AY S aed
252,1764425093,2025-11-29 09:04 AM EST,media/1271100858377529.jpg,this_profile's_activity_across_facebook/posts/media/Mobileuploads_624264343061187/1271100858377529.jpg,Mobile uploads,Whimsy added 28 new photos.,"What an awesome week! Whimsy had the pleasure of photographing Black Friday and Santa Stories, and it was such a blast wandering the halls in elf ears with Santa, capturing all the joy and holiday magic! Thank you to everyone who shared a smile, a moment, or a memory with us!",,context,Holiday Promotions and Markets,False,
253,1764425093,2025-11-29 09:04 AM EST,media/1271100898377525.jpg,this_profile's_activity_across_facebook/posts/media/Mobileuploads_624264343061187/1271100898377525.jpg,Mobile uploads,Whimsy added 28 new photos.,"What an awesome week! Whimsy had the pleasure of photographing Black Friday and Santa Stories, and it was such a blast wandering the halls in elf ears with Santa, capturing all the joy and holiday magic! Thank you to everyone who shared a smile, a moment, or a memory with us!",,context,Holiday Promotions and Markets,False,
254,1764425093,2025-11-29 09:04 AM EST,media/1271100935044188.jpg,this_profile's_activity_across_facebook/posts/media/Mobileuploads_624264343061187/1271100935044188.jpg,Mobile uploads,Whimsy added 28 new photos.,"What an awesome week! Whimsy had the pleasure of photographing Black Friday and Santa Stories, and it was such a blast wandering the halls in elf ears with Santa, capturing all the joy and holiday magic! Thank you to everyone who shared a smile, a moment, or a memory with us!",,context,Holiday Promotions and Markets,False,
255,1764250283,2025-11-27 08:31 AM EST,media/1269600555194226.jpg,this_profile's_activity_across_facebook/posts/media/Mobileuploads_624264343061187/1269600555194226.jpg,Mobile uploads,"Whimsy recommends Dawn Parker, Realtor.","Really appreciate this Duo, Thank you for getting us into our first home! Highly Recommend working with Dawn and Travis!","Really appreciate this Duo, Thank you for getting us into our first home! Highly Recommend working with Dawn and Travis!",context,Uncategorized and General Portfolio,False,
256,1763861077,2025-11-22 08:24 PM EST,media/1266008422220106.jpg,this_profile's_activity_across_facebook/posts/media/Mobileuploads_624264343061187/1266008422220106.jpg,Mobile uploads,Whimsy added 8 new photos.,Had a blast being Santa’s elf today for Santa Stories with The Jackson Crossing Mall and the Jackson District Library! Thank you to everyone who came out — it was such a fun and magical way to kick off the holiday season. Can’t wait to do it all again this Black Friday!,,context,Jackson Crossing Community Events | Holiday Promotions and Markets,False,Sem mee 08 Ss e © & .
257,1763861077,2025-11-22 08:24 PM EST,media/1266008452220103.jpg,this_profile's_activity_across_facebook/posts/media/Mobileuploads_624264343061187/1266008452220103.jpg,Mobile uploads,Whimsy added 8 new photos.,Had a blast being Santa’s elf today for Santa Stories with The Jackson Crossing Mall and the Jackson District Library! Thank you to everyone who came out — it was such a fun and magical way to kick off the holiday season. Can’t wait to do it all again this Black Friday!,,context,Jackson Crossing Community Events | Holiday Promotions and Markets,False,
258,1763861077,2025-11-22 08:24 PM EST,media/1266008478886767.jpg,this_profile's_activity_across_facebook/posts/media/Mobileuploads_624264343061187/1266008478886767.jpg,Mobile uploads,Whimsy added 8 new photos.,Had a blast being Santa’s elf today for Santa Stories with The Jackson Crossing Mall and the Jackson District Library! Thank you to everyone who came out — it was such a fun and magical way to kick off the holiday season. Can’t wait to do it all again this Black Friday!,,context,Jackson Crossing Community Events | Holiday Promotions and Markets,False,
259,1763861077,2025-11-22 08:24 PM EST,media/1266008515553430.jpg,this_profile's_activity_across_facebook/posts/media/Mobileuploads_624264343061187/1266008515553430.jpg,Mobile uploads,Whimsy added 8 new photos.,Had a blast being Santa’s elf today for Santa Stories with The Jackson Crossing Mall and the Jackson District Library! Thank you to everyone who came out — it was such a fun and magical way to kick off the holiday season. Can’t wait to do it all again this Black Friday!,,context,Jackson Crossing Community Events | Holiday Promotions and Markets,False,
260,1763861077,2025-11-22 08:24 PM EST,media/1266008545553427.jpg,this_profile's_activity_across_facebook/posts/media/Mobileuploads_624264343061187/1266008545553427.jpg,Mobile uploads,Whimsy added 8 new photos.,Had a blast being Santa’s elf today for Santa Stories with The Jackson Crossing Mall and the Jackson District Library! Thank you to everyone who came out — it was such a fun and magical way to kick off the holiday season. Can’t wait to do it all again this Black Friday!,,context,Jackson Crossing Community Events | Holiday Promotions and Markets,False,
261,1763861077,2025-11-22 08:24 PM EST,media/1266008588886756.jpg,this_profile's_activity_across_facebook/posts/media/Mobileuploads_624264343061187/1266008588886756.jpg,Mobile uploads,Whimsy added 8 new photos.,Had a blast being Santa’s elf today for Santa Stories with The Jackson Crossing Mall and the Jackson District Library! Thank you to everyone who came out — it was such a fun and magical way to kick off the holiday season. Can’t wait to do it all again this Black Friday!,,context,Jackson Crossing Community Events | Holiday Promotions and Markets,False,"ae oO ae won Pye ve eS Be A ral om alt ‘@: ae cs) mI, Ib OFS ne an Ve Wi No wr abo ft N eM} re NS, “7 & mw 1 o's a \\) 1% 4 ww Ik S.4 i i bao sa * ‘Sf oe ne ff ih @ Dyn >"
262,1763861077,2025-11-22 08:24 PM EST,media/1266008622220086.jpg,this_profile's_activity_across_facebook/posts/media/Mobileuploads_624264343061187/1266008622220086.jpg,Mobile uploads,Whimsy added 8 new photos.,Had a blast being Santa’s elf today for Santa Stories with The Jackson Crossing Mall and the Jackson District Library! Thank you to everyone who came out — it was such a fun and magical way to kick off the holiday season. Can’t wait to do it all again this Black Friday!,,context,Jackson Crossing Community Events | Holiday Promotions and Markets,False,
263,1763861077,2025-11-22 08:24 PM EST,media/1266008655553416.jpg,this_profile's_activity_across_facebook/posts/media/Mobileuploads_624264343061187/1266008655553416.jpg,Mobile uploads,Whimsy added 8 new photos.,Had a blast being Santa’s elf today for Santa Stories with The Jackson Crossing Mall and the Jackson District Library! Thank you to everyone who came out — it was such a fun and magical way to kick off the holiday season. Can’t wait to do it all again this Black Friday!,,context,Jackson Crossing Community Events | Holiday Promotions and Markets,False,
264,1763646309,2025-11-20 08:45 AM EST,media/1263858579101757.jpg,this_profile's_activity_across_facebook/posts/media/Mobileuploads_624264343061187/1263858579101757.jpg,Mobile uploads,Whimsy added 6 new photos.,"Thank you to JobSquad for hosting this month’s Off the Clock with thr Jackson County Chamber of Commerce! A huge shoutout as well to Big Guy Catering LLC for the fantastic food and an all-around wonderful night of networking. We appreciate the opportunity to connect, collaborate, and continue building community together!",,context,Uncategorized and General Portfolio,False,
265,1763646309,2025-11-20 08:45 AM EST,media/1263858605768421.jpg,this_profile's_activity_across_facebook/posts/media/Mobileuploads_624264343061187/1263858605768421.jpg,Mobile uploads,Whimsy added 6 new photos.,"Thank you to JobSquad for hosting this month’s Off the Clock with thr Jackson County Chamber of Commerce! A huge shoutout as well to Big Guy Catering LLC for the fantastic food and an all-around wonderful night of networking. We appreciate the opportunity to connect, collaborate, and continue building community together!",,context,Uncategorized and General Portfolio,False,
266,1763646309,2025-11-20 08:45 AM EST,media/1263858642435084.jpg,this_profile's_activity_across_facebook/posts/media/Mobileuploads_624264343061187/1263858642435084.jpg,Mobile uploads,Whimsy added 6 new photos.,"Thank you to JobSquad for hosting this month’s Off the Clock with thr Jackson County Chamber of Commerce! A huge shoutout as well to Big Guy Catering LLC for the fantastic food and an all-around wonderful night of networking. We appreciate the opportunity to connect, collaborate, and continue building community together!",,context,Uncategorized and General Portfolio,False,"ae | mac 5 ug tere, | 020 ies your po Sparch ON mandi ave PRIQRAM CORDINATOR|AOMIN $202"
267,1763646309,2025-11-20 08:45 AM EST,media/1263858689101746.jpg,this_profile's_activity_across_facebook/posts/media/Mobileuploads_624264343061187/1263858689101746.jpg,Mobile uploads,Whimsy added 6 new photos.,"Thank you to JobSquad for hosting this month’s Off the Clock with thr Jackson County Chamber of Commerce! A huge shoutout as well to Big Guy Catering LLC for the fantastic food and an all-around wonderful night of networking. We appreciate the opportunity to connect, collaborate, and continue building community together!",,context,Uncategorized and General Portfolio,False,
268,1763646309,2025-11-20 08:45 AM EST,media/1263858722435076.jpg,this_profile's_activity_across_facebook/posts/media/Mobileuploads_624264343061187/1263858722435076.jpg,Mobile uploads,Whimsy added 6 new photos.,"Thank you to JobSquad for hosting this month’s Off the Clock with thr Jackson County Chamber of Commerce! A huge shoutout as well to Big Guy Catering LLC for the fantastic food and an all-around wonderful night of networking. We appreciate the opportunity to connect, collaborate, and continue building community together!",,context,Uncategorized and General Portfolio,False,
269,1763646309,2025-11-20 08:45 AM EST,media/1263858775768404.jpg,this_profile's_activity_across_facebook/posts/media/Mobileuploads_624264343061187/1263858775768404.jpg,Mobile uploads,Whimsy added 6 new photos.,"Thank you to JobSquad for hosting this month’s Off the Clock with thr Jackson County Chamber of Commerce! A huge shoutout as well to Big Guy Catering LLC for the fantastic food and an all-around wonderful night of networking. We appreciate the opportunity to connect, collaborate, and continue building community together!",,context,Uncategorized and General Portfolio,False,
270,1763255929,2025-11-15 08:18 PM EST,media/1260243076129974.jpg,this_profile's_activity_across_facebook/posts/media/Mobileuploads_624264343061187/1260243076129974.jpg,Mobile uploads,Whimsy added 3 new photos.,"Tonight I had the pleasure of meeting the board of The Welcome Home Organization_Jackson/Albion Michigan tonight! I’m so grateful for the opportunity to work with them through Leadership Jackson. This group does incredible work for our community, and if you’re not familiar, I highly encourage you to take a moment to learn more about The Welcome Home Organization and Gems of Jackson Child Care & Education Center — two amazing forces for good right here in our area. A huge thank-you as well to Bella Notte Ristorante for hosting us and providing such amazing food and a beautiful space!",,context,Uncategorized and General Portfolio,False,
271,1763255929,2025-11-15 08:18 PM EST,media/1260243112796637.jpg,this_profile's_activity_across_facebook/posts/media/Mobileuploads_624264343061187/1260243112796637.jpg,Mobile uploads,Whimsy added 3 new photos.,"Tonight I had the pleasure of meeting the board of The Welcome Home Organization_Jackson/Albion Michigan tonight! I’m so grateful for the opportunity to work with them through Leadership Jackson. This group does incredible work for our community, and if you’re not familiar, I highly encourage you to take a moment to learn more about The Welcome Home Organization and Gems of Jackson Child Care & Education Center — two amazing forces for good right here in our area. A huge thank-you as well to Bella Notte Ristorante for hosting us and providing such amazing food and a beautiful space!",,context,Uncategorized and General Portfolio,False,4 \ \ -* 3 i aa cena 0 NOs ty ae | a oo
272,1763255929,2025-11-15 08:18 PM EST,media/1260243139463301.jpg,this_profile's_activity_across_facebook/posts/media/Mobileuploads_624264343061187/1260243139463301.jpg,Mobile uploads,Whimsy added 3 new photos.,"Tonight I had the pleasure of meeting the board of The Welcome Home Organization_Jackson/Albion Michigan tonight! I’m so grateful for the opportunity to work with them through Leadership Jackson. This group does incredible work for our community, and if you’re not familiar, I highly encourage you to take a moment to learn more about The Welcome Home Organization and Gems of Jackson Child Care & Education Center — two amazing forces for good right here in our area. A huge thank-you as well to Bella Notte Ristorante for hosting us and providing such amazing food and a beautiful space!",,context,Uncategorized and General Portfolio,False,
273,1762969040,2025-11-12 12:37 PM EST,media/1257575986396683.jpg,this_profile's_activity_across_facebook/posts/media/Mobileuploads_624264343061187/1257575986396683.jpg,Mobile uploads,Whimsy added a new photo.,"“You can’t make fetch happen.” — Well, they are! Coming to Brooklyn in late 2026, Fetch Market will be making its mark on our little town! To find out more, check out The Exponent or visit their website for the full scoop. We can’t wait to see what’s in store for Brooklyn! 💛","“You can’t make fetch happen.” — Well, they are! Coming to Brooklyn in late 2026, @[61582852973420:2048:Fetch Market] will be making its mark on our little town! To find out more, check out @[100040378676890:2048:The Exponent] or visit their website for the full scoop. We can’t wait to see what’s in store for Brooklyn! 💛",promotion,Uncategorized and General Portfolio,False,"BREAKING NEWS Open to all parties * Controlled by none XEONENT [aj 881 rook! ‘started to unde transform: ing come in late 2026, inclu the first tenan’ the pare. ew SSCS [mle | YOUR LOCAL MARKET & DELI!"
274,1762908154,2025-11-11 07:42 PM EST,media/1256883486465933.jpg,this_profile's_activity_across_facebook/posts/media/Mobileuploads_624264343061187/1256883486465933.jpg,Mobile uploads,Whimsy added 6 new photos.,"Huge thank you to Tilted Arcade Bar, Jimmy John’s, and TWO MEN AND A TRUCK - Jackson, MI for an amazing food drive event! What a great idea and so cool to see our community come together to support one another. We’re lucky to have so many wonderful drives happening during this time of need! #CommunityStrong #GiveBack #JacksonMI #ThankYou",,promotion,Uncategorized and General Portfolio,False,IX ye % Ve oe Ee ue a) ey W/ Na\ | | Whe So ¢ sll = a
275,1762908154,2025-11-11 07:42 PM EST,media/1256883583132590.jpg,this_profile's_activity_across_facebook/posts/media/Mobileuploads_624264343061187/1256883583132590.jpg,Mobile uploads,Whimsy added 6 new photos.,"Huge thank you to Tilted Arcade Bar, Jimmy John’s, and TWO MEN AND A TRUCK - Jackson, MI for an amazing food drive event! What a great idea and so cool to see our community come together to support one another. We’re lucky to have so many wonderful drives happening during this time of need! #CommunityStrong #GiveBack #JacksonMI #ThankYou",,promotion,Uncategorized and General Portfolio,False,"\ 4 X © } YY a <* yay a Gets. a G wo Ne mo we ano A | Ke SES iV, we NN hi pene B \i\ ee re 4 Phy, 1 = ? ee. » e S sano AY — A: el AGANS ooh Ni, i Sv io pe rape Te one “4 OHy, of SHE we wr Rog ramilY of Fou! ae, fo sh ae p FEED ep YOU gent! on eriioY ee oF ye o Portic -icipatng to any ‘of Oo"" oe ert ye sT ue SONS Wwe oF o ye ee Sponsor ed BY pusinesse® joao ot of Local ) oS. of ow et yO gne® \o pe ny ww yy is Ny oP yo ws ane ) gy eee"
276,1762908154,2025-11-11 07:42 PM EST,media/1256883606465921.jpg,this_profile's_activity_across_facebook/posts/media/Mobileuploads_624264343061187/1256883606465921.jpg,Mobile uploads,Whimsy added 6 new photos.,"Huge thank you to Tilted Arcade Bar, Jimmy John’s, and TWO MEN AND A TRUCK - Jackson, MI for an amazing food drive event! What a great idea and so cool to see our community come together to support one another. We’re lucky to have so many wonderful drives happening during this time of need! #CommunityStrong #GiveBack #JacksonMI #ThankYou",,promotion,Uncategorized and General Portfolio,False,> = A oe f= mas 4 Wisi PRS i a ae ae: Fi oe es ke ea es ak CL Pk 4 er ia mm Bos es jeneney JOHN'S \ CATERING
277,1762908154,2025-11-11 07:42 PM EST,media/1256883636465918.jpg,this_profile's_activity_across_facebook/posts/media/Mobileuploads_624264343061187/1256883636465918.jpg,Mobile uploads,Whimsy added 6 new photos.,"Huge thank you to Tilted Arcade Bar, Jimmy John’s, and TWO MEN AND A TRUCK - Jackson, MI for an amazing food drive event! What a great idea and so cool to see our community come together to support one another. We’re lucky to have so many wonderful drives happening during this time of need! #CommunityStrong #GiveBack #JacksonMI #ThankYou",,promotion,Uncategorized and General Portfolio,False,aa = — <= ae . a ti dig \ ad oe cea She av I am! L y “y wis — mad =4 VAD . wa yp. Ell ad we — o —_— a ae << Ne « f — = sera
278,1762908154,2025-11-11 07:42 PM EST,media/1256883676465914.jpg,this_profile's_activity_across_facebook/posts/media/Mobileuploads_624264343061187/1256883676465914.jpg,Mobile uploads,Whimsy added 6 new photos.,"Huge thank you to Tilted Arcade Bar, Jimmy John’s, and TWO MEN AND A TRUCK - Jackson, MI for an amazing food drive event! What a great idea and so cool to see our community come together to support one another. We’re lucky to have so many wonderful drives happening during this time of need! #CommunityStrong #GiveBack #JacksonMI #ThankYou",,promotion,Uncategorized and General Portfolio,False,Ke 1GHT. Do ba a | ay ? @ & | i > | ABE | pau nA N = \ Le \4 = AX if 7 =U) pol a va
279,1762908154,2025-11-11 07:42 PM EST,media/1256883703132578.jpg,this_profile's_activity_across_facebook/posts/media/Mobileuploads_624264343061187/1256883703132578.jpg,Mobile uploads,Whimsy added 6 new photos.,"Huge thank you to Tilted Arcade Bar, Jimmy John’s, and TWO MEN AND A TRUCK - Jackson, MI for an amazing food drive event! What a great idea and so cool to see our community come together to support one another. We’re lucky to have so many wonderful drives happening during this time of need! #CommunityStrong #GiveBack #JacksonMI #ThankYou",,promotion,Uncategorized and General Portfolio,False,", 7 ss — e La == iv f ay Fx in \ ») Hogs ON i) Sy a ” we 4, < & g o: a6) 1 gS a Need EAS a? | i %, x ag ye /* i ®@, ra 4¢ f. ; Mo | “Bi"
280,1762525831,2025-11-07 09:30 AM EST,media/1252725953548353.jpg,this_profile's_activity_across_facebook/posts/media/Mobileuploads_624264343061187/1252725953548353.jpg,Mobile uploads,Whimsy added 4 new photos.,"Another wonderful “Wake Up Jackson!” with the Jackson Chamber of Commerce yesterday — where my company, WHIMSY, officially became a member! I’m so excited to be part of the Chamber community through both Whimsy and the Jackson Crossing Mall. A huge thank you to all the Chamber members and team working behind the scenes to make these events possible — your hard work and dedication are so appreciated!",,promotion,Jackson Crossing Community Events,False,"——_— ~~ ff os AAT A KK AWARD PRESENT jORING EXCELLENCE fe | ___.. q\, <"
281,1762525831,2025-11-07 09:30 AM EST,media/1252725986881683.jpg,this_profile's_activity_across_facebook/posts/media/Mobileuploads_624264343061187/1252725986881683.jpg,Mobile uploads,Whimsy added 4 new photos.,"Another wonderful “Wake Up Jackson!” with the Jackson Chamber of Commerce yesterday — where my company, WHIMSY, officially became a member! I’m so excited to be part of the Chamber community through both Whimsy and the Jackson Crossing Mall. A huge thank you to all the Chamber members and team working behind the scenes to make these events possible — your hard work and dedication are so appreciated!",,promotion,Jackson Crossing Community Events,False,— eee ae x Pees < by ‘a te eee is ue S oor ~ a f y mie 4 an 3 em a - os a eae AS -_ ae a me a fi aa)
282,1762525831,2025-11-07 09:30 AM EST,media/1252726016881680.jpg,this_profile's_activity_across_facebook/posts/media/Mobileuploads_624264343061187/1252726016881680.jpg,Mobile uploads,Whimsy added 4 new photos.,"Another wonderful “Wake Up Jackson!” with the Jackson Chamber of Commerce yesterday — where my company, WHIMSY, officially became a member! I’m so excited to be part of the Chamber community through both Whimsy and the Jackson Crossing Mall. A huge thank you to all the Chamber members and team working behind the scenes to make these events possible — your hard work and dedication are so appreciated!",,promotion,Jackson Crossing Community Events,False,"YY) ) ) ) =~ Accident Fund INSURANCE COMPANY OF AMERICA ee 4 be Aas,"
283,1762525831,2025-11-07 09:30 AM EST,media/1252726073548341.jpg,this_profile's_activity_across_facebook/posts/media/Mobileuploads_624264343061187/1252726073548341.jpg,Mobile uploads,Whimsy added 4 new photos.,"Another wonderful “Wake Up Jackson!” with the Jackson Chamber of Commerce yesterday — where my company, WHIMSY, officially became a member! I’m so excited to be part of the Chamber community through both Whimsy and the Jackson Crossing Mall. A huge thank you to all the Chamber members and team working behind the scenes to make these events possible — your hard work and dedication are so appreciated!",,promotion,Jackson Crossing Community Events,False,~ g = JACKSON COUNTY o Chamber of Commerce Vit E. > a —
284,1762463279,2025-11-06 04:07 PM EST,media/1252088506945431.jpg,this_profile's_activity_across_facebook/posts/media/Mobileuploads_624264343061187/1252088506945431.jpg,Mobile uploads,Whimsy added 2 new photos.,Had a wonderful time starting my morning with these incredible hosts at K-105.3 Jackson's Hit Music Station and NewsTalk 970 / 101.5 where we spoke about all of the wonderful things happening this season at the The Jackson Crossing Mall! Listen here : https://www.wkhm.com/episode/the-holiday-season-starts-soon-at-jackson-crossing/,,context,Jackson Crossing Community Events | Holiday Promotions and Markets,False,
285,1762463279,2025-11-06 04:07 PM EST,media/1252088540278761.jpg,this_profile's_activity_across_facebook/posts/media/Mobileuploads_624264343061187/1252088540278761.jpg,Mobile uploads,Whimsy added 2 new photos.,Had a wonderful time starting my morning with these incredible hosts at K-105.3 Jackson's Hit Music Station and NewsTalk 970 / 101.5 where we spoke about all of the wonderful things happening this season at the The Jackson Crossing Mall! Listen here : https://www.wkhm.com/episode/the-holiday-season-starts-soon-at-jackson-crossing/,,context,Jackson Crossing Community Events | Holiday Promotions and Markets,False,
286,1761736391,2025-10-29 07:13 AM EDT,media/1244614954359453.jpg,this_profile's_activity_across_facebook/posts/media/Mobileuploads_624264343061187/1244614954359453.jpg,Mobile uploads,Whimsy added 4 new photos.,"Another wonderful “Off The Clock” at The Theadore in downtown Jackson! So much wonderful work going into this buildings renovations, I cant wait to see it finished! And I loved relaxing with some good food and some of my amazing Peers with Leadership Jackson and the Jackson County Chamber of Commerce.",,context,Uncategorized and General Portfolio,False,"MY ee GS oe A SOY CU CU) hon 4 \ = a oe”. ee es ‘A a ry S\ Oo GO - a | \~ @4 6 a w \e ay, <=’ OWS ‘N Nt =e TS V \ ~ 4 = &. Say ~Sa * AR ed oy he. uid TPN ww Sea Pee wh S| , ON fg ee whi ae __—"
287,1761736391,2025-10-29 07:13 AM EDT,media/1244614997692782.jpg,this_profile's_activity_across_facebook/posts/media/Mobileuploads_624264343061187/1244614997692782.jpg,Mobile uploads,Whimsy added 4 new photos.,"Another wonderful “Off The Clock” at The Theadore in downtown Jackson! So much wonderful work going into this buildings renovations, I cant wait to see it finished! And I loved relaxing with some good food and some of my amazing Peers with Leadership Jackson and the Jackson County Chamber of Commerce.",,context,Uncategorized and General Portfolio,False,
288,1761736391,2025-10-29 07:13 AM EDT,media/1244615044359444.jpg,this_profile's_activity_across_facebook/posts/media/Mobileuploads_624264343061187/1244615044359444.jpg,Mobile uploads,Whimsy added 4 new photos.,"Another wonderful “Off The Clock” at The Theadore in downtown Jackson! So much wonderful work going into this buildings renovations, I cant wait to see it finished! And I loved relaxing with some good food and some of my amazing Peers with Leadership Jackson and the Jackson County Chamber of Commerce.",,context,Uncategorized and General Portfolio,False,
289,1761736391,2025-10-29 07:13 AM EDT,media/1244615081026107.jpg,this_profile's_activity_across_facebook/posts/media/Mobileuploads_624264343061187/1244615081026107.jpg,Mobile uploads,Whimsy added 4 new photos.,"Another wonderful “Off The Clock” at The Theadore in downtown Jackson! So much wonderful work going into this buildings renovations, I cant wait to see it finished! And I loved relaxing with some good food and some of my amazing Peers with Leadership Jackson and the Jackson County Chamber of Commerce.",,context,Uncategorized and General Portfolio,False,
290,1761437345,2025-10-25 08:09 PM EDT,media/1241649721322643.jpg,this_profile's_activity_across_facebook/posts/media/Mobileuploads_624264343061187/1241649721322643.jpg,Mobile uploads,Whimsy added 7 new photos.,"The 2nd Annual Flat Iron District: Block Party & Trunk or Treat! An afternoon filled with delicious food, amazing costumes, and plenty of candy to go around! From creative trunks to fun local booths, there was something for everyone to enjoy. In a time when community matters more than ever, Gems of Jackson Child Care & Education Center and The Welcome Home Organization_Jackson/Albion Michigan truly showed what it means to bring people together. Thank you to everyone who joined in and made it such a fun, uplifting day in the Flat Iron District! #FlatIronDistrict #TrunkOrTreat #JacksonMI",,promotion,Uncategorized and General Portfolio,False,sn “did SE il es 32 J 2) Whe \9 P — Ww. ay | ce ~ oe ¢) < | \ < het. yaw Gal <> eS é £ ee ee ae Pe Ries Rash ae jee” &
291,1761437345,2025-10-25 08:09 PM EDT,media/1241649747989307.jpg,this_profile's_activity_across_facebook/posts/media/Mobileuploads_624264343061187/1241649747989307.jpg,Mobile uploads,Whimsy added 7 new photos.,"The 2nd Annual Flat Iron District: Block Party & Trunk or Treat! An afternoon filled with delicious food, amazing costumes, and plenty of candy to go around! From creative trunks to fun local booths, there was something for everyone to enjoy. In a time when community matters more than ever, Gems of Jackson Child Care & Education Center and The Welcome Home Organization_Jackson/Albion Michigan truly showed what it means to bring people together. Thank you to everyone who joined in and made it such a fun, uplifting day in the Flat Iron District! #FlatIronDistrict #TrunkOrTreat #JacksonMI",,promotion,Uncategorized and General Portfolio,False,"6, ve eats pane: 47 % ee oe Hares iA eh / By Smt * ees hee Re ne ——s“ wy! a ] ae eS ag oe Bie ye et ba awe: —\- ¥° oe a .& ——s = to NI EES. aie gl es = Se, ¢ ee fi na » | & @b Bes ee \ F mae ox - Pe Se Hiss ay \ \ Re oa"
292,1761437345,2025-10-25 08:09 PM EDT,media/1241649797989302.jpg,this_profile's_activity_across_facebook/posts/media/Mobileuploads_624264343061187/1241649797989302.jpg,Mobile uploads,Whimsy added 7 new photos.,"The 2nd Annual Flat Iron District: Block Party & Trunk or Treat! An afternoon filled with delicious food, amazing costumes, and plenty of candy to go around! From creative trunks to fun local booths, there was something for everyone to enjoy. In a time when community matters more than ever, Gems of Jackson Child Care & Education Center and The Welcome Home Organization_Jackson/Albion Michigan truly showed what it means to bring people together. Thank you to everyone who joined in and made it such a fun, uplifting day in the Flat Iron District! #FlatIronDistrict #TrunkOrTreat #JacksonMI",,promotion,Uncategorized and General Portfolio,False,"WA te... aoe wf OK AM f — ee Py oy 2 ~ Kai aye pea al Ea ay Ae sre: ee 26. ta “No Oe, mS Ps Gk “a | Ce ie py or 2, — MS, | EY = 2 a a iy = \ 7 \ = — uv ein \ MC 1S rs) SS — n Po fe ee AS ristoat Barre as ‘Ge $i ys | wi wy] GatseeD ee"
293,1761437345,2025-10-25 08:09 PM EDT,media/1241649837989298.jpg,this_profile's_activity_across_facebook/posts/media/Mobileuploads_624264343061187/1241649837989298.jpg,Mobile uploads,Whimsy added 7 new photos.,"The 2nd Annual Flat Iron District: Block Party & Trunk or Treat! An afternoon filled with delicious food, amazing costumes, and plenty of candy to go around! From creative trunks to fun local booths, there was something for everyone to enjoy. In a time when community matters more than ever, Gems of Jackson Child Care & Education Center and The Welcome Home Organization_Jackson/Albion Michigan truly showed what it means to bring people together. Thank you to everyone who joined in and made it such a fun, uplifting day in the Flat Iron District! #FlatIronDistrict #TrunkOrTreat #JacksonMI",,promotion,Uncategorized and General Portfolio,False,"= ——— SS we he ae (i 26 ie ie xs eee ee ret Net XY ‘ Swe K me xX xx Var Bea os —| J i hy | mat SS TEREIDINN ia Se ae pene Sa a yy af saan IE Sos aS ee ‘aie | vy Oe, ive a Sere = "" | |"
294,1761437345,2025-10-25 08:09 PM EDT,media/1241649897989292.jpg,this_profile's_activity_across_facebook/posts/media/Mobileuploads_624264343061187/1241649897989292.jpg,Mobile uploads,Whimsy added 7 new photos.,"The 2nd Annual Flat Iron District: Block Party & Trunk or Treat! An afternoon filled with delicious food, amazing costumes, and plenty of candy to go around! From creative trunks to fun local booths, there was something for everyone to enjoy. In a time when community matters more than ever, Gems of Jackson Child Care & Education Center and The Welcome Home Organization_Jackson/Albion Michigan truly showed what it means to bring people together. Thank you to everyone who joined in and made it such a fun, uplifting day in the Flat Iron District! #FlatIronDistrict #TrunkOrTreat #JacksonMI",,promotion,Uncategorized and General Portfolio,False,"m Gg pant ies if tacos ee ‘f ei Vee Ay yt HM ms p. ee. a its a? sei bY Ae: 3, ss a Us Ligh, ae MI f oe *) os F ry Aint Tn AY Hay “ Se Se Ky Be Ay 4h 9 oe —— iy ii Nee a [| ‘ai De an-= atne oes a cote eh SMS) Vy, D L- 4h citer EERE. k / 4 fh i ii = ee Li fer Ki ii ——————, oo e), mu j || \e a Mh ‘\ [SNS Nai, = \\ iw Emp os OS a OS 39) ~ EARS"
295,1761437345,2025-10-25 08:09 PM EDT,media/1241649927989289.jpg,this_profile's_activity_across_facebook/posts/media/Mobileuploads_624264343061187/1241649927989289.jpg,Mobile uploads,Whimsy added 7 new photos.,"The 2nd Annual Flat Iron District: Block Party & Trunk or Treat! An afternoon filled with delicious food, amazing costumes, and plenty of candy to go around! From creative trunks to fun local booths, there was something for everyone to enjoy. In a time when community matters more than ever, Gems of Jackson Child Care & Education Center and The Welcome Home Organization_Jackson/Albion Michigan truly showed what it means to bring people together. Thank you to everyone who joined in and made it such a fun, uplifting day in the Flat Iron District! #FlatIronDistrict #TrunkOrTreat #JacksonMI",,promotion,Uncategorized and General Portfolio,False,"ry died | Mn | au ya 4 \) ‘A bx — ore Yi N) Pp Ge 1 ///} ik di NN), Ki yj) w / I, HI\ Af fi \\\ a \ \\ y) \ | Ny 0) Kia \ i] f ‘A ) Ali Hy 2 4 / 4 oe ,, i! Wy a al) Vath i \ i Vike: /}/ i Mi #aM| at Lain | | =a] \ 7 Pr: N VF rt asl X ee, A RY Sa bd «4, aor ) as. o4 ey ey peo ae ee eae: wrt at’"
296,1761437345,2025-10-25 08:09 PM EDT,media/1241649951322620.jpg,this_profile's_activity_across_facebook/posts/media/Mobileuploads_624264343061187/1241649951322620.jpg,Mobile uploads,Whimsy added 7 new photos.,"The 2nd Annual Flat Iron District: Block Party & Trunk or Treat! An afternoon filled with delicious food, amazing costumes, and plenty of candy to go around! From creative trunks to fun local booths, there was something for everyone to enjoy. In a time when community matters more than ever, Gems of Jackson Child Care & Education Center and The Welcome Home Organization_Jackson/Albion Michigan truly showed what it means to bring people together. Thank you to everyone who joined in and made it such a fun, uplifting day in the Flat Iron District! #FlatIronDistrict #TrunkOrTreat #JacksonMI",,promotion,Uncategorized and General Portfolio,False,"= = ee oe ae Bee as A iy es: rs a le Ze % aS Swe ‘et "" 5B Fue es a Insurance *¢ We Sg et Mie ra \ < = eee a see 25 Ie P 47 2. ce am aes By oe. i ae Ss yA as ee 5B YS, atu H es aed ~*~ ee) es Lg 5S ae (a ei ii) Red. ig RAS"
297,1761394550,2025-10-25 08:15 AM EDT,media/1241174158036866.jpg,this_profile's_activity_across_facebook/posts/media/Mobileuploads_624264343061187/1241174158036866.jpg,Mobile uploads,Whimsy added 2 new photos.,"-TODAY- Lakeland Cabaret is teaming up with The Welcome Home Organization_Jackson/Albion Michigan and Gems of Jackson Child Care & Education Center for the 2nd Annual Flat Iron District Block Party! 🕛 Today from 12 PM to 5 PM 🕔 Join our DJ for some spooky tunes, fun vibes, and a great time with the community. We can’t wait to see you there!",,promotion,Uncategorized and General Portfolio,False,| ey A (/ . eT 4 Pe c= %' LAKELAND *NCaraveEtT— > AND MO eS | Book Now: (517) -366-8859 Itskaypickett@gmail.com
298,1761394550,2025-10-25 08:15 AM EDT,media/1241174474703501.jpg,this_profile's_activity_across_facebook/posts/media/Mobileuploads_624264343061187/1241174474703501.jpg,Mobile uploads,Whimsy added 2 new photos.,"-TODAY- Lakeland Cabaret is teaming up with The Welcome Home Organization_Jackson/Albion Michigan and Gems of Jackson Child Care & Education Center for the 2nd Annual Flat Iron District Block Party! 🕛 Today from 12 PM to 5 PM 🕔 Join our DJ for some spooky tunes, fun vibes, and a great time with the community. We can’t wait to see you there!",,promotion,Uncategorized and General Portfolio,False,"(| \ | cy SY, A = a rl \ td to Li Saal A A ZND ANNUA FLAT IRON PISTAICT BLOCK & TRUNK OR TREAT! ""8 nia Walk oo PROVIDED. ! « \ Family Health — &SFg“tSoy roa i ~ “Music - Costu mes ‘inflatables Vendors-Games-Street Dance Vendors register @whovision.org Contact us @ 517-770-7876"
299,1761180623,2025-10-22 08:50 PM EDT,media/1238927874928161.jpg,this_profile's_activity_across_facebook/posts/media/Mobileuploads_624264343061187/1238927874928161.jpg,Mobile uploads,Whimsy added 4 new photos.,"What an incredible evening at The Luna Lux Lounge in downtown Jackson! The atmosphere alone is worth the visit — modern, warm, and effortlessly elegant. We were blown away by the caliber of the food and its stunning presentation. Every dish felt carefully curated — a true work of art both in flavor and design. It’s clear that The Luna Lux Lounge puts immense thought and care into every detail, from the menu to the music. This isn’t just another spot to catch a casual local dad jam; it’s an elevated dining experience filled with talent, creativity, and intention. From start to finish, They deliver on every level. Jackson is fortunate to have such a wonderful place rite down town!",,context,Uncategorized and General Portfolio,False,
300,1761180623,2025-10-22 08:50 PM EDT,media/1238927908261491.jpg,this_profile's_activity_across_facebook/posts/media/Mobileuploads_624264343061187/1238927908261491.jpg,Mobile uploads,Whimsy added 4 new photos.,"What an incredible evening at The Luna Lux Lounge in downtown Jackson! The atmosphere alone is worth the visit — modern, warm, and effortlessly elegant. We were blown away by the caliber of the food and its stunning presentation. Every dish felt carefully curated — a true work of art both in flavor and design. It’s clear that The Luna Lux Lounge puts immense thought and care into every detail, from the menu to the music. This isn’t just another spot to catch a casual local dad jam; it’s an elevated dining experience filled with talent, creativity, and intention. From start to finish, They deliver on every level. Jackson is fortunate to have such a wonderful place rite down town!",,context,Uncategorized and General Portfolio,False,
301,1761180623,2025-10-22 08:50 PM EDT,media/1238927944928154.jpg,this_profile's_activity_across_facebook/posts/media/Mobileuploads_624264343061187/1238927944928154.jpg,Mobile uploads,Whimsy added 4 new photos.,"What an incredible evening at The Luna Lux Lounge in downtown Jackson! The atmosphere alone is worth the visit — modern, warm, and effortlessly elegant. We were blown away by the caliber of the food and its stunning presentation. Every dish felt carefully curated — a true work of art both in flavor and design. It’s clear that The Luna Lux Lounge puts immense thought and care into every detail, from the menu to the music. This isn’t just another spot to catch a casual local dad jam; it’s an elevated dining experience filled with talent, creativity, and intention. From start to finish, They deliver on every level. Jackson is fortunate to have such a wonderful place rite down town!",,context,Uncategorized and General Portfolio,False,ee ‘| {* Wa | al
302,1761180623,2025-10-22 08:50 PM EDT,media/1238927991594816.jpg,this_profile's_activity_across_facebook/posts/media/Mobileuploads_624264343061187/1238927991594816.jpg,Mobile uploads,Whimsy added 4 new photos.,"What an incredible evening at The Luna Lux Lounge in downtown Jackson! The atmosphere alone is worth the visit — modern, warm, and effortlessly elegant. We were blown away by the caliber of the food and its stunning presentation. Every dish felt carefully curated — a true work of art both in flavor and design. It’s clear that The Luna Lux Lounge puts immense thought and care into every detail, from the menu to the music. This isn’t just another spot to catch a casual local dad jam; it’s an elevated dining experience filled with talent, creativity, and intention. From start to finish, They deliver on every level. Jackson is fortunate to have such a wonderful place rite down town!",This Gumbo was out of this world!,context,Uncategorized and General Portfolio,False,
303,1760700215,2025-10-17 07:23 AM EDT,media/1233980428756239.jpg,this_profile's_activity_across_facebook/posts/media/Mobileuploads_624264343061187/1233980428756239.jpg,Mobile uploads,Whimsy added 6 new photos.,"Yesterday I attended the Economic Summit at Jaxpo with the Jackson County Chamber of Commerce. It was an incredible opportunity to connect with local leaders, learn about the region’s growth, and discuss the bright future of Jackson’s economy. Grateful to be part of a community that continues to invest in progress and collaboration! #JacksonCounty #EconomicSummit #Jaxpo #CommunityGrowth",,context,Uncategorized and General Portfolio,False,
304,1760700215,2025-10-17 07:23 AM EDT,media/1233980452089570.jpg,this_profile's_activity_across_facebook/posts/media/Mobileuploads_624264343061187/1233980452089570.jpg,Mobile uploads,Whimsy added 6 new photos.,"Yesterday I attended the Economic Summit at Jaxpo with the Jackson County Chamber of Commerce. It was an incredible opportunity to connect with local leaders, learn about the region’s growth, and discuss the bright future of Jackson’s economy. Grateful to be part of a community that continues to invest in progress and collaboration! #JacksonCounty #EconomicSummit #Jaxpo #CommunityGrowth",,context,Uncategorized and General Portfolio,False,
305,1760700215,2025-10-17 07:23 AM EDT,media/1233980478756234.jpg,this_profile's_activity_across_facebook/posts/media/Mobileuploads_624264343061187/1233980478756234.jpg,Mobile uploads,Whimsy added 6 new photos.,"Yesterday I attended the Economic Summit at Jaxpo with the Jackson County Chamber of Commerce. It was an incredible opportunity to connect with local leaders, learn about the region’s growth, and discuss the bright future of Jackson’s economy. Grateful to be part of a community that continues to invest in progress and collaboration! #JacksonCounty #EconomicSummit #Jaxpo #CommunityGrowth",,context,Uncategorized and General Portfolio,False,
306,1760700215,2025-10-17 07:23 AM EDT,media/1233980522089563.jpg,this_profile's_activity_across_facebook/posts/media/Mobileuploads_624264343061187/1233980522089563.jpg,Mobile uploads,Whimsy added 6 new photos.,"Yesterday I attended the Economic Summit at Jaxpo with the Jackson County Chamber of Commerce. It was an incredible opportunity to connect with local leaders, learn about the region’s growth, and discuss the bright future of Jackson’s economy. Grateful to be part of a community that continues to invest in progress and collaboration! #JacksonCounty #EconomicSummit #Jaxpo #CommunityGrowth",,context,Uncategorized and General Portfolio,False,ha iy) 1K. hat imenit Ky tae R ‘DIVE. ———JJ).\ —~ A \N wey \! U Fe oe \ \\ \) « bie sy a \\: tera
307,1760700215,2025-10-17 07:23 AM EDT,media/1233980565422892.jpg,this_profile's_activity_across_facebook/posts/media/Mobileuploads_624264343061187/1233980565422892.jpg,Mobile uploads,Whimsy added 6 new photos.,"Yesterday I attended the Economic Summit at Jaxpo with the Jackson County Chamber of Commerce. It was an incredible opportunity to connect with local leaders, learn about the region’s growth, and discuss the bright future of Jackson’s economy. Grateful to be part of a community that continues to invest in progress and collaboration! #JacksonCounty #EconomicSummit #Jaxpo #CommunityGrowth",,context,Uncategorized and General Portfolio,False,
308,1760700215,2025-10-17 07:23 AM EDT,media/1233980592089556.jpg,this_profile's_activity_across_facebook/posts/media/Mobileuploads_624264343061187/1233980592089556.jpg,Mobile uploads,Whimsy added 6 new photos.,"Yesterday I attended the Economic Summit at Jaxpo with the Jackson County Chamber of Commerce. It was an incredible opportunity to connect with local leaders, learn about the region’s growth, and discuss the bright future of Jackson’s economy. Grateful to be part of a community that continues to invest in progress and collaboration! #JacksonCounty #EconomicSummit #Jaxpo #CommunityGrowth",,context,Uncategorized and General Portfolio,False,
309,1760663898,2025-10-16 09:18 PM EDT,media/1233619838792298.jpg,this_profile's_activity_across_facebook/posts/media/Photos_624264349727853/1233619838792298.jpg,Photos,Whimsy added 26 new photos.,"Brooklyn, MI-Witches Night Out 2025 It’s truly wonderful to live in a place with such a vibrant, engaging community. From local events to friendly faces, there’s always something special happening that reminds us why we love calling this area home! #witchesnightout2025 #witchesnightout #brooklynmichigan",,promotion,Uncategorized and General Portfolio,False,"Ap es oe TE ct STS LS EO “SV A s = ~ Atle ox Lies! LI MK bi! | 7) eo a) At tt aw ed a — wa iat i — re } —_— fy i= @e, a eS SS 1S"
310,1760663898,2025-10-16 09:18 PM EDT,media/1233619818792300.jpg,this_profile's_activity_across_facebook/posts/media/Photos_624264349727853/1233619818792300.jpg,Photos,Whimsy added 26 new photos.,"Brooklyn, MI-Witches Night Out 2025 It’s truly wonderful to live in a place with such a vibrant, engaging community. From local events to friendly faces, there’s always something special happening that reminds us why we love calling this area home! #witchesnightout2025 #witchesnightout #brooklynmichigan",,promotion,Uncategorized and General Portfolio,False,"® ° ® e f i e® ** ha eke =%, —, = so ¥ r r wees"
311,1760663898,2025-10-16 09:18 PM EDT,media/1233624672125148.jpg,this_profile's_activity_across_facebook/posts/media/Photos_624264349727853/1233624672125148.jpg,Photos,Whimsy added 26 new photos.,"Brooklyn, MI-Witches Night Out 2025 It’s truly wonderful to live in a place with such a vibrant, engaging community. From local events to friendly faces, there’s always something special happening that reminds us why we love calling this area home! #witchesnightout2025 #witchesnightout #brooklynmichigan",,promotion,Uncategorized and General Portfolio,False,o BS Be’ 1 [= I = \)
312,1760663898,2025-10-16 09:18 PM EDT,media/1233619972125618.jpg,this_profile's_activity_across_facebook/posts/media/Photos_624264349727853/1233619972125618.jpg,Photos,Whimsy added 26 new photos.,"Brooklyn, MI-Witches Night Out 2025 It’s truly wonderful to live in a place with such a vibrant, engaging community. From local events to friendly faces, there’s always something special happening that reminds us why we love calling this area home! #witchesnightout2025 #witchesnightout #brooklynmichigan",,promotion,Uncategorized and General Portfolio,False,"i io t a Nal « ¢ Re OV, we A \/ -e"
313,1760663898,2025-10-16 09:18 PM EDT,media/1233620062125609.jpg,this_profile's_activity_across_facebook/posts/media/Photos_624264349727853/1233620062125609.jpg,Photos,Whimsy added 26 new photos.,"Brooklyn, MI-Witches Night Out 2025 It’s truly wonderful to live in a place with such a vibrant, engaging community. From local events to friendly faces, there’s always something special happening that reminds us why we love calling this area home! #witchesnightout2025 #witchesnightout #brooklynmichigan",,promotion,Uncategorized and General Portfolio,False,"ee aes ae 4. Why ry ~ § Nai — ——> | | warn | eee « » | be -!_: , errr Ker yy SHAM ley"
314,1760663898,2025-10-16 09:18 PM EDT,media/1233624765458472.jpg,this_profile's_activity_across_facebook/posts/media/Photos_624264349727853/1233624765458472.jpg,Photos,Whimsy added 26 new photos.,"Brooklyn, MI-Witches Night Out 2025 It’s truly wonderful to live in a place with such a vibrant, engaging community. From local events to friendly faces, there’s always something special happening that reminds us why we love calling this area home! #witchesnightout2025 #witchesnightout #brooklynmichigan",,promotion,Uncategorized and General Portfolio,False,SS 20 On lh- 2 | a 1 1 qu
315,1760663898,2025-10-16 09:18 PM EDT,media/1233622772125338.jpg,this_profile's_activity_across_facebook/posts/media/Photos_624264349727853/1233622772125338.jpg,Photos,Whimsy added 26 new photos.,"Brooklyn, MI-Witches Night Out 2025 It’s truly wonderful to live in a place with such a vibrant, engaging community. From local events to friendly faces, there’s always something special happening that reminds us why we love calling this area home! #witchesnightout2025 #witchesnightout #brooklynmichigan",,promotion,Uncategorized and General Portfolio,False,Files bt me Se a: Callaalha 0) es ee ee BEE STA 6 Loi | —_—_—— FWwamsy |
316,1760663898,2025-10-16 09:18 PM EDT,media/1233624852125130.jpg,this_profile's_activity_across_facebook/posts/media/Photos_624264349727853/1233624852125130.jpg,Photos,Whimsy added 26 new photos.,"Brooklyn, MI-Witches Night Out 2025 It’s truly wonderful to live in a place with such a vibrant, engaging community. From local events to friendly faces, there’s always something special happening that reminds us why we love calling this area home! #witchesnightout2025 #witchesnightout #brooklynmichigan",,promotion,Uncategorized and General Portfolio,False,"y gs Y COg ""fe 1 Ey ay oy wey pt [my GH V ~~ a"
317,1760663898,2025-10-16 09:18 PM EDT,media/1233620142125601.jpg,this_profile's_activity_across_facebook/posts/media/Photos_624264349727853/1233620142125601.jpg,Photos,Whimsy added 26 new photos.,"Brooklyn, MI-Witches Night Out 2025 It’s truly wonderful to live in a place with such a vibrant, engaging community. From local events to friendly faces, there’s always something special happening that reminds us why we love calling this area home! #witchesnightout2025 #witchesnightout #brooklynmichigan",,promotion,Uncategorized and General Portfolio,False,"& owe p Roo 2012 Fall| W b a aris"" bil Yr az s SS b LS. 3H Tra - aime © Fi vit i ae | | ‘ Le ; =i & é N LAY =: ° ry 1] \e 4 vik oe a Ff"
318,1760663898,2025-10-16 09:18 PM EDT,media/1233622085458740.jpg,this_profile's_activity_across_facebook/posts/media/Photos_624264349727853/1233622085458740.jpg,Photos,Whimsy added 26 new photos.,"Brooklyn, MI-Witches Night Out 2025 It’s truly wonderful to live in a place with such a vibrant, engaging community. From local events to friendly faces, there’s always something special happening that reminds us why we love calling this area home! #witchesnightout2025 #witchesnightout #brooklynmichigan",,promotion,Uncategorized and General Portfolio,False,"in, ey es see gas: © © sod ad a eS as eee, | 4 a"
319,1760663898,2025-10-16 09:18 PM EDT,media/1233620228792259.jpg,this_profile's_activity_across_facebook/posts/media/Photos_624264349727853/1233620228792259.jpg,Photos,Whimsy added 26 new photos.,"Brooklyn, MI-Witches Night Out 2025 It’s truly wonderful to live in a place with such a vibrant, engaging community. From local events to friendly faces, there’s always something special happening that reminds us why we love calling this area home! #witchesnightout2025 #witchesnightout #brooklynmichigan",,promotion,Uncategorized and General Portfolio,False,"wu 2a. pete A INS. % @:\Gus. £ a. en; in , f nm iat ar wah \e Wh twee fl"
320,1760663898,2025-10-16 09:18 PM EDT,media/1233622525458696.jpg,this_profile's_activity_across_facebook/posts/media/Photos_624264349727853/1233622525458696.jpg,Photos,Whimsy added 26 new photos.,"Brooklyn, MI-Witches Night Out 2025 It’s truly wonderful to live in a place with such a vibrant, engaging community. From local events to friendly faces, there’s always something special happening that reminds us why we love calling this area home! #witchesnightout2025 #witchesnightout #brooklynmichigan",,promotion,Uncategorized and General Portfolio,False,". . _— —_— ~ —, ye . ’: s HH wee ww ~ “"
321,1760663898,2025-10-16 09:18 PM EDT,media/1233620322125583.jpg,this_profile's_activity_across_facebook/posts/media/Photos_624264349727853/1233620322125583.jpg,Photos,Whimsy added 26 new photos.,"Brooklyn, MI-Witches Night Out 2025 It’s truly wonderful to live in a place with such a vibrant, engaging community. From local events to friendly faces, there’s always something special happening that reminds us why we love calling this area home! #witchesnightout2025 #witchesnightout #brooklynmichigan",,promotion,Uncategorized and General Portfolio,False,"a ee Ska as ea ee Le) NS, 4M A We PS 7? + = ee a\ 4 a. bd ae mm er im @. CY “SY NHIMSY y"
322,1760663898,2025-10-16 09:18 PM EDT,media/1233620378792244.jpg,this_profile's_activity_across_facebook/posts/media/Photos_624264349727853/1233620378792244.jpg,Photos,Whimsy added 26 new photos.,"Brooklyn, MI-Witches Night Out 2025 It’s truly wonderful to live in a place with such a vibrant, engaging community. From local events to friendly faces, there’s always something special happening that reminds us why we love calling this area home! #witchesnightout2025 #witchesnightout #brooklynmichigan",,promotion,Uncategorized and General Portfolio,False,", ’ DRINK 1E aos ® ~ 2} Pn peg |"
323,1760663898,2025-10-16 09:18 PM EDT,media/1233619748792307.jpg,this_profile's_activity_across_facebook/posts/media/Photos_624264349727853/1233619748792307.jpg,Photos,Whimsy added 26 new photos.,"Brooklyn, MI-Witches Night Out 2025 It’s truly wonderful to live in a place with such a vibrant, engaging community. From local events to friendly faces, there’s always something special happening that reminds us why we love calling this area home! #witchesnightout2025 #witchesnightout #brooklynmichigan",,promotion,Uncategorized and General Portfolio,True,ace pico hn VF 9 i 1 1 “ig uaa inetng cepristens WHIMSY !
324,1760663898,2025-10-16 09:18 PM EDT,media/1233619772125638.jpg,this_profile's_activity_across_facebook/posts/media/Photos_624264349727853/1233619772125638.jpg,Photos,Whimsy added 26 new photos.,"Brooklyn, MI-Witches Night Out 2025 It’s truly wonderful to live in a place with such a vibrant, engaging community. From local events to friendly faces, there’s always something special happening that reminds us why we love calling this area home! #witchesnightout2025 #witchesnightout #brooklynmichigan",,promotion,Uncategorized and General Portfolio,False,» & \ as A - 4
325,1760663898,2025-10-16 09:18 PM EDT,media/1233619755458973.jpg,this_profile's_activity_across_facebook/posts/media/Photos_624264349727853/1233619755458973.jpg,Photos,Whimsy added 26 new photos.,"Brooklyn, MI-Witches Night Out 2025 It’s truly wonderful to live in a place with such a vibrant, engaging community. From local events to friendly faces, there’s always something special happening that reminds us why we love calling this area home! #witchesnightout2025 #witchesnightout #brooklynmichigan",,promotion,Uncategorized and General Portfolio,False,"ml ae te y j, >) \ NA WY 12 = a 2 a"
326,1760663898,2025-10-16 09:18 PM EDT,media/1233620448792237.jpg,this_profile's_activity_across_facebook/posts/media/Photos_624264349727853/1233620448792237.jpg,Photos,Whimsy added 26 new photos.,"Brooklyn, MI-Witches Night Out 2025 It’s truly wonderful to live in a place with such a vibrant, engaging community. From local events to friendly faces, there’s always something special happening that reminds us why we love calling this area home! #witchesnightout2025 #witchesnightout #brooklynmichigan",,promotion,Uncategorized and General Portfolio,False,‘waimsy § = MARKETPLAC: ) i . a ‘a |
327,1760663898,2025-10-16 09:18 PM EDT,media/1233622985458650.jpg,this_profile's_activity_across_facebook/posts/media/Photos_624264349727853/1233622985458650.jpg,Photos,Whimsy added 26 new photos.,"Brooklyn, MI-Witches Night Out 2025 It’s truly wonderful to live in a place with such a vibrant, engaging community. From local events to friendly faces, there’s always something special happening that reminds us why we love calling this area home! #witchesnightout2025 #witchesnightout #brooklynmichigan",,promotion,Uncategorized and General Portfolio,False,"rey ul >> Lu lll el ‘il am i ""EN 25 pm Sed oe et og re pat: a~ ml. o y' 4 ¥"
328,1760663898,2025-10-16 09:18 PM EDT,media/1233623088791973.jpg,this_profile's_activity_across_facebook/posts/media/Photos_624264349727853/1233623088791973.jpg,Photos,Whimsy added 26 new photos.,"Brooklyn, MI-Witches Night Out 2025 It’s truly wonderful to live in a place with such a vibrant, engaging community. From local events to friendly faces, there’s always something special happening that reminds us why we love calling this area home! #witchesnightout2025 #witchesnightout #brooklynmichigan",,promotion,Uncategorized and General Portfolio,False,"33f et — do 7 5 te «hee (iz: 4 fies #2 a 2 fhe ee fe. a. Vanessa Paz-Malson Dezarai $i Shepherd = ‘ yj if \ V7, fff cA Ve) rf EPR HIMS) if LL —L_i fi] |"
329,1760663898,2025-10-16 09:18 PM EDT,media/1233623212125294.jpg,this_profile's_activity_across_facebook/posts/media/Photos_624264349727853/1233623212125294.jpg,Photos,Whimsy added 26 new photos.,"Brooklyn, MI-Witches Night Out 2025 It’s truly wonderful to live in a place with such a vibrant, engaging community. From local events to friendly faces, there’s always something special happening that reminds us why we love calling this area home! #witchesnightout2025 #witchesnightout #brooklynmichigan",,promotion,Uncategorized and General Portfolio,False,"i> samen Case e| } Ul ne) ce oo ii a nd ‘i 2 1a At, A BADE LE =» bmi ft ts T CETHER | ‘im ~ Iwe ~a PX I > onay =| ay es RiRH , =r — a Ome Ma 1000 ies yr wees WHIMS |"
330,1760663898,2025-10-16 09:18 PM EDT,media/1233623415458607.jpg,this_profile's_activity_across_facebook/posts/media/Photos_624264349727853/1233623415458607.jpg,Photos,Whimsy added 26 new photos.,"Brooklyn, MI-Witches Night Out 2025 It’s truly wonderful to live in a place with such a vibrant, engaging community. From local events to friendly faces, there’s always something special happening that reminds us why we love calling this area home! #witchesnightout2025 #witchesnightout #brooklynmichigan",,promotion,Uncategorized and General Portfolio,False,Se Tee “ << ap 3 = = Sess == saa > = S == => =3= == 22s vt = >=>5 = =<Ss-s == z= =—s> >= === == NS ze es S= a= >= a= == Sees === == wed >= y <4 a aC -—< =) Se —_ | & b. oe a A ae “Ss UT SEL Lx i \\ | mm IT |
331,1760663898,2025-10-16 09:18 PM EDT,media/1233623518791930.jpg,this_profile's_activity_across_facebook/posts/media/Photos_624264349727853/1233623518791930.jpg,Photos,Whimsy added 26 new photos.,"Brooklyn, MI-Witches Night Out 2025 It’s truly wonderful to live in a place with such a vibrant, engaging community. From local events to friendly faces, there’s always something special happening that reminds us why we love calling this area home! #witchesnightout2025 #witchesnightout #brooklynmichigan",,promotion,Uncategorized and General Portfolio,False,LT” e ov \ => y « ‘C= x =~»
332,1760663898,2025-10-16 09:18 PM EDT,media/1233623652125250.jpg,this_profile's_activity_across_facebook/posts/media/Photos_624264349727853/1233623652125250.jpg,Photos,Whimsy added 26 new photos.,"Brooklyn, MI-Witches Night Out 2025 It’s truly wonderful to live in a place with such a vibrant, engaging community. From local events to friendly faces, there’s always something special happening that reminds us why we love calling this area home! #witchesnightout2025 #witchesnightout #brooklynmichigan",,promotion,Uncategorized and General Portfolio,False,"| : > | @, el ="
333,1760663898,2025-10-16 09:18 PM EDT,media/1233621688792113.jpg,this_profile's_activity_across_facebook/posts/media/Photos_624264349727853/1233621688792113.jpg,Photos,Whimsy added 26 new photos.,"Brooklyn, MI-Witches Night Out 2025 It’s truly wonderful to live in a place with such a vibrant, engaging community. From local events to friendly faces, there’s always something special happening that reminds us why we love calling this area home! #witchesnightout2025 #witchesnightout #brooklynmichigan",,promotion,Uncategorized and General Portfolio,False,"or — © Sep ee 4 ts aes % 4 one ony , we. I “2 py a Ae Da’ | ml te em > om SS weet)"
334,1760663898,2025-10-16 09:18 PM EDT,media/1233621532125462.jpg,this_profile's_activity_across_facebook/posts/media/Photos_624264349727853/1233621532125462.jpg,Photos,Whimsy added 26 new photos.,"Brooklyn, MI-Witches Night Out 2025 It’s truly wonderful to live in a place with such a vibrant, engaging community. From local events to friendly faces, there’s always something special happening that reminds us why we love calling this area home! #witchesnightout2025 #witchesnightout #brooklynmichigan",,promotion,Uncategorized and General Portfolio,False,| Faebe BOOKSTORE sf A Pat == fo ‘SS =~ a
335,1760659671,2025-10-16 08:07 PM EDT,media/1233581818796100.jpg,this_profile's_activity_across_facebook/posts/media/Mobileuploads_624264343061187/1233581818796100.jpg,Mobile uploads,Whimsy added 4 new photos.,"Was such a pleasure representing The Jackson Crossing Mall at Jaxpo for their first year! We had a great time meeting everyone and giving out coloring books, t-shirts, stickers, and more. It’s been such a joy to work alongside the team through their rebranding. Looking forward to the next Jaxpo with Jackson County Chamber of Commerce!",,result,Jackson Crossing Community Events,False,
336,1760659671,2025-10-16 08:07 PM EDT,media/1233581872129428.jpg,this_profile's_activity_across_facebook/posts/media/Mobileuploads_624264343061187/1233581872129428.jpg,Mobile uploads,Whimsy added 4 new photos.,"Was such a pleasure representing The Jackson Crossing Mall at Jaxpo for their first year! We had a great time meeting everyone and giving out coloring books, t-shirts, stickers, and more. It’s been such a joy to work alongside the team through their rebranding. Looking forward to the next Jaxpo with Jackson County Chamber of Commerce!",,result,Jackson Crossing Community Events,False,"a, \ a pe Ss Assik | ‘\ se Sh 9 Cite 4y So Qa \ THE + Von Viel age (avenge be Ape! Oe Zi RY JACKSON CROSSING ak wav — “ee ve nce ana on * Ks sommunty. You 3 a 22, = | UY \ aS ce! La Pye ron jubil ce! J by 1 ) nary ‘aes gk Cla B \vi “tye communi Boca IG “4 SiC. iN rel nome sr use pirit OS: cre? by \\ worse on Unveil 2 time ri ngind W i WYN tho! itt jon of ping ay Pi ne fil sii of ane core rst mpl THAI u ih a . \M unity fru! tne V' unity: ne 2 prac d 00"" as F' ectio™ histor usel 1S of ero st WV gn"
337,1760659671,2025-10-16 08:07 PM EDT,media/1233581915462757.jpg,this_profile's_activity_across_facebook/posts/media/Mobileuploads_624264343061187/1233581915462757.jpg,Mobile uploads,Whimsy added 4 new photos.,"Was such a pleasure representing The Jackson Crossing Mall at Jaxpo for their first year! We had a great time meeting everyone and giving out coloring books, t-shirts, stickers, and more. It’s been such a joy to work alongside the team through their rebranding. Looking forward to the next Jaxpo with Jackson County Chamber of Commerce!",,result,Jackson Crossing Community Events,False,
338,1760659671,2025-10-16 08:07 PM EDT,media/1233581948796087.jpg,this_profile's_activity_across_facebook/posts/media/Mobileuploads_624264343061187/1233581948796087.jpg,Mobile uploads,Whimsy added 4 new photos.,"Was such a pleasure representing The Jackson Crossing Mall at Jaxpo for their first year! We had a great time meeting everyone and giving out coloring books, t-shirts, stickers, and more. It’s been such a joy to work alongside the team through their rebranding. Looking forward to the next Jaxpo with Jackson County Chamber of Commerce!",,result,Jackson Crossing Community Events,False,
339,1760026235,2025-10-09 12:10 PM EDT,media/1226860232801592.jpg,this_profile's_activity_across_facebook/posts/media/Mobileuploads_624264343061187/1226860232801592.jpg,Mobile uploads,Whimsy added 6 new photos.,"What a morning at Wake Up, Jackson with the Jackson County Chamber of Commerce! Today’s session with Carolyn Bloodworth was filled with wonderful insight into the planning and happenings shaping our community. It’s always inspiring to hear about the great work being done right here in Jackson. So glad to join everyone for another engaging and uplifting morning!",,context,Uncategorized and General Portfolio,False,
340,1760026235,2025-10-09 12:10 PM EDT,media/1226860282801587.jpg,this_profile's_activity_across_facebook/posts/media/Mobileuploads_624264343061187/1226860282801587.jpg,Mobile uploads,Whimsy added 6 new photos.,"What a morning at Wake Up, Jackson with the Jackson County Chamber of Commerce! Today’s session with Carolyn Bloodworth was filled with wonderful insight into the planning and happenings shaping our community. It’s always inspiring to hear about the great work being done right here in Jackson. So glad to join everyone for another engaging and uplifting morning!",,context,Uncategorized and General Portfolio,False,
341,1760026235,2025-10-09 12:10 PM EDT,media/1226860316134917.jpg,this_profile's_activity_across_facebook/posts/media/Mobileuploads_624264343061187/1226860316134917.jpg,Mobile uploads,Whimsy added 6 new photos.,"What a morning at Wake Up, Jackson with the Jackson County Chamber of Commerce! Today’s session with Carolyn Bloodworth was filled with wonderful insight into the planning and happenings shaping our community. It’s always inspiring to hear about the great work being done right here in Jackson. So glad to join everyone for another engaging and uplifting morning!",,context,Uncategorized and General Portfolio,False,——— [| oa * PO TEA AME RTT ermine —_—— iD) | D) Mi 4 t \\ Sy] ‘e_\ ir i Se << he ee \f a a
342,1760026235,2025-10-09 12:10 PM EDT,media/1226860362801579.jpg,this_profile's_activity_across_facebook/posts/media/Mobileuploads_624264343061187/1226860362801579.jpg,Mobile uploads,Whimsy added 6 new photos.,"What a morning at Wake Up, Jackson with the Jackson County Chamber of Commerce! Today’s session with Carolyn Bloodworth was filled with wonderful insight into the planning and happenings shaping our community. It’s always inspiring to hear about the great work being done right here in Jackson. So glad to join everyone for another engaging and uplifting morning!",,context,Uncategorized and General Portfolio,False,
343,1760026235,2025-10-09 12:10 PM EDT,media/1226860402801575.jpg,this_profile's_activity_across_facebook/posts/media/Mobileuploads_624264343061187/1226860402801575.jpg,Mobile uploads,Whimsy added 6 new photos.,"What a morning at Wake Up, Jackson with the Jackson County Chamber of Commerce! Today’s session with Carolyn Bloodworth was filled with wonderful insight into the planning and happenings shaping our community. It’s always inspiring to hear about the great work being done right here in Jackson. So glad to join everyone for another engaging and uplifting morning!",,context,Uncategorized and General Portfolio,False,
344,1760026235,2025-10-09 12:10 PM EDT,media/1226860439468238.jpg,this_profile's_activity_across_facebook/posts/media/Mobileuploads_624264343061187/1226860439468238.jpg,Mobile uploads,Whimsy added 6 new photos.,"What a morning at Wake Up, Jackson with the Jackson County Chamber of Commerce! Today’s session with Carolyn Bloodworth was filled with wonderful insight into the planning and happenings shaping our community. It’s always inspiring to hear about the great work being done right here in Jackson. So glad to join everyone for another engaging and uplifting morning!",,context,Uncategorized and General Portfolio,False,
345,1759968633,2025-10-08 08:10 PM EDT,media/1226220116198937.jpg,this_profile's_activity_across_facebook/posts/media/Mobileuploads_624264343061187/1226220116198937.jpg,Mobile uploads,Whimsy added 2 new photos.,"Another wonderful meeting with Leadership Jackson! Today, we had the pleasure of hearing from Ben Ward, who spoke with us about the CliftonStrengths Assessment. We took a deep dive into our unique strengths and talents, learning how to better understand ourselves and how to use those strengths to make a positive impact in our work and everyday lives.",,context,Uncategorized and General Portfolio,False,
346,1759968633,2025-10-08 08:10 PM EDT,media/1226220142865601.jpg,this_profile's_activity_across_facebook/posts/media/Mobileuploads_624264343061187/1226220142865601.jpg,Mobile uploads,Whimsy added 2 new photos.,"Another wonderful meeting with Leadership Jackson! Today, we had the pleasure of hearing from Ben Ward, who spoke with us about the CliftonStrengths Assessment. We took a deep dive into our unique strengths and talents, learning how to better understand ourselves and how to use those strengths to make a positive impact in our work and everyday lives.",,context,Uncategorized and General Portfolio,False,"Patient, especially with inexperience. Anticipating the reaction and needs of others, tailoring your work to meet their Bringing order and stability to chaos or messes. | | Resourceful and curious — agile in times of change, never backed into a corner."
347,1759854060,2025-10-07 12:21 PM EDT,media/1224903029663979.jpg,this_profile's_activity_across_facebook/posts/media/Mobileuploads_624264343061187/1224903029663979.jpg,Mobile uploads,Whimsy added a new photo.,"Another awesome day with The Welcome Home Organization_Jackson/Albion Michigan and our amazing community. They’ve been busy painting tires for the new playground, and it’s been such a fun way to come together and make a difference. Can’t wait to see it all finished and full of color!","Another awesome day with @[100069963797027:2048:The Welcome Home Organization_Jackson/Albion Michigan] and our amazing community. They’ve been busy painting tires for the new playground, and it’s been such a fun way to come together and make a difference. Can’t wait to see it all finished and full of color!",context,Uncategorized and General Portfolio,False,
348,1759454930,2025-10-02 09:28 PM EDT,media/1220428950111387.jpg,this_profile's_activity_across_facebook/posts/media/Mobileuploads_624264343061187/1220428950111387.jpg,Mobile uploads,Whimsy added 3 new photos.,Halloween NiteLites at Michigan International Speedway in Brooklyn was absolutely amazing! What a fun and creative way to extend the light show into spooky season.I can’t wait to see how this event grows in the years to come. It’s definitely something worth checking out!,,promotion,Uncategorized and General Portfolio,False,"a we we M2 Ty a 4A) a a 5 Sek LOSES SR - by ny sfteiaes o> iy) nae * gh ring iavan is 7 = a researc repre a = Goering sis, > Falk Ie ea] ay ys = Pay nen! ugk ARs *) dy a Soe on Sore 8 —"
349,1759454930,2025-10-02 09:28 PM EDT,media/1220428983444717.jpg,this_profile's_activity_across_facebook/posts/media/Mobileuploads_624264343061187/1220428983444717.jpg,Mobile uploads,Whimsy added 3 new photos.,Halloween NiteLites at Michigan International Speedway in Brooklyn was absolutely amazing! What a fun and creative way to extend the light show into spooky season.I can’t wait to see how this event grows in the years to come. It’s definitely something worth checking out!,,promotion,Uncategorized and General Portfolio,False,oe . - oe a .* ete . een ene
350,1759454930,2025-10-02 09:28 PM EDT,media/1220429010111381.jpg,this_profile's_activity_across_facebook/posts/media/Mobileuploads_624264343061187/1220429010111381.jpg,Mobile uploads,Whimsy added 3 new photos.,Halloween NiteLites at Michigan International Speedway in Brooklyn was absolutely amazing! What a fun and creative way to extend the light show into spooky season.I can’t wait to see how this event grows in the years to come. It’s definitely something worth checking out!,,promotion,Uncategorized and General Portfolio,False,A. Re er ® A og ——— Bis fbepe en?
351,1759364388,2025-10-01 08:19 PM EDT,media/1219467130207569.jpg,this_profile's_activity_across_facebook/posts/media/Mobileuploads_624264343061187/1219467130207569.jpg,Mobile uploads,Whimsy added 5 new photos.,"One of the things I’m most looking forward to in Leadership Jackson is learning from my mentor,Vittoria with The Welcome Home Organization_Jackson/Albion Michigan . Her passion for community, dedication, and the respect she carries among her peers is truly inspiring. I feel grateful for the chance to learn from her and my leadership team, and I’m excited to grow through this experience with such an incredible group of people.",,context,Uncategorized and General Portfolio,False,"ra | pss. rn Nica rs ri) "" he re MO ARE mare RY a W ~~ “ihe HOUSES ae * f See \ % AA \ \ \ ‘es"
352,1759364388,2025-10-01 08:19 PM EDT,media/1219467163540899.jpg,this_profile's_activity_across_facebook/posts/media/Mobileuploads_624264343061187/1219467163540899.jpg,Mobile uploads,Whimsy added 5 new photos.,"One of the things I’m most looking forward to in Leadership Jackson is learning from my mentor,Vittoria with The Welcome Home Organization_Jackson/Albion Michigan . Her passion for community, dedication, and the respect she carries among her peers is truly inspiring. I feel grateful for the chance to learn from her and my leadership team, and I’m excited to grow through this experience with such an incredible group of people.",,context,Uncategorized and General Portfolio,False,
353,1759364388,2025-10-01 08:19 PM EDT,media/1219467203540895.jpg,this_profile's_activity_across_facebook/posts/media/Mobileuploads_624264343061187/1219467203540895.jpg,Mobile uploads,Whimsy added 5 new photos.,"One of the things I’m most looking forward to in Leadership Jackson is learning from my mentor,Vittoria with The Welcome Home Organization_Jackson/Albion Michigan . Her passion for community, dedication, and the respect she carries among her peers is truly inspiring. I feel grateful for the chance to learn from her and my leadership team, and I’m excited to grow through this experience with such an incredible group of people.",,context,Uncategorized and General Portfolio,False,
354,1759364388,2025-10-01 08:19 PM EDT,media/1219467256874223.jpg,this_profile's_activity_across_facebook/posts/media/Mobileuploads_624264343061187/1219467256874223.jpg,Mobile uploads,Whimsy added 5 new photos.,"One of the things I’m most looking forward to in Leadership Jackson is learning from my mentor,Vittoria with The Welcome Home Organization_Jackson/Albion Michigan . Her passion for community, dedication, and the respect she carries among her peers is truly inspiring. I feel grateful for the chance to learn from her and my leadership team, and I’m excited to grow through this experience with such an incredible group of people.",,context,Uncategorized and General Portfolio,False,
355,1759364388,2025-10-01 08:19 PM EDT,media/1219467290207553.jpg,this_profile's_activity_across_facebook/posts/media/Mobileuploads_624264343061187/1219467290207553.jpg,Mobile uploads,Whimsy added 5 new photos.,"One of the things I’m most looking forward to in Leadership Jackson is learning from my mentor,Vittoria with The Welcome Home Organization_Jackson/Albion Michigan . Her passion for community, dedication, and the respect she carries among her peers is truly inspiring. I feel grateful for the chance to learn from her and my leadership team, and I’m excited to grow through this experience with such an incredible group of people.",,context,Uncategorized and General Portfolio,False,
356,1759344633,2025-10-01 02:50 PM EDT,media/1219288460225436.jpg,this_profile's_activity_across_facebook/posts/media/Mobileuploads_624264343061187/1219288460225436.jpg,Mobile uploads,Whimsy added a new photo.,"Thank you to Walton Insurance Group and The Luna Lux Lounge for the goodies and gift certificate! It was a pleasure seeing you at our Chamber events, I can't wait to head to the lounge!","Thank you to @[1734549780111908:274:Walton Insurance Group] and @[61568245918484:2048:The Luna Lux Lounge] for the goodies and gift certificate! It was a pleasure seeing you at our Chamber events, I can't wait to head to the lounge!",promotion,Uncategorized and General Portfolio,False,14 ti | I + fi bi bit ls its i id ene / ~ SS a id %
357,1759004491,2025-09-27 04:21 PM EDT,media/1215786933908922.jpg,this_profile's_activity_across_facebook/posts/media/Mobileuploads_624264343061187/1215786933908922.jpg,Mobile uploads,Whimsy added 10 new photos.,"I just wanted to take a moment to highlight an incredible local group – The Welcome Home Organization_Jackson/Albion Michigan! They spent today painting tires for a brand-new sensory playground, and the energy was amazing! The best part? They’ll be back at it next Saturday with drinks and light food, so it’s a perfect chance to come out, get involved, and show your support. For those who don’t know, ""WHO"" is a grassroots nonprofit committed to uplifting underserved communities through bold, hands-on initiatives in youth empowerment, urban agriculture, and transitional support! If you’re looking for a way to give back while having some fun, this is it!",,context,Uncategorized and General Portfolio,False,
358,1759004491,2025-09-27 04:21 PM EDT,media/1215786967242252.jpg,this_profile's_activity_across_facebook/posts/media/Mobileuploads_624264343061187/1215786967242252.jpg,Mobile uploads,Whimsy added 10 new photos.,"I just wanted to take a moment to highlight an incredible local group – The Welcome Home Organization_Jackson/Albion Michigan! They spent today painting tires for a brand-new sensory playground, and the energy was amazing! The best part? They’ll be back at it next Saturday with drinks and light food, so it’s a perfect chance to come out, get involved, and show your support. For those who don’t know, ""WHO"" is a grassroots nonprofit committed to uplifting underserved communities through bold, hands-on initiatives in youth empowerment, urban agriculture, and transitional support! If you’re looking for a way to give back while having some fun, this is it!",,context,Uncategorized and General Portfolio,False,
359,1759004491,2025-09-27 04:21 PM EDT,media/1215787063908909.jpg,this_profile's_activity_across_facebook/posts/media/Mobileuploads_624264343061187/1215787063908909.jpg,Mobile uploads,Whimsy added 10 new photos.,"I just wanted to take a moment to highlight an incredible local group – The Welcome Home Organization_Jackson/Albion Michigan! They spent today painting tires for a brand-new sensory playground, and the energy was amazing! The best part? They’ll be back at it next Saturday with drinks and light food, so it’s a perfect chance to come out, get involved, and show your support. For those who don’t know, ""WHO"" is a grassroots nonprofit committed to uplifting underserved communities through bold, hands-on initiatives in youth empowerment, urban agriculture, and transitional support! If you’re looking for a way to give back while having some fun, this is it!",,context,Uncategorized and General Portfolio,False,
360,1759004491,2025-09-27 04:21 PM EDT,media/1215787160575566.jpg,this_profile's_activity_across_facebook/posts/media/Mobileuploads_624264343061187/1215787160575566.jpg,Mobile uploads,Whimsy added 10 new photos.,"I just wanted to take a moment to highlight an incredible local group – The Welcome Home Organization_Jackson/Albion Michigan! They spent today painting tires for a brand-new sensory playground, and the energy was amazing! The best part? They’ll be back at it next Saturday with drinks and light food, so it’s a perfect chance to come out, get involved, and show your support. For those who don’t know, ""WHO"" is a grassroots nonprofit committed to uplifting underserved communities through bold, hands-on initiatives in youth empowerment, urban agriculture, and transitional support! If you’re looking for a way to give back while having some fun, this is it!",,context,Uncategorized and General Portfolio,False,
361,1759004491,2025-09-27 04:21 PM EDT,media/1215787187242230.jpg,this_profile's_activity_across_facebook/posts/media/Mobileuploads_624264343061187/1215787187242230.jpg,Mobile uploads,Whimsy added 10 new photos.,"I just wanted to take a moment to highlight an incredible local group – The Welcome Home Organization_Jackson/Albion Michigan! They spent today painting tires for a brand-new sensory playground, and the energy was amazing! The best part? They’ll be back at it next Saturday with drinks and light food, so it’s a perfect chance to come out, get involved, and show your support. For those who don’t know, ""WHO"" is a grassroots nonprofit committed to uplifting underserved communities through bold, hands-on initiatives in youth empowerment, urban agriculture, and transitional support! If you’re looking for a way to give back while having some fun, this is it!",,context,Uncategorized and General Portfolio,False,"ox baat ot getty ere IY yt i 7 4 ii. = a OS » Kelair Wks, Ie s (A ¥ ig Ae. pe Si Vj og (a ad , a = avy fal x 94 XX"
362,1759004491,2025-09-27 04:21 PM EDT,media/1215787220575560.jpg,this_profile's_activity_across_facebook/posts/media/Mobileuploads_624264343061187/1215787220575560.jpg,Mobile uploads,Whimsy added 10 new photos.,"I just wanted to take a moment to highlight an incredible local group – The Welcome Home Organization_Jackson/Albion Michigan! They spent today painting tires for a brand-new sensory playground, and the energy was amazing! The best part? They’ll be back at it next Saturday with drinks and light food, so it’s a perfect chance to come out, get involved, and show your support. For those who don’t know, ""WHO"" is a grassroots nonprofit committed to uplifting underserved communities through bold, hands-on initiatives in youth empowerment, urban agriculture, and transitional support! If you’re looking for a way to give back while having some fun, this is it!",,context,Uncategorized and General Portfolio,False,
363,1759004491,2025-09-27 04:21 PM EDT,media/1215787260575556.jpg,this_profile's_activity_across_facebook/posts/media/Mobileuploads_624264343061187/1215787260575556.jpg,Mobile uploads,Whimsy added 10 new photos.,"I just wanted to take a moment to highlight an incredible local group – The Welcome Home Organization_Jackson/Albion Michigan! They spent today painting tires for a brand-new sensory playground, and the energy was amazing! The best part? They’ll be back at it next Saturday with drinks and light food, so it’s a perfect chance to come out, get involved, and show your support. For those who don’t know, ""WHO"" is a grassroots nonprofit committed to uplifting underserved communities through bold, hands-on initiatives in youth empowerment, urban agriculture, and transitional support! If you’re looking for a way to give back while having some fun, this is it!",,context,Uncategorized and General Portfolio,False,
364,1759004491,2025-09-27 04:21 PM EDT,media/1215787297242219.jpg,this_profile's_activity_across_facebook/posts/media/Mobileuploads_624264343061187/1215787297242219.jpg,Mobile uploads,Whimsy added 10 new photos.,"I just wanted to take a moment to highlight an incredible local group – The Welcome Home Organization_Jackson/Albion Michigan! They spent today painting tires for a brand-new sensory playground, and the energy was amazing! The best part? They’ll be back at it next Saturday with drinks and light food, so it’s a perfect chance to come out, get involved, and show your support. For those who don’t know, ""WHO"" is a grassroots nonprofit committed to uplifting underserved communities through bold, hands-on initiatives in youth empowerment, urban agriculture, and transitional support! If you’re looking for a way to give back while having some fun, this is it!",,context,Uncategorized and General Portfolio,False,
365,1759004491,2025-09-27 04:21 PM EDT,media/1215787343908881.jpg,this_profile's_activity_across_facebook/posts/media/Mobileuploads_624264343061187/1215787343908881.jpg,Mobile uploads,Whimsy added 10 new photos.,"I just wanted to take a moment to highlight an incredible local group – The Welcome Home Organization_Jackson/Albion Michigan! They spent today painting tires for a brand-new sensory playground, and the energy was amazing! The best part? They’ll be back at it next Saturday with drinks and light food, so it’s a perfect chance to come out, get involved, and show your support. For those who don’t know, ""WHO"" is a grassroots nonprofit committed to uplifting underserved communities through bold, hands-on initiatives in youth empowerment, urban agriculture, and transitional support! If you’re looking for a way to give back while having some fun, this is it!",,context,Uncategorized and General Portfolio,False,
366,1759004491,2025-09-27 04:21 PM EDT,media/1215787380575544.jpg,this_profile's_activity_across_facebook/posts/media/Mobileuploads_624264343061187/1215787380575544.jpg,Mobile uploads,Whimsy added 10 new photos.,"I just wanted to take a moment to highlight an incredible local group – The Welcome Home Organization_Jackson/Albion Michigan! They spent today painting tires for a brand-new sensory playground, and the energy was amazing! The best part? They’ll be back at it next Saturday with drinks and light food, so it’s a perfect chance to come out, get involved, and show your support. For those who don’t know, ""WHO"" is a grassroots nonprofit committed to uplifting underserved communities through bold, hands-on initiatives in youth empowerment, urban agriculture, and transitional support! If you’re looking for a way to give back while having some fun, this is it!",,context,Uncategorized and General Portfolio,False,"K ‘ta td alg si ee ay « Te BN Se ‘ect iv Se Pe & bgp, aig Gq =: Ng i) UT ~~ T an pe"
367,1758743983,2025-09-24 03:59 PM EDT,media/1213260297494919.jpg,this_profile's_activity_across_facebook/posts/media/Mobileuploads_624264343061187/1213260297494919.jpg,Mobile uploads,Whimsy added 2 new photos.,Big thank you to The Luna Lux Lounge in Jackson for hosting the most recent Off the Clock with the Chamber! It was a great time meeting new people and mingling in such an awesome space. Congrats to Luna Lux Lounge on your Brick Award and on opening such a beautiful place for the community to gather in Jackson!,,context,Uncategorized and General Portfolio,False,
368,1758743983,2025-09-24 03:59 PM EDT,media/1213260340828248.jpg,this_profile's_activity_across_facebook/posts/media/Mobileuploads_624264343061187/1213260340828248.jpg,Mobile uploads,Whimsy added 2 new photos.,Big thank you to The Luna Lux Lounge in Jackson for hosting the most recent Off the Clock with the Chamber! It was a great time meeting new people and mingling in such an awesome space. Congrats to Luna Lux Lounge on your Brick Award and on opening such a beautiful place for the community to gather in Jackson!,,context,Uncategorized and General Portfolio,False,
369,1758200668,2025-09-18 09:04 AM EDT,media/1207807898040159.jpg,this_profile's_activity_across_facebook/posts/media/Mobileuploads_624264343061187/1207807898040159.jpg,Mobile uploads,Whimsy added 2 new photos.,"Such a pleasure spending time with Jane Flores with The Jackson Crossing Mall and Dawn Parker, Realtor at our recent Jackson County Chamber of Commerce event. Loving the opportunities to mingle with other amazing local entrepreneurs!",,promotion,Jackson Crossing Community Events,False,"BACKSON bay nerce \Y)\ ch Chamb er of Commerc @ | cis roan cal Cor CKSON COUNTY JACKSON Cg, amber of Commerce Dick Chamb Ominerce g Cc « JACKSON COUNTY merce KS) Comme: wk amber of Comr ACKSON COUNTY, JAC amber of @ D | Cha ce ommMet er of Comme ACKSON AcksO -ham lerce | Cham \eKSON co! omme ICo amber -omme JACKSO! JAcks| ACKSON nama hmm hai brce Gg Chamb"
370,1758200668,2025-09-18 09:04 AM EDT,media/1207807944706821.jpg,this_profile's_activity_across_facebook/posts/media/Mobileuploads_624264343061187/1207807944706821.jpg,Mobile uploads,Whimsy added 2 new photos.,"Such a pleasure spending time with Jane Flores with The Jackson Crossing Mall and Dawn Parker, Realtor at our recent Jackson County Chamber of Commerce event. Loving the opportunities to mingle with other amazing local entrepreneurs!",,promotion,Jackson Crossing Community Events,False,"mmerce @ YACKs Cham Commerce JACKSON coun ambe, NTY Y erce &Y of Co F salaal= cs ON CO. o J,"
371,1753290023,2025-07-23 01:00 PM EDT,media/1160162659471350.jpg,this_profile's_activity_across_facebook/posts/media/Coverphotos_624264339727854/1160162659471350.jpg,Cover photos,,,,context,Uncategorized and General Portfolio,False,Di — sacks ys ad “i Chamber of Commerce JACKSON county a Chamiber ot a a
372,1749662234,2025-06-11 01:17 PM EDT,media/1127273206093629.jpg,this_profile's_activity_across_facebook/posts/media/Mobileuploads_624264343061187/1127273206093629.jpg,Mobile uploads,Whimsy added a new photo.,Could not be more thrilled to have had the opportunity to work so closely with our local radio stations! Catch the radio interview here: https://www.wkhm.com/local-interviews See you Saturday at Noon!,Could not be more thrilled to have had the opportunity to work so closely with our local radio stations! Catch the radio interview here: https://www.wkhm.com/local-interviews See you Saturday at Noon!,promotion,Uncategorized and General Portfolio,False,"pf HITTSY | cting| be ver JOIN US My FOR OUR tof 4\ Ae \ = vd -< la) N\ = a py. “ys Ss BS a = PANS rr GUES* AN S : A oS LIVE WEDNESDAY, AM JUNE 1109 (€COMMERCIAES 22 WEEK(OF JUNE"
373,1747492012,2025-05-17 10:26 AM EDT,media/1107955021358781.jpg,this_profile's_activity_across_facebook/posts/media/Mobileuploads_624264343061187/1107955021358781.jpg,Mobile uploads,Whimsy added 2 new photos.,So many wonderful opportunities with The Jackson Crossing Mall to explore working in print! So greateful for the collaboration and trust as we expand for our clients needs!,,context,Jackson Crossing Community Events,False,
374,1747492012,2025-05-17 10:26 AM EDT,media/1107955064692110.jpg,this_profile's_activity_across_facebook/posts/media/Mobileuploads_624264343061187/1107955064692110.jpg,Mobile uploads,Whimsy added 2 new photos.,So many wonderful opportunities with The Jackson Crossing Mall to explore working in print! So greateful for the collaboration and trust as we expand for our clients needs!,,context,Jackson Crossing Community Events,False,
375,1745247645,2025-04-21 11:00 AM EDT,media/1088502653304018.jpg,this_profile's_activity_across_facebook/posts/media/Mobileuploads_624264343061187/1088502653304018.jpg,Mobile uploads,Whimsy added 3 new photos.,"🎨 The Jackson County Student Art Show starts TODAY! Come out to Jackson Crossing Mall and experience the incredible talent of local K-12 students from across 13+ schools in our area. From colorful creativity to powerful pieces, this show is a true celebration of young artists and their hard work! #JacksonArtShow #SupportStudentArtists #JacksonCrossing #ArtStartsHere #StudentShowcase",,context,Jackson County Student Art Show | Jackson Crossing Community Events,False,
376,1745247645,2025-04-21 11:00 AM EDT,media/1088502739970676.jpg,this_profile's_activity_across_facebook/posts/media/Mobileuploads_624264343061187/1088502739970676.jpg,Mobile uploads,Whimsy added 3 new photos.,"🎨 The Jackson County Student Art Show starts TODAY! Come out to Jackson Crossing Mall and experience the incredible talent of local K-12 students from across 13+ schools in our area. From colorful creativity to powerful pieces, this show is a true celebration of young artists and their hard work! #JacksonArtShow #SupportStudentArtists #JacksonCrossing #ArtStartsHere #StudentShowcase",,context,Jackson County Student Art Show | Jackson Crossing Community Events,False,"4 ALPHA KONI i AMERICA’S BEST CONTACTS & EYEGI IRKS, \ EYES, BEST TRENDS,CLAIRE’S, a Lm \* y — ¢ 4 UU BOFFALO WHR WINGS BUCKLED yi oe WWW.SHOPJACKSONCROSSING.COM mim JCM-(517)-783-2606 a CRO. SSTNG BS a SZ, V4 ANI Ny o> re ANY ae 4 4 Sy CONCORD o 415 SE Q py yellow: Jackets zz = JAG Qs Eg 5 make the 10th year of the Jackson County aa Student Art Show so special! Your hard work, Lh 25 BE creativity, and support made this milestone ga a, & year truly memorable. Sz ade} za Thank you for allowing us"
377,1745247645,2025-04-21 11:00 AM EDT,media/1088502793304004.jpg,this_profile's_activity_across_facebook/posts/media/Mobileuploads_624264343061187/1088502793304004.jpg,Mobile uploads,Whimsy added 3 new photos.,"🎨 The Jackson County Student Art Show starts TODAY! Come out to Jackson Crossing Mall and experience the incredible talent of local K-12 students from across 13+ schools in our area. From colorful creativity to powerful pieces, this show is a true celebration of young artists and their hard work! #JacksonArtShow #SupportStudentArtists #JacksonCrossing #ArtStartsHere #StudentShowcase",,context,Jackson County Student Art Show | Jackson Crossing Community Events,False,
378,1740240830,2025-02-22 11:13 AM EST,media/1040973764723574.jpg,this_profile's_activity_across_facebook/posts/media/Mobileuploads_624264343061187/1040973764723574.jpg,Mobile uploads,Whimsy added 5 new photos.,"2025 has been wonderful so far! Always such a pleasure working with local businesses and entrepreneurs! We love bringing your vision to life with custom posters, social media ads, logos, and more. Don’t hesitate to reach out—we can’t wait to collaborate with you! #SupportLocal #GraphicDesign #Marketing",,context,Local Business Features,False,
379,1740240830,2025-02-22 11:13 AM EST,media/1040973798056904.jpg,this_profile's_activity_across_facebook/posts/media/Mobileuploads_624264343061187/1040973798056904.jpg,Mobile uploads,Whimsy added 5 new photos.,"2025 has been wonderful so far! Always such a pleasure working with local businesses and entrepreneurs! We love bringing your vision to life with custom posters, social media ads, logos, and more. Don’t hesitate to reach out—we can’t wait to collaborate with you! #SupportLocal #GraphicDesign #Marketing",,context,Local Business Features,False,
380,1740240830,2025-02-22 11:13 AM EST,media/1040973828056901.jpg,this_profile's_activity_across_facebook/posts/media/Mobileuploads_624264343061187/1040973828056901.jpg,Mobile uploads,Whimsy added 5 new photos.,"2025 has been wonderful so far! Always such a pleasure working with local businesses and entrepreneurs! We love bringing your vision to life with custom posters, social media ads, logos, and more. Don’t hesitate to reach out—we can’t wait to collaborate with you! #SupportLocal #GraphicDesign #Marketing",,context,Local Business Features,False,
381,1740240830,2025-02-22 11:13 AM EST,media/1040973861390231.jpg,this_profile's_activity_across_facebook/posts/media/Mobileuploads_624264343061187/1040973861390231.jpg,Mobile uploads,Whimsy added 5 new photos.,"2025 has been wonderful so far! Always such a pleasure working with local businesses and entrepreneurs! We love bringing your vision to life with custom posters, social media ads, logos, and more. Don’t hesitate to reach out—we can’t wait to collaborate with you! #SupportLocal #GraphicDesign #Marketing",,context,Local Business Features,False,af De Peggy Custom * 2 aN “7 ine's D Vale 2- 1A vos ay é* \\ 3 - hie a 4 + — + abi (CROSSTNG
382,1740240830,2025-02-22 11:13 AM EST,media/1040973891390228.jpg,this_profile's_activity_across_facebook/posts/media/Mobileuploads_624264343061187/1040973891390228.jpg,Mobile uploads,Whimsy added 5 new photos.,"2025 has been wonderful so far! Always such a pleasure working with local businesses and entrepreneurs! We love bringing your vision to life with custom posters, social media ads, logos, and more. Don’t hesitate to reach out—we can’t wait to collaborate with you! #SupportLocal #GraphicDesign #Marketing",,context,Local Business Features,False,
383,1737989019,2025-01-27 09:43 AM EST,media/1021283576692593.jpg,this_profile's_activity_across_facebook/posts/media/Mobileuploads_624264343061187/1021283576692593.jpg,Mobile uploads,Whimsy added 2 new photos.,"✨ New Year, New Spotlight! ✨ As the new year rolls in, we’re dedicating time to review, recommend, and recognize incredible local businesses and entrepreneurs going above and beyond in our community. These spotlights will feature businesses we’ve personally used, had amazing experiences with, and believe truly stand out for their quality, passion, and dedication. Our first Whimsical Review is for none other than Heavenly Bakes & Cakes ! This phenomenal local baker pours her heart into everything she does, delivering remarkable execution and unforgettable flavors. From timeless classics to custom cakes, hand-dipped strawberries, and more, her creations are pure perfection. Catch Heavenly Bakes and Cakes around town or at The Jackson Crossing Mall for the sweetest treats and unforgettable delights! Support local and treat yourself—you deserve it! #WhimsicalReview #SupportLocal #HeavenlyBakesAndCakes #SweetestTreats",,context,Jackson Crossing Community Events | Local Business Features,False,
384,1737989019,2025-01-27 09:43 AM EST,media/1021283623359255.jpg,this_profile's_activity_across_facebook/posts/media/Mobileuploads_624264343061187/1021283623359255.jpg,Mobile uploads,Whimsy added 2 new photos.,"✨ New Year, New Spotlight! ✨ As the new year rolls in, we’re dedicating time to review, recommend, and recognize incredible local businesses and entrepreneurs going above and beyond in our community. These spotlights will feature businesses we’ve personally used, had amazing experiences with, and believe truly stand out for their quality, passion, and dedication. Our first Whimsical Review is for none other than Heavenly Bakes & Cakes ! This phenomenal local baker pours her heart into everything she does, delivering remarkable execution and unforgettable flavors. From timeless classics to custom cakes, hand-dipped strawberries, and more, her creations are pure perfection. Catch Heavenly Bakes and Cakes around town or at The Jackson Crossing Mall for the sweetest treats and unforgettable delights! Support local and treat yourself—you deserve it! #WhimsicalReview #SupportLocal #HeavenlyBakesAndCakes #SweetestTreats",,context,Jackson Crossing Community Events | Local Business Features,False,
385,1735572827,2024-12-30 10:33 AM EST,media/1000952755392342.jpg,this_profile's_activity_across_facebook/posts/media/Photos_624264349727853/1000952755392342.jpg,Photos,Whimsy added 10 new photos.,"🎄✨ A HUGE thank you to all of our incredible vendors! ✨🎄 It was an absolute pleasure to Host Holiday in the Halls on behalf of The Jackson Crossing Mall As always, you all completely blew me away with your talent, creativity, and entrepreneurial spirit! 💫 It has been such a joy working alongside you this year, and I truly hope to continue collaborating with you in the new year. Here's to more amazing events, happy customers, and continued success for all! 🎉 Wishing you all a wonderful holiday season and a bright new year ahead! ❤️ #HolidayInTheHalls #JacksonCrossingMall #ThankYouVendors #SupportLocal #CommunitySpirit",,promotion,Jackson Crossing Community Events | Holiday Promotions and Markets,False,"Da + ee ja > as —fes poe h ae g or eens = wh ee ax fe Sowa pv da te SO , ee a aE cor er gsr? ae 2a e 1 -\ anhee®"
386,1735572827,2024-12-30 10:33 AM EST,media/1000952532059031.jpg,this_profile's_activity_across_facebook/posts/media/Photos_624264349727853/1000952532059031.jpg,Photos,Whimsy added 10 new photos.,"🎄✨ A HUGE thank you to all of our incredible vendors! ✨🎄 It was an absolute pleasure to Host Holiday in the Halls on behalf of The Jackson Crossing Mall As always, you all completely blew me away with your talent, creativity, and entrepreneurial spirit! 💫 It has been such a joy working alongside you this year, and I truly hope to continue collaborating with you in the new year. Here's to more amazing events, happy customers, and continued success for all! 🎉 Wishing you all a wonderful holiday season and a bright new year ahead! ❤️ #HolidayInTheHalls #JacksonCrossingMall #ThankYouVendors #SupportLocal #CommunitySpirit",,promotion,Jackson Crossing Community Events | Holiday Promotions and Markets,False,"¥*) UT L» LP, eS * u \ OM a i] “Ss ya 5 AS eM = 5. ak = —— = il — a apnney wege oe - rn PRG: Kuul Rugs Bling and Many More! apigeically Kuhl Face paints — agit ty a™ ae «% «x @ ya a \ \y: E- i* w Thee ""ff HI Y at en Ae : i 2h"
387,1735572827,2024-12-30 10:33 AM EST,media/1000952505392367.jpg,this_profile's_activity_across_facebook/posts/media/Photos_624264349727853/1000952505392367.jpg,Photos,Whimsy added 10 new photos.,"🎄✨ A HUGE thank you to all of our incredible vendors! ✨🎄 It was an absolute pleasure to Host Holiday in the Halls on behalf of The Jackson Crossing Mall As always, you all completely blew me away with your talent, creativity, and entrepreneurial spirit! 💫 It has been such a joy working alongside you this year, and I truly hope to continue collaborating with you in the new year. Here's to more amazing events, happy customers, and continued success for all! 🎉 Wishing you all a wonderful holiday season and a bright new year ahead! ❤️ #HolidayInTheHalls #JacksonCrossingMall #ThankYouVendors #SupportLocal #CommunitySpirit",,promotion,Jackson Crossing Community Events | Holiday Promotions and Markets,False,"HOLIDAY IN THE HALLS { / iL laf | q ~ di . \ ! 7 $ y ""Sa | LAKELAND NEXT TO: ALPHA KONEY (CROSSTNG"
388,1735572827,2024-12-30 10:33 AM EST,media/1000952588725692.jpg,this_profile's_activity_across_facebook/posts/media/Photos_624264349727853/1000952588725692.jpg,Photos,Whimsy added 10 new photos.,"🎄✨ A HUGE thank you to all of our incredible vendors! ✨🎄 It was an absolute pleasure to Host Holiday in the Halls on behalf of The Jackson Crossing Mall As always, you all completely blew me away with your talent, creativity, and entrepreneurial spirit! 💫 It has been such a joy working alongside you this year, and I truly hope to continue collaborating with you in the new year. Here's to more amazing events, happy customers, and continued success for all! 🎉 Wishing you all a wonderful holiday season and a bright new year ahead! ❤️ #HolidayInTheHalls #JacksonCrossingMall #ThankYouVendors #SupportLocal #CommunitySpirit",,promotion,Jackson Crossing Community Events | Holiday Promotions and Markets,False,% ¥ Galey Wd 3 MAGICALLY KUH INTS Wi ee Lal ca FACE PA cy I AVG Wenn eS + Aig! ae f) a hudf 4 Pye)
389,1735572827,2024-12-30 10:33 AM EST,media/1000952525392365.jpg,this_profile's_activity_across_facebook/posts/media/Photos_624264349727853/1000952525392365.jpg,Photos,Whimsy added 10 new photos.,"🎄✨ A HUGE thank you to all of our incredible vendors! ✨🎄 It was an absolute pleasure to Host Holiday in the Halls on behalf of The Jackson Crossing Mall As always, you all completely blew me away with your talent, creativity, and entrepreneurial spirit! 💫 It has been such a joy working alongside you this year, and I truly hope to continue collaborating with you in the new year. Here's to more amazing events, happy customers, and continued success for all! 🎉 Wishing you all a wonderful holiday season and a bright new year ahead! ❤️ #HolidayInTheHalls #JacksonCrossingMall #ThankYouVendors #SupportLocal #CommunitySpirit",,promotion,Jackson Crossing Community Events | Holiday Promotions and Markets,False,"du. t, ve 1e > 4 @ oS * 8 4 a \% * ae < i ey & ) Bo fas @* VEE Us) J G O8c iH} f i» @® 286 lackion O/CROSSTING"
390,1735572827,2024-12-30 10:33 AM EST,media/1000952685392349.jpg,this_profile's_activity_across_facebook/posts/media/Photos_624264349727853/1000952685392349.jpg,Photos,Whimsy added 10 new photos.,"🎄✨ A HUGE thank you to all of our incredible vendors! ✨🎄 It was an absolute pleasure to Host Holiday in the Halls on behalf of The Jackson Crossing Mall As always, you all completely blew me away with your talent, creativity, and entrepreneurial spirit! 💫 It has been such a joy working alongside you this year, and I truly hope to continue collaborating with you in the new year. Here's to more amazing events, happy customers, and continued success for all! 🎉 Wishing you all a wonderful holiday season and a bright new year ahead! ❤️ #HolidayInTheHalls #JacksonCrossingMall #ThankYouVendors #SupportLocal #CommunitySpirit",,promotion,Jackson Crossing Community Events | Holiday Promotions and Markets,False,"° % an rans 208 CE. — — i fore! +p PG a. £ hed 5 Bf 22; MSE: 5 tt Ae, wee ne ‘FH Screven e2ae SO eé i, |9® if Bis ey ¥ aq ) az at RIS} RE Ped ha ap ar iad aml eee ee a *-) ef, jada dh a Stop by the Christmas Tree Kiosk at the Jackson Crossing Mall! From personalized ornaments to unique holiday treasures, we have something special for everyone on your list! ee"
391,1735572827,2024-12-30 10:33 AM EST,media/1000952718725679.jpg,this_profile's_activity_across_facebook/posts/media/Photos_624264349727853/1000952718725679.jpg,Photos,Whimsy added 10 new photos.,"🎄✨ A HUGE thank you to all of our incredible vendors! ✨🎄 It was an absolute pleasure to Host Holiday in the Halls on behalf of The Jackson Crossing Mall As always, you all completely blew me away with your talent, creativity, and entrepreneurial spirit! 💫 It has been such a joy working alongside you this year, and I truly hope to continue collaborating with you in the new year. Here's to more amazing events, happy customers, and continued success for all! 🎉 Wishing you all a wonderful holiday season and a bright new year ahead! ❤️ #HolidayInTheHalls #JacksonCrossingMall #ThankYouVendors #SupportLocal #CommunitySpirit",,promotion,Jackson Crossing Community Events | Holiday Promotions and Markets,False,"AW OR REN IA ra iS nn. ag (sn sete ‘NA : ae e 5, . : , e . C ve ACS . OSSING on"
392,1735572827,2024-12-30 10:33 AM EST,media/1000952628725688.jpg,this_profile's_activity_across_facebook/posts/media/Photos_624264349727853/1000952628725688.jpg,Photos,Whimsy added 10 new photos.,"🎄✨ A HUGE thank you to all of our incredible vendors! ✨🎄 It was an absolute pleasure to Host Holiday in the Halls on behalf of The Jackson Crossing Mall As always, you all completely blew me away with your talent, creativity, and entrepreneurial spirit! 💫 It has been such a joy working alongside you this year, and I truly hope to continue collaborating with you in the new year. Here's to more amazing events, happy customers, and continued success for all! 🎉 Wishing you all a wonderful holiday season and a bright new year ahead! ❤️ #HolidayInTheHalls #JacksonCrossingMall #ThankYouVendors #SupportLocal #CommunitySpirit",,promotion,Jackson Crossing Community Events | Holiday Promotions and Markets,False,"iI a: \ = p\ \\ ieatin, RR yy hey = = 7 Vag py ALK EIN G Zi —— “y =H N \ 4 ‘ ] oe gp ot @ Ni a (CROSSTNG »® 4 oy"
393,1735572827,2024-12-30 10:33 AM EST,media/1000952598725691.jpg,this_profile's_activity_across_facebook/posts/media/Photos_624264349727853/1000952598725691.jpg,Photos,Whimsy added 10 new photos.,"🎄✨ A HUGE thank you to all of our incredible vendors! ✨🎄 It was an absolute pleasure to Host Holiday in the Halls on behalf of The Jackson Crossing Mall As always, you all completely blew me away with your talent, creativity, and entrepreneurial spirit! 💫 It has been such a joy working alongside you this year, and I truly hope to continue collaborating with you in the new year. Here's to more amazing events, happy customers, and continued success for all! 🎉 Wishing you all a wonderful holiday season and a bright new year ahead! ❤️ #HolidayInTheHalls #JacksonCrossingMall #ThankYouVendors #SupportLocal #CommunitySpirit",,promotion,Jackson Crossing Community Events | Holiday Promotions and Markets,False,"enw! -!_-. Sacksou WAN QO/CROSSING red S. im ay < “w ZA ~— oe % + / Dec 21st 2024 Noon-5p While you're enjoying all the Mall-o-ween fun, be sure to stop by our booth for some candy and to see the exciting dance classes we have available! \ By Alpha Koney Island"
394,1735572827,2024-12-30 10:33 AM EST,media/1000952675392350.jpg,this_profile's_activity_across_facebook/posts/media/Photos_624264349727853/1000952675392350.jpg,Photos,Whimsy added 10 new photos.,"🎄✨ A HUGE thank you to all of our incredible vendors! ✨🎄 It was an absolute pleasure to Host Holiday in the Halls on behalf of The Jackson Crossing Mall As always, you all completely blew me away with your talent, creativity, and entrepreneurial spirit! 💫 It has been such a joy working alongside you this year, and I truly hope to continue collaborating with you in the new year. Here's to more amazing events, happy customers, and continued success for all! 🎉 Wishing you all a wonderful holiday season and a bright new year ahead! ❤️ #HolidayInTheHalls #JacksonCrossingMall #ThankYouVendors #SupportLocal #CommunitySpirit",,promotion,Jackson Crossing Community Events | Holiday Promotions and Markets,False,at foley i thehall Abin Gz \
395,1734803719,2024-12-21 12:55 PM EST,media/994558686031749.jpg,this_profile's_activity_across_facebook/posts/media/Mobileuploads_624264343061187/994558686031749.jpg,Mobile uploads,Whimsy added a new photo.,🎄✨ Holiday in the Halls is Coming to Jackson Crossing Mall!✨🎄,🎄✨ Holiday in the Halls is Coming to Jackson Crossing Mall!✨🎄,promotion,Jackson Crossing Community Events | Holiday Promotions and Markets,True,"oe f. a otk, We 4 Ste 2S A @-x a? 3 Mevy we ie) “a F cGy Ri Ha? eam (SIMAS sy is @ BB Os Pa ES es Read Pye @ia NN A 1 an ND On asp = iv) Treat yourself to sweet delights (Vv) and enjoy the festive beats of our live DJ. gi. ISIMAS, It's a holiday experience you won’ want to miss! eal in ee lackion WHIMSY 0 (CROSSTNG Medial Marketing| Grophic Desig CHERRY HILL PROGRAMS"
396,1733763898,2024-12-09 12:04 PM EST,media/985893490231602.jpg,this_profile's_activity_across_facebook/posts/media/Mobileuploads_624264343061187/985893490231602.jpg,Mobile uploads,Whimsy added a new photo.,"🎄✨ Holiday in the Halls is Coming to Jackson Crossing Mall!✨🎄 Get ready for a festive evening of holiday magic at Holiday in the Halls! Join us on December 21st for an unforgettable celebration of the season. 🎅 Meet Santa Claus – Capture the magic with a special photo opportunity! 🎁 Shop Local Vendors – Find unique, last-minute gifts and treasures for everyone on your list. 🍪 Holiday Treats & Snacks – Indulge in seasonal goodies while you shop and explore. Bring your friends and family to make memories and celebrate the spirit of the holidays. 🌟 📍 Where: Jackson Crossing Mall 📅 When: December 21st Don’t miss out on this joyous community event. We can't wait to see you there! ❤️ #HolidayInTheHalls #JacksonCrossingMall #ShopLocal #HolidayMagic #FestiveFun","🎄✨ Holiday in the Halls is Coming to Jackson Crossing Mall!✨🎄 Get ready for a festive evening of holiday magic at Holiday in the Halls! Join us on December 21st for an unforgettable celebration of the season. 🎅 Meet Santa Claus – Capture the magic with a special photo opportunity! 🎁 Shop Local Vendors – Find unique, last-minute gifts and treasures for everyone on your list. 🍪 Holiday Treats & Snacks – Indulge in seasonal goodies while you shop and explore. Bring your friends and family to make memories and celebrate the spirit of the holidays. 🌟 📍 Where: Jackson Crossing Mall 📅 When: December 21st Don’t miss out on this joyous community event. We can't wait to see you there! ❤️ #HolidayInTheHalls #JacksonCrossingMall #ShopLocal #HolidayMagic #FestiveFun",promotion,Jackson Crossing Community Events | Holiday Promotions and Markets | Local Business Features,True,"A.2 oe AM « - “ae Ws J st W ae es dew ah } r tt RIS ISIMAS MAS \ is ous CR ome 5D wf ans av Mes ro te. “A wy \ ly 43 - ea) le aks Sy we eu in abe BE) et by, + + we ou age ot C\0N 1 H) Aow sw oe” 3 ins Treat yourself to sweet delights a3] e festive beats of our ES) 7) and enjoy th live DJ 3 Men. It’s a holiday experience you won't want to miss! = {] fe — UCKIOH WHIMSY CHERRY HILL OQ GONE Medial Morketingl Graphic Design PROGRAM"
397,1732403442,2024-11-23 06:10 PM EST,media/974588071362144.jpg,this_profile's_activity_across_facebook/posts/media/Mobileuploads_624264343061187/974588071362144.jpg,Mobile uploads,Whimsy added 7 new photos.,"Another amazing event in the books with The Jackson Crossing Mall! Such a pleasure to assist in advertising and curating such a wonderful group of vendors! Check out the Christmas event next, it's going to be the biggest of the year, and don't miss Santa's Grand Opening on Black Friday if you're local! Lakeland Cabaret Albert's Backyard Sweets The Kilted Farmers Heavenly Bakes & Cakes Peggy's custom floral designs & many more!",,promotion,Jackson Crossing Grand Openings | Jackson Crossing Community Events | Holiday Promotions and Markets,False,HAPPY HARVEST i ) 7 a NEXT TO: ALPHA KONEY NOV KE
398,1732403442,2024-11-23 06:10 PM EST,media/974588108028807.jpg,this_profile's_activity_across_facebook/posts/media/Mobileuploads_624264343061187/974588108028807.jpg,Mobile uploads,Whimsy added 7 new photos.,"Another amazing event in the books with The Jackson Crossing Mall! Such a pleasure to assist in advertising and curating such a wonderful group of vendors! Check out the Christmas event next, it's going to be the biggest of the year, and don't miss Santa's Grand Opening on Black Friday if you're local! Lakeland Cabaret Albert's Backyard Sweets The Kilted Farmers Heavenly Bakes & Cakes Peggy's custom floral designs & many more!",,promotion,Jackson Crossing Grand Openings | Jackson Crossing Community Events | Holiday Promotions and Markets,False,"SS 2 NO Ms Spoons,Rings & OTHER BANG iF \ {#4 Pak AX wh \ . ‘ey KOSS fi NG Vea == )/ “EE I ‘ —= i = li a a A"
399,1732403442,2024-11-23 06:10 PM EST,media/974588138028804.jpg,this_profile's_activity_across_facebook/posts/media/Mobileuploads_624264343061187/974588138028804.jpg,Mobile uploads,Whimsy added 7 new photos.,"Another amazing event in the books with The Jackson Crossing Mall! Such a pleasure to assist in advertising and curating such a wonderful group of vendors! Check out the Christmas event next, it's going to be the biggest of the year, and don't miss Santa's Grand Opening on Black Friday if you're local! Lakeland Cabaret Albert's Backyard Sweets The Kilted Farmers Heavenly Bakes & Cakes Peggy's custom floral designs & many more!",,promotion,Jackson Crossing Grand Openings | Jackson Crossing Community Events | Holiday Promotions and Markets,False,< pn flere Hocndo rel ie? Abit i a Ve ( ‘\ AN
400,1732403442,2024-11-23 06:10 PM EST,media/974588164695468.jpg,this_profile's_activity_across_facebook/posts/media/Mobileuploads_624264343061187/974588164695468.jpg,Mobile uploads,Whimsy added 7 new photos.,"Another amazing event in the books with The Jackson Crossing Mall! Such a pleasure to assist in advertising and curating such a wonderful group of vendors! Check out the Christmas event next, it's going to be the biggest of the year, and don't miss Santa's Grand Opening on Black Friday if you're local! Lakeland Cabaret Albert's Backyard Sweets The Kilted Farmers Heavenly Bakes & Cakes Peggy's custom floral designs & many more!",,promotion,Jackson Crossing Grand Openings | Jackson Crossing Community Events | Holiday Promotions and Markets,False,"} | Eee % ea ( i JSS Favor Delight | . something unique, their baked rue goods are made with a passion (Gs 1 for flavor. Perfectfor special occasions or everyday enjoyment! t i ; LC MCSODL pore ye: ROSSING"
401,1732403442,2024-11-23 06:10 PM EST,media/974588208028797.jpg,this_profile's_activity_across_facebook/posts/media/Mobileuploads_624264343061187/974588208028797.jpg,Mobile uploads,Whimsy added 7 new photos.,"Another amazing event in the books with The Jackson Crossing Mall! Such a pleasure to assist in advertising and curating such a wonderful group of vendors! Check out the Christmas event next, it's going to be the biggest of the year, and don't miss Santa's Grand Opening on Black Friday if you're local! Lakeland Cabaret Albert's Backyard Sweets The Kilted Farmers Heavenly Bakes & Cakes Peggy's custom floral designs & many more!",,promotion,Jackson Crossing Grand Openings | Jackson Crossing Community Events | Holiday Promotions and Markets,False,"ia we at (ie - Navetos NAL . 2, “hs oh ” 7 , ‘OSSING"
402,1732403442,2024-11-23 06:10 PM EST,media/974588238028794.jpg,this_profile's_activity_across_facebook/posts/media/Mobileuploads_624264343061187/974588238028794.jpg,Mobile uploads,Whimsy added 7 new photos.,"Another amazing event in the books with The Jackson Crossing Mall! Such a pleasure to assist in advertising and curating such a wonderful group of vendors! Check out the Christmas event next, it's going to be the biggest of the year, and don't miss Santa's Grand Opening on Black Friday if you're local! Lakeland Cabaret Albert's Backyard Sweets The Kilted Farmers Heavenly Bakes & Cakes Peggy's custom floral designs & many more!",,promotion,Jackson Crossing Grand Openings | Jackson Crossing Community Events | Holiday Promotions and Markets,False,HAPPY HARVEST gRMANS ENCHANTED ¢ S od oz = eo 8 ee we MCSOW ee @ ww ew oe ee ww ‘CROSSTNG $f
403,1732403442,2024-11-23 06:10 PM EST,media/974588278028790.jpg,this_profile's_activity_across_facebook/posts/media/Mobileuploads_624264343061187/974588278028790.jpg,Mobile uploads,Whimsy added 7 new photos.,"Another amazing event in the books with The Jackson Crossing Mall! Such a pleasure to assist in advertising and curating such a wonderful group of vendors! Check out the Christmas event next, it's going to be the biggest of the year, and don't miss Santa's Grand Opening on Black Friday if you're local! Lakeland Cabaret Albert's Backyard Sweets The Kilted Farmers Heavenly Bakes & Cakes Peggy's custom floral designs & many more!",,promotion,Jackson Crossing Grand Openings | Jackson Crossing Community Events | Holiday Promotions and Markets,False,"Ga (CROSSTNG “4 HAPPY HARVEST / | VENDORS = , a] STATIONERY SHADES & GIFTS, LLC tee pers CpRent rows b J&D'S FLAVORFUL DELIGHTS ROCKS AND ROUNDS IT MAKES SCENTS SPOONS, RINGS, AND OTHER BLING +MANY more!"
404,1730378861,2024-10-31 08:47 AM EDT,media/957429193078032.jpg,this_profile's_activity_across_facebook/posts/media/Photos_624264349727853/957429193078032.jpg,Photos,Whimsy added 11 new photos.,"I wanted to extend a massive thank you to each of you for making the 2nd Annual Malloween at The Jackson Crossing Mall such a fantastic success! Your participation, creativity, and commitment truly brought this event to life, and it was an absolute pleasure working with each of you. Creating eye-catching ads to showcase your businesses was blast and I’m so grateful for the chance to support and promote each of you. If you’d like to work together again on future projects or would like any additional marketing support, please don’t hesitate to reach out. I’d love to continue bringing that same creativity to your business. You can reach me anytime at Experiencewhimsy@gmail.com! Once again, thank you for being part of this incredible event. Looking forward to many more with you!",,promotion,Jackson Crossing Community Events,False,"OND ANNUAL eV EEN ofiahihe y i = = = _ J rr fe a JACKSON OCTOBER 26TH SCHOOL COME FOR THE CANDY, OF THE “it Apt STAY FOR THE CLASSES!"
405,1730378861,2024-10-31 08:47 AM EDT,media/957429103078041.jpg,this_profile's_activity_across_facebook/posts/media/Photos_624264349727853/957429103078041.jpg,Photos,Whimsy added 11 new photos.,"I wanted to extend a massive thank you to each of you for making the 2nd Annual Malloween at The Jackson Crossing Mall such a fantastic success! Your participation, creativity, and commitment truly brought this event to life, and it was an absolute pleasure working with each of you. Creating eye-catching ads to showcase your businesses was blast and I’m so grateful for the chance to support and promote each of you. If you’d like to work together again on future projects or would like any additional marketing support, please don’t hesitate to reach out. I’d love to continue bringing that same creativity to your business. You can reach me anytime at Experiencewhimsy@gmail.com! Once again, thank you for being part of this incredible event. Looking forward to many more with you!",,promotion,Jackson Crossing Community Events,False,"Sos ~ and Annual Malloween wy és : f y Y Le Rss) (nae é\ af I] cookies, and pastries, fic ~~ treat is made with love and . crafied to perfection, offering a taste of heaven in every bite : * * SK ¢"
406,1730378861,2024-10-31 08:47 AM EDT,media/957428966411388.jpg,this_profile's_activity_across_facebook/posts/media/Photos_624264349727853/957428966411388.jpg,Photos,Whimsy added 11 new photos.,"I wanted to extend a massive thank you to each of you for making the 2nd Annual Malloween at The Jackson Crossing Mall such a fantastic success! Your participation, creativity, and commitment truly brought this event to life, and it was an absolute pleasure working with each of you. Creating eye-catching ads to showcase your businesses was blast and I’m so grateful for the chance to support and promote each of you. If you’d like to work together again on future projects or would like any additional marketing support, please don’t hesitate to reach out. I’d love to continue bringing that same creativity to your business. You can reach me anytime at Experiencewhimsy@gmail.com! Once again, thank you for being part of this incredible event. Looking forward to many more with you!",,promotion,Jackson Crossing Community Events,False,"enw! -!_-. Sacksou WAN QO/CROSSING red S. im ay < “w ZA ~— oe % + / October 26th 2024 Noon-5p While you're enjoying all the Mall-o-ween fun, be sure to stop by our booth for some candy and to see the exciting dance classes we have available! \ By Alpha Koney Island Ope A poanalb | Mall oa Uaeady"
407,1730378861,2024-10-31 08:47 AM EDT,media/957428976411387.jpg,this_profile's_activity_across_facebook/posts/media/Photos_624264349727853/957428976411387.jpg,Photos,Whimsy added 11 new photos.,"I wanted to extend a massive thank you to each of you for making the 2nd Annual Malloween at The Jackson Crossing Mall such a fantastic success! Your participation, creativity, and commitment truly brought this event to life, and it was an absolute pleasure working with each of you. Creating eye-catching ads to showcase your businesses was blast and I’m so grateful for the chance to support and promote each of you. If you’d like to work together again on future projects or would like any additional marketing support, please don’t hesitate to reach out. I’d love to continue bringing that same creativity to your business. You can reach me anytime at Experiencewhimsy@gmail.com! Once again, thank you for being part of this incredible event. Looking forward to many more with you!",,promotion,Jackson Crossing Community Events,True,half as cos ae eA B Studio One 5 a a oe es A NBs ] : = Mall-O-ween + OCT 26TH | NOON-5PM + Join us for a day of fun and make memories with Studio 1 Photography down by the SOS! CC. Aion O/JEROSSING WHIMSY
408,1730378861,2024-10-31 08:47 AM EDT,media/957428889744729.jpg,this_profile's_activity_across_facebook/posts/media/Photos_624264349727853/957428889744729.jpg,Photos,Whimsy added 11 new photos.,"I wanted to extend a massive thank you to each of you for making the 2nd Annual Malloween at The Jackson Crossing Mall such a fantastic success! Your participation, creativity, and commitment truly brought this event to life, and it was an absolute pleasure working with each of you. Creating eye-catching ads to showcase your businesses was blast and I’m so grateful for the chance to support and promote each of you. If you’d like to work together again on future projects or would like any additional marketing support, please don’t hesitate to reach out. I’d love to continue bringing that same creativity to your business. You can reach me anytime at Experiencewhimsy@gmail.com! Once again, thank you for being part of this incredible event. Looking forward to many more with you!",,promotion,Jackson Crossing Community Events,True,"COIOrSTREET:.: | Pé id. a = ~ ORO Products: rae i Nail Polish ri Balms’. Make alves Find me Here SKE , WHIMSY"
409,1730378861,2024-10-31 08:47 AM EDT,media/957428896411395.jpg,this_profile's_activity_across_facebook/posts/media/Photos_624264349727853/957428896411395.jpg,Photos,Whimsy added 11 new photos.,"I wanted to extend a massive thank you to each of you for making the 2nd Annual Malloween at The Jackson Crossing Mall such a fantastic success! Your participation, creativity, and commitment truly brought this event to life, and it was an absolute pleasure working with each of you. Creating eye-catching ads to showcase your businesses was blast and I’m so grateful for the chance to support and promote each of you. If you’d like to work together again on future projects or would like any additional marketing support, please don’t hesitate to reach out. I’d love to continue bringing that same creativity to your business. You can reach me anytime at Experiencewhimsy@gmail.com! Once again, thank you for being part of this incredible event. Looking forward to many more with you!",,promotion,Jackson Crossing Community Events,False,ees = X ox a) O J&D's Flavorfil Delight ee an [1- Dba | \ rie goods are made with a passion for flavor. Perfect for special (Gs 1 f a occasions or everyday enjoyment! ;
410,1730378861,2024-10-31 08:47 AM EDT,media/957428873078064.jpg,this_profile's_activity_across_facebook/posts/media/Photos_624264349727853/957428873078064.jpg,Photos,Whimsy added 11 new photos.,"I wanted to extend a massive thank you to each of you for making the 2nd Annual Malloween at The Jackson Crossing Mall such a fantastic success! Your participation, creativity, and commitment truly brought this event to life, and it was an absolute pleasure working with each of you. Creating eye-catching ads to showcase your businesses was blast and I’m so grateful for the chance to support and promote each of you. If you’d like to work together again on future projects or would like any additional marketing support, please don’t hesitate to reach out. I’d love to continue bringing that same creativity to your business. You can reach me anytime at Experiencewhimsy@gmail.com! Once again, thank you for being part of this incredible event. Looking forward to many more with you!",,promotion,Jackson Crossing Community Events,False,"Oe S71 Sg > wes Og iS od Anny, r K \) vy “y or NEN, u4 : ? (0 Ss » WAS Sr > re <I > GRRE Ba /—_| ~~"
411,1730378861,2024-10-31 08:47 AM EDT,media/957428983078053.jpg,this_profile's_activity_across_facebook/posts/media/Photos_624264349727853/957428983078053.jpg,Photos,Whimsy added 11 new photos.,"I wanted to extend a massive thank you to each of you for making the 2nd Annual Malloween at The Jackson Crossing Mall such a fantastic success! Your participation, creativity, and commitment truly brought this event to life, and it was an absolute pleasure working with each of you. Creating eye-catching ads to showcase your businesses was blast and I’m so grateful for the chance to support and promote each of you. If you’d like to work together again on future projects or would like any additional marketing support, please don’t hesitate to reach out. I’d love to continue bringing that same creativity to your business. You can reach me anytime at Experiencewhimsy@gmail.com! Once again, thank you for being part of this incredible event. Looking forward to many more with you!",,promotion,Jackson Crossing Community Events,False,Ca @ BINHIG BY: STANOOUT BINHI_BY_STANDOUT al Ur Bat he Py On dow COLLECT Ox COLLECT ri COLLECTI COLLECTIO || Join us at Q RES 7™™M OW MALL-O-WEEN
412,1730378861,2024-10-31 08:47 AM EDT,media/957429089744709.jpg,this_profile's_activity_across_facebook/posts/media/Photos_624264349727853/957429089744709.jpg,Photos,Whimsy added 11 new photos.,"I wanted to extend a massive thank you to each of you for making the 2nd Annual Malloween at The Jackson Crossing Mall such a fantastic success! Your participation, creativity, and commitment truly brought this event to life, and it was an absolute pleasure working with each of you. Creating eye-catching ads to showcase your businesses was blast and I’m so grateful for the chance to support and promote each of you. If you’d like to work together again on future projects or would like any additional marketing support, please don’t hesitate to reach out. I’d love to continue bringing that same creativity to your business. You can reach me anytime at Experiencewhimsy@gmail.com! Once again, thank you for being part of this incredible event. Looking forward to many more with you!",,promotion,Jackson Crossing Community Events,False,"ENCHANTED: ¢ i ee AS we => ra * NS 2ND ANNUAL MALL-O-WEEN oe ee we LC, kon ee ee ew we ™ 2 2 @ 8 ele Gk ROSSTNG"
413,1730378861,2024-10-31 08:47 AM EDT,media/957429079744710.jpg,this_profile's_activity_across_facebook/posts/media/Photos_624264349727853/957429079744710.jpg,Photos,Whimsy added 11 new photos.,"I wanted to extend a massive thank you to each of you for making the 2nd Annual Malloween at The Jackson Crossing Mall such a fantastic success! Your participation, creativity, and commitment truly brought this event to life, and it was an absolute pleasure working with each of you. Creating eye-catching ads to showcase your businesses was blast and I’m so grateful for the chance to support and promote each of you. If you’d like to work together again on future projects or would like any additional marketing support, please don’t hesitate to reach out. I’d love to continue bringing that same creativity to your business. You can reach me anytime at Experiencewhimsy@gmail.com! Once again, thank you for being part of this incredible event. Looking forward to many more with you!",,promotion,Jackson Crossing Community Events,True,"4 ‘3 ee Pe. “@ Ys ""hy am, tes a 1PM-4PM NEXT TOF AL a KONEY = S| oe CHAIRS OCT = 3PM-FREEZE DANCE WHIMSY an"
414,1730378861,2024-10-31 08:47 AM EDT,media/957429169744701.jpg,this_profile's_activity_across_facebook/posts/media/Photos_624264349727853/957429169744701.jpg,Photos,Whimsy added 11 new photos.,"I wanted to extend a massive thank you to each of you for making the 2nd Annual Malloween at The Jackson Crossing Mall such a fantastic success! Your participation, creativity, and commitment truly brought this event to life, and it was an absolute pleasure working with each of you. Creating eye-catching ads to showcase your businesses was blast and I’m so grateful for the chance to support and promote each of you. If you’d like to work together again on future projects or would like any additional marketing support, please don’t hesitate to reach out. I’d love to continue bringing that same creativity to your business. You can reach me anytime at Experiencewhimsy@gmail.com! Once again, thank you for being part of this incredible event. Looking forward to many more with you!",,promotion,Jackson Crossing Community Events,False,"end Annual Mall- -O-ween co hy a, “| Hs. 7 le fA ang ra (= ene as ee aN — HIMSY LION QO KONE"
415,1728929959,2024-10-14 02:19 PM EDT,media/944490211038597.jpg,this_profile's_activity_across_facebook/posts/media/Photos_624264349727853/944490211038597.jpg,Photos,Whimsy added 10 new photos.,"🎃 Malloween at Jackson Crossing Mall is Almost Here! 🎃 Get ready for a spooktacular day at the 2nd Annual Malloween! Bring the whole family out for a fun-filled Halloween event at Jackson Crossing Mall—you won't want to miss it! 👻 🕸️ Date: October 26th 🕸️ Time: Noon-5p 🎃 Here’s What to Expect: 👗 Costume Fun! – Dress up in your costumes and hit the mall for some trick-or-treating! There will be candy stops throughout the mall, so make sure to bring your candy bags! 🛍️ Shop Our Vendors! – Local vendors will be showcasing unique items and Halloween treats you’ll love! Whether you're shopping for stationery, gifts, or something special, there’s something for everyone! 🍴 Grab a Bite! – Feeling hungry? Head over to the FFF TRUCK parked in front of Dunham's for delicious food, including their famous egg rolls, loaded fries, and more! Don't miss out on this fang-tastic day of fun, food, and festivities! 🎉👻 Tag your friends, share the news, and we’ll see you at the 2nd Annual Malloween! 🕷️",,promotion,Jackson Crossing Community Events,True,"4 ‘3 ee Pe. “@ Ys ""hy am, tes a 1PM-4PM NEXT TOF AL a KONEY = S| oe CHAIRS OCT = 3PM-FREEZE DANCE WHIMSY an"
416,1728929959,2024-10-14 02:19 PM EDT,media/944490204371931.jpg,this_profile's_activity_across_facebook/posts/media/Photos_624264349727853/944490204371931.jpg,Photos,Whimsy added 10 new photos.,"🎃 Malloween at Jackson Crossing Mall is Almost Here! 🎃 Get ready for a spooktacular day at the 2nd Annual Malloween! Bring the whole family out for a fun-filled Halloween event at Jackson Crossing Mall—you won't want to miss it! 👻 🕸️ Date: October 26th 🕸️ Time: Noon-5p 🎃 Here’s What to Expect: 👗 Costume Fun! – Dress up in your costumes and hit the mall for some trick-or-treating! There will be candy stops throughout the mall, so make sure to bring your candy bags! 🛍️ Shop Our Vendors! – Local vendors will be showcasing unique items and Halloween treats you’ll love! Whether you're shopping for stationery, gifts, or something special, there’s something for everyone! 🍴 Grab a Bite! – Feeling hungry? Head over to the FFF TRUCK parked in front of Dunham's for delicious food, including their famous egg rolls, loaded fries, and more! Don't miss out on this fang-tastic day of fun, food, and festivities! 🎉👻 Tag your friends, share the news, and we’ll see you at the 2nd Annual Malloween! 🕷️",,promotion,Jackson Crossing Community Events,True,Pong Fanlatic Food Truc SNS nn ae | akon ee mE i el | VEN AMERICAN FAVORITES INTO Mi UTHWATERI NG MASTERPIECES! CVs Fries] Ve poy @eeeoeeoeaenve00d08020880080 ~ an LCKSONM Q/EROSSING WHIMSY
417,1728929959,2024-10-14 02:19 PM EDT,media/944490191038599.jpg,this_profile's_activity_across_facebook/posts/media/Photos_624264349727853/944490191038599.jpg,Photos,Whimsy added 10 new photos.,"🎃 Malloween at Jackson Crossing Mall is Almost Here! 🎃 Get ready for a spooktacular day at the 2nd Annual Malloween! Bring the whole family out for a fun-filled Halloween event at Jackson Crossing Mall—you won't want to miss it! 👻 🕸️ Date: October 26th 🕸️ Time: Noon-5p 🎃 Here’s What to Expect: 👗 Costume Fun! – Dress up in your costumes and hit the mall for some trick-or-treating! There will be candy stops throughout the mall, so make sure to bring your candy bags! 🛍️ Shop Our Vendors! – Local vendors will be showcasing unique items and Halloween treats you’ll love! Whether you're shopping for stationery, gifts, or something special, there’s something for everyone! 🍴 Grab a Bite! – Feeling hungry? Head over to the FFF TRUCK parked in front of Dunham's for delicious food, including their famous egg rolls, loaded fries, and more! Don't miss out on this fang-tastic day of fun, food, and festivities! 🎉👻 Tag your friends, share the news, and we’ll see you at the 2nd Annual Malloween! 🕷️",,promotion,Jackson Crossing Community Events,False,Ca @ BINHIG BY: STANOOUT BINHI_BY_STANDOUT al Ur Bat he Py On dow COLLECT Ox COLLECT ri COLLECTI COLLECTIO || Join us at Q RES 7™™M OW MALL-O-WEEN
418,1728929959,2024-10-14 02:19 PM EDT,media/944490197705265.jpg,this_profile's_activity_across_facebook/posts/media/Photos_624264349727853/944490197705265.jpg,Photos,Whimsy added 10 new photos.,"🎃 Malloween at Jackson Crossing Mall is Almost Here! 🎃 Get ready for a spooktacular day at the 2nd Annual Malloween! Bring the whole family out for a fun-filled Halloween event at Jackson Crossing Mall—you won't want to miss it! 👻 🕸️ Date: October 26th 🕸️ Time: Noon-5p 🎃 Here’s What to Expect: 👗 Costume Fun! – Dress up in your costumes and hit the mall for some trick-or-treating! There will be candy stops throughout the mall, so make sure to bring your candy bags! 🛍️ Shop Our Vendors! – Local vendors will be showcasing unique items and Halloween treats you’ll love! Whether you're shopping for stationery, gifts, or something special, there’s something for everyone! 🍴 Grab a Bite! – Feeling hungry? Head over to the FFF TRUCK parked in front of Dunham's for delicious food, including their famous egg rolls, loaded fries, and more! Don't miss out on this fang-tastic day of fun, food, and festivities! 🎉👻 Tag your friends, share the news, and we’ll see you at the 2nd Annual Malloween! 🕷️",,promotion,Jackson Crossing Community Events,False,"enw! -!_-. Sacksou WAN QO/CROSSING red S. im ay < “w ZA ~— oe % + / October 26th 2024 Noon-5p While you're enjoying all the Mall-o-ween fun, be sure to stop by our booth for some candy and to see the exciting dance classes we have available! \ By Alpha Koney Island Ope A poanalb | Mall oa Uaeady"
419,1728929959,2024-10-14 02:19 PM EDT,media/944490221038596.jpg,this_profile's_activity_across_facebook/posts/media/Photos_624264349727853/944490221038596.jpg,Photos,Whimsy added 10 new photos.,"🎃 Malloween at Jackson Crossing Mall is Almost Here! 🎃 Get ready for a spooktacular day at the 2nd Annual Malloween! Bring the whole family out for a fun-filled Halloween event at Jackson Crossing Mall—you won't want to miss it! 👻 🕸️ Date: October 26th 🕸️ Time: Noon-5p 🎃 Here’s What to Expect: 👗 Costume Fun! – Dress up in your costumes and hit the mall for some trick-or-treating! There will be candy stops throughout the mall, so make sure to bring your candy bags! 🛍️ Shop Our Vendors! – Local vendors will be showcasing unique items and Halloween treats you’ll love! Whether you're shopping for stationery, gifts, or something special, there’s something for everyone! 🍴 Grab a Bite! – Feeling hungry? Head over to the FFF TRUCK parked in front of Dunham's for delicious food, including their famous egg rolls, loaded fries, and more! Don't miss out on this fang-tastic day of fun, food, and festivities! 🎉👻 Tag your friends, share the news, and we’ll see you at the 2nd Annual Malloween! 🕷️",,promotion,Jackson Crossing Community Events,True,half as cos ae eA B Studio One 5 a a oe es A NBs ] : = Mall-O-ween + OCT 26TH | NOON-5PM + Join us for a day of fun and make memories with Studio 1 Photography down by the SOS! CC. Aion O/JEROSSING WHIMSY
420,1728929959,2024-10-14 02:19 PM EDT,media/944490217705263.jpg,this_profile's_activity_across_facebook/posts/media/Photos_624264349727853/944490217705263.jpg,Photos,Whimsy added 10 new photos.,"🎃 Malloween at Jackson Crossing Mall is Almost Here! 🎃 Get ready for a spooktacular day at the 2nd Annual Malloween! Bring the whole family out for a fun-filled Halloween event at Jackson Crossing Mall—you won't want to miss it! 👻 🕸️ Date: October 26th 🕸️ Time: Noon-5p 🎃 Here’s What to Expect: 👗 Costume Fun! – Dress up in your costumes and hit the mall for some trick-or-treating! There will be candy stops throughout the mall, so make sure to bring your candy bags! 🛍️ Shop Our Vendors! – Local vendors will be showcasing unique items and Halloween treats you’ll love! Whether you're shopping for stationery, gifts, or something special, there’s something for everyone! 🍴 Grab a Bite! – Feeling hungry? Head over to the FFF TRUCK parked in front of Dunham's for delicious food, including their famous egg rolls, loaded fries, and more! Don't miss out on this fang-tastic day of fun, food, and festivities! 🎉👻 Tag your friends, share the news, and we’ll see you at the 2nd Annual Malloween! 🕷️",,promotion,Jackson Crossing Community Events,False,"end Annual Mall- -O-ween co hy a, “| Hs. 7 le fA ang ra (= ene as ee aN — HIMSY LION QO KONE"
421,1728929959,2024-10-14 02:19 PM EDT,media/944490207705264.jpg,this_profile's_activity_across_facebook/posts/media/Photos_624264349727853/944490207705264.jpg,Photos,Whimsy added 10 new photos.,"🎃 Malloween at Jackson Crossing Mall is Almost Here! 🎃 Get ready for a spooktacular day at the 2nd Annual Malloween! Bring the whole family out for a fun-filled Halloween event at Jackson Crossing Mall—you won't want to miss it! 👻 🕸️ Date: October 26th 🕸️ Time: Noon-5p 🎃 Here’s What to Expect: 👗 Costume Fun! – Dress up in your costumes and hit the mall for some trick-or-treating! There will be candy stops throughout the mall, so make sure to bring your candy bags! 🛍️ Shop Our Vendors! – Local vendors will be showcasing unique items and Halloween treats you’ll love! Whether you're shopping for stationery, gifts, or something special, there’s something for everyone! 🍴 Grab a Bite! – Feeling hungry? Head over to the FFF TRUCK parked in front of Dunham's for delicious food, including their famous egg rolls, loaded fries, and more! Don't miss out on this fang-tastic day of fun, food, and festivities! 🎉👻 Tag your friends, share the news, and we’ll see you at the 2nd Annual Malloween! 🕷️",,promotion,Jackson Crossing Community Events,False,E _ _ ZANIYA io am BE ADWORI\ “y CRE ATIONZ nN u] KOK + XK OK —=) _- Handmade JEWELERY f Zitiye K@) TG
422,1728929959,2024-10-14 02:19 PM EDT,media/944490201038598.jpg,this_profile's_activity_across_facebook/posts/media/Photos_624264349727853/944490201038598.jpg,Photos,Whimsy added 10 new photos.,"🎃 Malloween at Jackson Crossing Mall is Almost Here! 🎃 Get ready for a spooktacular day at the 2nd Annual Malloween! Bring the whole family out for a fun-filled Halloween event at Jackson Crossing Mall—you won't want to miss it! 👻 🕸️ Date: October 26th 🕸️ Time: Noon-5p 🎃 Here’s What to Expect: 👗 Costume Fun! – Dress up in your costumes and hit the mall for some trick-or-treating! There will be candy stops throughout the mall, so make sure to bring your candy bags! 🛍️ Shop Our Vendors! – Local vendors will be showcasing unique items and Halloween treats you’ll love! Whether you're shopping for stationery, gifts, or something special, there’s something for everyone! 🍴 Grab a Bite! – Feeling hungry? Head over to the FFF TRUCK parked in front of Dunham's for delicious food, including their famous egg rolls, loaded fries, and more! Don't miss out on this fang-tastic day of fun, food, and festivities! 🎉👻 Tag your friends, share the news, and we’ll see you at the 2nd Annual Malloween! 🕷️",,promotion,Jackson Crossing Community Events,False,"AVcCaliister Creations 2nd Annual INall-O -Neew ‘ ty f] re 2) ~) aun )\\ Known for their delicious freeze-dried sweets, unique crafts. iD more,creations perfect for all ages. Stop by their booth to satisf ‘Z et Ad Hiker tooth and discover one-of-a-kind crafts that make for perf i spooky decor. Don’t miss out on this tasty and creative é€ Zs pe : ce! Ze CROSSING"
423,1728929959,2024-10-14 02:19 PM EDT,media/944490194371932.jpg,this_profile's_activity_across_facebook/posts/media/Photos_624264349727853/944490194371932.jpg,Photos,Whimsy added 10 new photos.,"🎃 Malloween at Jackson Crossing Mall is Almost Here! 🎃 Get ready for a spooktacular day at the 2nd Annual Malloween! Bring the whole family out for a fun-filled Halloween event at Jackson Crossing Mall—you won't want to miss it! 👻 🕸️ Date: October 26th 🕸️ Time: Noon-5p 🎃 Here’s What to Expect: 👗 Costume Fun! – Dress up in your costumes and hit the mall for some trick-or-treating! There will be candy stops throughout the mall, so make sure to bring your candy bags! 🛍️ Shop Our Vendors! – Local vendors will be showcasing unique items and Halloween treats you’ll love! Whether you're shopping for stationery, gifts, or something special, there’s something for everyone! 🍴 Grab a Bite! – Feeling hungry? Head over to the FFF TRUCK parked in front of Dunham's for delicious food, including their famous egg rolls, loaded fries, and more! Don't miss out on this fang-tastic day of fun, food, and festivities! 🎉👻 Tag your friends, share the news, and we’ll see you at the 2nd Annual Malloween! 🕷️",,promotion,Jackson Crossing Community Events,False,"ENCHANTED: ¢ i ee AS we => ra * NS 2ND ANNUAL MALL-O-WEEN oe ee we LC, kon ee ee ew we ™ 2 2 @ 8 ele Gk ROSSTNG"
424,1728929959,2024-10-14 02:19 PM EDT,media/944490214371930.jpg,this_profile's_activity_across_facebook/posts/media/Photos_624264349727853/944490214371930.jpg,Photos,Whimsy added 10 new photos.,"🎃 Malloween at Jackson Crossing Mall is Almost Here! 🎃 Get ready for a spooktacular day at the 2nd Annual Malloween! Bring the whole family out for a fun-filled Halloween event at Jackson Crossing Mall—you won't want to miss it! 👻 🕸️ Date: October 26th 🕸️ Time: Noon-5p 🎃 Here’s What to Expect: 👗 Costume Fun! – Dress up in your costumes and hit the mall for some trick-or-treating! There will be candy stops throughout the mall, so make sure to bring your candy bags! 🛍️ Shop Our Vendors! – Local vendors will be showcasing unique items and Halloween treats you’ll love! Whether you're shopping for stationery, gifts, or something special, there’s something for everyone! 🍴 Grab a Bite! – Feeling hungry? Head over to the FFF TRUCK parked in front of Dunham's for delicious food, including their famous egg rolls, loaded fries, and more! Don't miss out on this fang-tastic day of fun, food, and festivities! 🎉👻 Tag your friends, share the news, and we’ll see you at the 2nd Annual Malloween! 🕷️",,promotion,Jackson Crossing Community Events,False,"Oe S71 Sg > wes Og iS od Anny, r K \) vy “y or NEN, u4 : ? (0 Ss » WAS Sr > re <I > GRRE Ba /—_| ~~"
425,1726591453,2024-09-17 12:44 PM EDT,media/923260573161561.jpg,this_profile's_activity_across_facebook/posts/media/Photos_624264349727853/923260573161561.jpg,Photos,Whimsy added 3 new photos.,"Another exciting week for Whimsy, collaborating with our amazing community! We’re making strides in honing our branding, and we’re continuously learning how to better meet the unique needs of each business we work with! Reach out today to work with us!",,context,Uncategorized and General Portfolio,False,
426,1726591453,2024-09-17 12:44 PM EDT,media/923259739828311.jpg,this_profile's_activity_across_facebook/posts/media/Photos_624264349727853/923259739828311.jpg,Photos,Whimsy added 3 new photos.,"Another exciting week for Whimsy, collaborating with our amazing community! We’re making strides in honing our branding, and we’re continuously learning how to better meet the unique needs of each business we work with! Reach out today to work with us!",,context,Uncategorized and General Portfolio,False,"a VV \ ed 2024 —= A | me | I"" 22 a if 0 Bt rut ig! KsON OSSI B ; Mall wishes you all a year of growth and learning! ah, y é) He i"
427,1726591453,2024-09-17 12:44 PM EDT,media/923262673161351.jpg,this_profile's_activity_across_facebook/posts/media/Photos_624264349727853/923262673161351.jpg,Photos,Whimsy added 3 new photos.,"Another exciting week for Whimsy, collaborating with our amazing community! We’re making strides in honing our branding, and we’re continuously learning how to better meet the unique needs of each business we work with! Reach out today to work with us!",,context,Uncategorized and General Portfolio,False,
428,1725982056,2024-09-10 11:27 AM EDT,media/918134217007530.jpg,this_profile's_activity_across_facebook/posts/media/Photos_624264349727853/918134217007530.jpg,Photos,Whimsy added a new photo.,"🚨 Logo Rework! 🚨 WHIMSY and HLRA are teaming up for a fresh logo rework that perfectly captures their passion for making a difference! ✨ For those who don't know, Healing Lotus Animal Rescue LLC has been hard at work raising funds to spay local strays and has answered the call to get these animals fixed, homed, and off the streets. 🐾🏡 They’ve made such a huge impact on the local community, and we're thrilled to be part of their journey! 💙 Be sure to check out their Facebook page for more updates on how you can support this amazing cause. Every share, like, and donation counts towards a better future for these precious animals! 🐶🐱 #SupportLocal #LogoRework #SpayAndNeuter #HelpingStrays #CommunityFirst #WHIMSY #HLRA","🚨 Logo Rework! 🚨 WHIMSY and HLRA are teaming up for a fresh logo rework that perfectly captures their passion for making a difference! ✨ For those who don't know, @[100083539790856:2048:Healing Lotus Animal Rescue LLC] has been hard at work raising funds to spay local strays and has answered the call to get these animals fixed, homed, and off the streets. 🐾🏡 They’ve made such a huge impact on the local community, and we're thrilled to be part of their journey! 💙 Be sure to check out their Facebook page for more updates on how you can support this amazing cause. Every share, like, and donation counts towards a better future for these precious animals! 🐶🐱 #SupportLocal #LogoRework #SpayAndNeuter #HelpingStrays #CommunityFirst #WHIMSY #HLRA",context,Uncategorized and General Portfolio,False,
429,1725708145,2024-09-07 07:22 AM EDT,media/915857263901892.jpg,this_profile's_activity_across_facebook/posts/media/Mobileuploads_624264343061187/915857263901892.jpg,Mobile uploads,Whimsy added 3 new photos.,"Huge shoutout to these amazing businesses for going the extra mile at our recent event! 🎉 Their dedication, passion, and support truly made all the difference. 🙌💫 Please take a moment to check out their pages and show them some love – they deserve it! Come find them locally at The Jackson Crossing Mall events! Support local, support excellence! 🌟 #SupportLocal #ThankYou #AmazingBusinesses #HighlyRecommended #jacksonmi #michigan #onsted #brooklyn",,promotion,Jackson Crossing Community Events,False,Simp! By; KATH Ne cutba “& ANDMADE PRODUCTION LP For ALL SKIN TYPES MOISTURIZING OILS NV FUN Oy & COLORS be h LAe vil ROSSTM ge Be
430,1725708145,2024-09-07 07:22 AM EDT,media/915857300568555.jpg,this_profile's_activity_across_facebook/posts/media/Mobileuploads_624264343061187/915857300568555.jpg,Mobile uploads,Whimsy added 3 new photos.,"Huge shoutout to these amazing businesses for going the extra mile at our recent event! 🎉 Their dedication, passion, and support truly made all the difference. 🙌💫 Please take a moment to check out their pages and show them some love – they deserve it! Come find them locally at The Jackson Crossing Mall events! Support local, support excellence! 🌟 #SupportLocal #ThankYou #AmazingBusinesses #HighlyRecommended #jacksonmi #michigan #onsted #brooklyn",,promotion,Jackson Crossing Community Events,False,@ BINHIG@ BY: STANDOUT BINHI_BY_STANDOUT U) we Bai im Py On dor CC LLE¢ KC eye —) Se LL 7 I RP ri G LIL COLLECTIO | Join us for our RE LIVE SELLING!
431,1725708145,2024-09-07 07:22 AM EDT,media/915857340568551.jpg,this_profile's_activity_across_facebook/posts/media/Mobileuploads_624264343061187/915857340568551.jpg,Mobile uploads,Whimsy added 3 new photos.,"Huge shoutout to these amazing businesses for going the extra mile at our recent event! 🎉 Their dedication, passion, and support truly made all the difference. 🙌💫 Please take a moment to check out their pages and show them some love – they deserve it! Come find them locally at The Jackson Crossing Mall events! Support local, support excellence! 🌟 #SupportLocal #ThankYou #AmazingBusinesses #HighlyRecommended #jacksonmi #michigan #onsted #brooklyn",,promotion,Jackson Crossing Community Events,True,in “= COIOrSTREET?.: Pe iS Qs Ose ORO s>\4i7) Products: rahe ‘Sy ule > Nail Polish ri web? JAKEC-U : Balms’ Ralves Find me here SERRE | WHIMSY |
432,1725357275,2024-09-03 05:54 AM EDT,media/423937224033623.mp4,this_profile's_activity_across_facebook/posts/media/videos/423937224033623.mp4,,Whimsy added a new video.,"More wonderful work for The Jackson Crossing Mall! This one was for a 2024 year book directory, Let's go Mounties!",,context,Jackson Crossing Community Events,False,
433,1725069255,2024-08-30 09:54 PM EDT,media/910909261063359.jpg,this_profile's_activity_across_facebook/posts/media/Photos_624264349727853/910909261063359.jpg,Photos,Whimsy added a new photo.,"Another Rework complete! A new Logo for a Mental Health Clothing line, Comfortable Mindset! Our client provided a wonderful hand drawn reference and worked closely with us to make their vision come to life! If you would like to work with Whimsy fill out our form below and lets get started! https://docs.google.com/forms/d/e/1FAIpQLSezGhDiLq1hmEf2V_iUNOF2-Dm16SL4hE5_dhLgPkYUJNAwwg/viewform?usp=sf_link","Another Rework complete! A new Logo for a Mental Health Clothing line, Comfortable Mindset! Our client provided a wonderful hand drawn reference and worked closely with us to make their vision come to life! If you would like to work with @[100064328815674:2048:Whimsy] fill out our form below and lets get started! https://docs.google.com/forms/d/e/1FAIpQLSezGhDiLq1hmEf2V_iUNOF2-Dm16SL4hE5_dhLgPkYUJNAwwg/viewform?usp=sf_link",context,Uncategorized and General Portfolio,False,
434,1724772991,2024-08-27 11:36 AM EDT,media/908546141299671.jpg,this_profile's_activity_across_facebook/posts/media/Mobileuploads_624264343061187/908546141299671.jpg,Mobile uploads,Whimsy added a new photo.,This is what just ONE YEAR with Whimsy looks like for your socials! Reach out today for a consultation!,This is what just ONE YEAR with @[100064328815674:2048:Whimsy] looks like for your socials! Reach out today for a consultation!,context,Uncategorized and General Portfolio,False,
435,1724508026,2024-08-24 10:00 AM EDT,media/906381761516109.jpg,this_profile's_activity_across_facebook/posts/media/Photos_624264349727853/906381761516109.jpg,Photos,Whimsy added a new photo.,"🌟 We're Now Taking New Clients!🌟 Are you ready to bring your creative vision to life? Whether you're dreaming up a new logo, need eye-catching social media graphics, or want stunning posters, Whimsy is here to help! Plus, we're thrilled to offer FREE consultations to help you get started. Let's chat about your ideas, goals, and how we can make magic together. No strings attached—just pure creative collaboration! 📩 Message us today to schedule your free consult and let's start turning your imagination into reality! #Whimsy #GraphicDesign #NewClientsWelcome #FreeConsultation #jackson #onsted #lenawee #irishhills #adrian #centralmichigan #CreativeDesigns","🌟 We're Now Taking New Clients!🌟 Are you ready to bring your creative vision to life? Whether you're dreaming up a new logo, need eye-catching social media graphics, or want stunning posters, Whimsy is here to help! Plus, we're thrilled to offer FREE consultations to help you get started. Let's chat about your ideas, goals, and how we can make magic together. No strings attached—just pure creative collaboration! 📩 Message us today to schedule your free consult and let's start turning your imagination into reality! #Whimsy #GraphicDesign #NewClientsWelcome #FreeConsultation #jackson #onsted #lenawee #irishhills #adrian #centralmichigan #CreativeDesigns",promotion,Uncategorized and General Portfolio,True,eecce eocce pe WHIMSY evcce OW Medial Marketing| Graphic Design PRICING FACTORS: Number of Revisions Be. y Size and format | * we NF) LOGO DESIGN & REWORK 100 - $200 per logo COMMUNITY EVENTS 14 www.facebook.com/WhimsyPopUp NOW AVAILABLE (©) (517)-366-8859
436,1724248826,2024-08-21 10:00 AM EDT,media/904318161722469.jpg,this_profile's_activity_across_facebook/posts/media/Photos_624264349727853/904318161722469.jpg,Photos,Whimsy added 5 new photos.,"🍓🥭 Sip, Smile, Repeat! 🥭🍓 Looking for the perfect pick-me-up? Head over to Sisters Smoothies and indulge in our delicious, handcrafted signature smoothies, each named after the amazing sisters who bring them to life! 🌟 Whether you're in the mood for something fruity, refreshing, or packed with superfoods, they've got you covered. Come meet the sisters and experience the love and passion they pour into every smoothie. Your taste buds will thank you! #SistersSmoothies #SignatureSmoothies #SipAndSmile #SupportLocal #HealthyTreats",,context,Uncategorized and General Portfolio,True,a \ e WHIMSY y MEG
437,1724248826,2024-08-21 10:00 AM EDT,media/904318165055802.jpg,this_profile's_activity_across_facebook/posts/media/Photos_624264349727853/904318165055802.jpg,Photos,Whimsy added 5 new photos.,"🍓🥭 Sip, Smile, Repeat! 🥭🍓 Looking for the perfect pick-me-up? Head over to Sisters Smoothies and indulge in our delicious, handcrafted signature smoothies, each named after the amazing sisters who bring them to life! 🌟 Whether you're in the mood for something fruity, refreshing, or packed with superfoods, they've got you covered. Come meet the sisters and experience the love and passion they pour into every smoothie. Your taste buds will thank you! #SistersSmoothies #SignatureSmoothies #SipAndSmile #SupportLocal #HealthyTreats",,context,Uncategorized and General Portfolio,False,
438,1724248826,2024-08-21 10:00 AM EDT,media/904318168389135.jpg,this_profile's_activity_across_facebook/posts/media/Photos_624264349727853/904318168389135.jpg,Photos,Whimsy added 5 new photos.,"🍓🥭 Sip, Smile, Repeat! 🥭🍓 Looking for the perfect pick-me-up? Head over to Sisters Smoothies and indulge in our delicious, handcrafted signature smoothies, each named after the amazing sisters who bring them to life! 🌟 Whether you're in the mood for something fruity, refreshing, or packed with superfoods, they've got you covered. Come meet the sisters and experience the love and passion they pour into every smoothie. Your taste buds will thank you! #SistersSmoothies #SignatureSmoothies #SipAndSmile #SupportLocal #HealthyTreats",,context,Uncategorized and General Portfolio,False,
439,1724248826,2024-08-21 10:00 AM EDT,media/904318171722468.jpg,this_profile's_activity_across_facebook/posts/media/Photos_624264349727853/904318171722468.jpg,Photos,Whimsy added 5 new photos.,"🍓🥭 Sip, Smile, Repeat! 🥭🍓 Looking for the perfect pick-me-up? Head over to Sisters Smoothies and indulge in our delicious, handcrafted signature smoothies, each named after the amazing sisters who bring them to life! 🌟 Whether you're in the mood for something fruity, refreshing, or packed with superfoods, they've got you covered. Come meet the sisters and experience the love and passion they pour into every smoothie. Your taste buds will thank you! #SistersSmoothies #SignatureSmoothies #SipAndSmile #SupportLocal #HealthyTreats",,context,Uncategorized and General Portfolio,False,
440,1724248826,2024-08-21 10:00 AM EDT,media/904318158389136.jpg,this_profile's_activity_across_facebook/posts/media/Photos_624264349727853/904318158389136.jpg,Photos,Whimsy added 5 new photos.,"🍓🥭 Sip, Smile, Repeat! 🥭🍓 Looking for the perfect pick-me-up? Head over to Sisters Smoothies and indulge in our delicious, handcrafted signature smoothies, each named after the amazing sisters who bring them to life! 🌟 Whether you're in the mood for something fruity, refreshing, or packed with superfoods, they've got you covered. Come meet the sisters and experience the love and passion they pour into every smoothie. Your taste buds will thank you! #SistersSmoothies #SignatureSmoothies #SipAndSmile #SupportLocal #HealthyTreats",,context,Uncategorized and General Portfolio,False,
441,1723047117,2024-08-07 12:11 PM EDT,media/895074729313479.jpg,this_profile's_activity_across_facebook/posts/media/Profilepictures_624264346394520/895074729313479.jpg,Profile pictures,,,,context,Uncategorized and General Portfolio,False,
442,1722970733,2024-08-06 02:58 PM EDT,media/894535072700778.jpg,this_profile's_activity_across_facebook/posts/media/Mobileuploads_624264343061187/894535072700778.jpg,Mobile uploads,Whimsy added 5 new photos.,"🌾🍅 It's National Farmers Market Week!🌾🍅 Celebrate the bounty of local produce and support our community's hardworking farmers. This week, make sure to visit Grand River Farmers Market in downtown Jackson for fresh, local goods. And dont miss The Shaded Wagon at The Jackson Crossing Mall for a unique selection of farm-fresh items. Let's all enjoy the incredible flavors and variety that our local markets have to offer! 🌽🍎 #NationalFarmersMarketWeek #SupportLocal #JacksonMI",,context,Jackson Crossing Community Events,False,
443,1722970733,2024-08-06 02:58 PM EDT,media/894535102700775.jpg,this_profile's_activity_across_facebook/posts/media/Mobileuploads_624264343061187/894535102700775.jpg,Mobile uploads,Whimsy added 5 new photos.,"🌾🍅 It's National Farmers Market Week!🌾🍅 Celebrate the bounty of local produce and support our community's hardworking farmers. This week, make sure to visit Grand River Farmers Market in downtown Jackson for fresh, local goods. And dont miss The Shaded Wagon at The Jackson Crossing Mall for a unique selection of farm-fresh items. Let's all enjoy the incredible flavors and variety that our local markets have to offer! 🌽🍎 #NationalFarmersMarketWeek #SupportLocal #JacksonMI",,context,Jackson Crossing Community Events,False,
444,1722970733,2024-08-06 02:58 PM EDT,media/894535132700772.jpg,this_profile's_activity_across_facebook/posts/media/Mobileuploads_624264343061187/894535132700772.jpg,Mobile uploads,Whimsy added 5 new photos.,"🌾🍅 It's National Farmers Market Week!🌾🍅 Celebrate the bounty of local produce and support our community's hardworking farmers. This week, make sure to visit Grand River Farmers Market in downtown Jackson for fresh, local goods. And dont miss The Shaded Wagon at The Jackson Crossing Mall for a unique selection of farm-fresh items. Let's all enjoy the incredible flavors and variety that our local markets have to offer! 🌽🍎 #NationalFarmersMarketWeek #SupportLocal #JacksonMI",,context,Jackson Crossing Community Events,False,
445,1722970733,2024-08-06 02:58 PM EDT,media/894535182700767.jpg,this_profile's_activity_across_facebook/posts/media/Mobileuploads_624264343061187/894535182700767.jpg,Mobile uploads,Whimsy added 5 new photos.,"🌾🍅 It's National Farmers Market Week!🌾🍅 Celebrate the bounty of local produce and support our community's hardworking farmers. This week, make sure to visit Grand River Farmers Market in downtown Jackson for fresh, local goods. And dont miss The Shaded Wagon at The Jackson Crossing Mall for a unique selection of farm-fresh items. Let's all enjoy the incredible flavors and variety that our local markets have to offer! 🌽🍎 #NationalFarmersMarketWeek #SupportLocal #JacksonMI",,context,Jackson Crossing Community Events,False,
446,1722970733,2024-08-06 02:58 PM EDT,media/894535216034097.jpg,this_profile's_activity_across_facebook/posts/media/Mobileuploads_624264343061187/894535216034097.jpg,Mobile uploads,Whimsy added 5 new photos.,"🌾🍅 It's National Farmers Market Week!🌾🍅 Celebrate the bounty of local produce and support our community's hardworking farmers. This week, make sure to visit Grand River Farmers Market in downtown Jackson for fresh, local goods. And dont miss The Shaded Wagon at The Jackson Crossing Mall for a unique selection of farm-fresh items. Let's all enjoy the incredible flavors and variety that our local markets have to offer! 🌽🍎 #NationalFarmersMarketWeek #SupportLocal #JacksonMI",,context,Jackson Crossing Community Events,False,"~ | ~_f a>) , . Be ARKET SOCIATION f-. ; [fyOF0. OSEROSSING"
447,1722962211,2024-08-06 12:36 PM EDT,media/894475122706773.jpg,this_profile's_activity_across_facebook/posts/media/Photos_624264349727853/894475122706773.jpg,Photos,Whimsy added 3 new photos.,"Loving these partnerships with JCM, incredible locals, and events! Reach out today to partner with Whimsy! Are you excited for the Jackson County Fair? It's happening this week! 🎡 From exhilarating rides and games to delicious fair treats and live performances, there's something for everyone. Come out and enjoy the fun with family and friends. Don't miss this annual highlight—see you at the fairgrounds! 🎉 #JacksonCountyFair #FairWeek #FunForAll",,promotion,Uncategorized and General Portfolio,False,"= i UAT) Ss {\p Vi ol 2024 £ Pe. tebe MUGUST Gubl-lOutd — |} Located in the Heart of Jackson een a A. beer, 4 Ay fim pees Tilly FANE"
448,1722962211,2024-08-06 12:36 PM EDT,media/894475159373436.jpg,this_profile's_activity_across_facebook/posts/media/Photos_624264349727853/894475159373436.jpg,Photos,Whimsy added 3 new photos.,"Loving these partnerships with JCM, incredible locals, and events! Reach out today to partner with Whimsy! Are you excited for the Jackson County Fair? It's happening this week! 🎡 From exhilarating rides and games to delicious fair treats and live performances, there's something for everyone. Come out and enjoy the fun with family and friends. Don't miss this annual highlight—see you at the fairgrounds! 🎉 #JacksonCountyFair #FairWeek #FunForAll",,promotion,Uncategorized and General Portfolio,False,"Les xy atl se i 40 feats (= ‘ED == Wz ""= JOIN THE FUN HAPPENING IN JACKSON, MICHIGAN THIS SUMMER! If = = MUGUST GuhTlOh Located in the Heart of Jackson,Michigan! Pruly Peto wt eine As ant Tanheing"
449,1722962211,2024-08-06 12:36 PM EDT,media/894475189373433.jpg,this_profile's_activity_across_facebook/posts/media/Photos_624264349727853/894475189373433.jpg,Photos,Whimsy added 3 new photos.,"Loving these partnerships with JCM, incredible locals, and events! Reach out today to partner with Whimsy! Are you excited for the Jackson County Fair? It's happening this week! 🎡 From exhilarating rides and games to delicious fair treats and live performances, there's something for everyone. Come out and enjoy the fun with family and friends. Don't miss this annual highlight—see you at the fairgrounds! 🎉 #JacksonCountyFair #FairWeek #FunForAll",,promotion,Uncategorized and General Portfolio,True,"WHIMSY Ai ie Dink te - - SATURDAY: $10 GATE FOR ADULTS KIDS DAY 10 & UNDER ARE FREE PARKING: $5 IN MAIN LOT “WALLED PRISON AREA ACCESSED FROM t NORTH STREET. pny zr i, PAU GUSTS OmE ag Located in the Heart of Jackson ean Prouly Pare th SEBS Ais and Manin )"
450,1722961896,2024-08-06 12:31 PM EDT,media/894472069373745.jpg,this_profile's_activity_across_facebook/posts/media/Photos_624264349727853/894472069373745.jpg,Photos,Whimsy added 3 new photos.,"🎡🎠 The Jackson County Fair is here! Get ready for a fun-filled week of rides, games, delicious fair food, and amazing entertainment. Whether you're a thrill-seeker or a foodie, there's something for everyone. Bring the whole family out for a great time and make some unforgettable memories. See you at the fairgrounds! 🎉🌟 #JacksonCountyFair #FamilyFun #FairSeason",,context,Uncategorized and General Portfolio,False,
451,1722961896,2024-08-06 12:31 PM EDT,media/894472109373741.jpg,this_profile's_activity_across_facebook/posts/media/Photos_624264349727853/894472109373741.jpg,Photos,Whimsy added 3 new photos.,"🎡🎠 The Jackson County Fair is here! Get ready for a fun-filled week of rides, games, delicious fair food, and amazing entertainment. Whether you're a thrill-seeker or a foodie, there's something for everyone. Bring the whole family out for a great time and make some unforgettable memories. See you at the fairgrounds! 🎉🌟 #JacksonCountyFair #FamilyFun #FairSeason",,context,Uncategorized and General Portfolio,True,Proudly Partnered with. CROSSING Mas and Marketing WHIMSY “6 AAS icf Me PAQS2. rar ents SF a ¢e f _ - f JACKSON COUNTY FAIR 2024 neo 4 = 10 \y | b\
452,1722961896,2024-08-06 12:31 PM EDT,media/894472609373691.jpg,this_profile's_activity_across_facebook/posts/media/Photos_624264349727853/894472609373691.jpg,Photos,Whimsy added 3 new photos.,"🎡🎠 The Jackson County Fair is here! Get ready for a fun-filled week of rides, games, delicious fair food, and amazing entertainment. Whether you're a thrill-seeker or a foodie, there's something for everyone. Bring the whole family out for a great time and make some unforgettable memories. See you at the fairgrounds! 🎉🌟 #JacksonCountyFair #FamilyFun #FairSeason",,context,Uncategorized and General Portfolio,False,
453,1722961485,2024-08-06 12:24 PM EDT,media/894457882708497.jpg,this_profile's_activity_across_facebook/posts/media/Mobileuploads_624264343061187/894457882708497.jpg,Mobile uploads,Whimsy added 8 new photos.,"🌟 Exciting Announcement! 🌟 I am incredibly honored to have the privilege of spreading awareness about Huntington's disease through the Jackson Crossing Mall in partnership with the Huntington's Disease Society of America (HDSA). It's a great opportunity to come together as a community, learn more about this condition, and show our unwavering support for the HDSA. Let's make a difference together! Bring your friends, family, and loved ones. Every step we take brings us closer to finding a cure and providing much-needed support for families impacted by Huntington's disease. #HDSA #HuntingtonsDiseaseAwareness #WalkForACause #CommunitySupport #JacksonCrossingMall Share this post and help us spread the word!",,promotion,Jackson Crossing Community Events,False,"HUNTINGTONS DISEASE NEUROCRINE 6 BIOSCIENCES SE teva eo i BREE Society of America Zee Huntington's Disease TEAM WALK WITH US Jackson,Mi The Michigan Theatre, 124 North Mechanic Street Jackson, MI, 49201 TEAM 10:00 AM- Saturday Registration 11:00 August 17th Walk Bogins 1B /|), e e gee Huntington’s Disease | AES Society of America | J SI bMbBEbLBLASD"
454,1722961485,2024-08-06 12:24 PM EDT,media/894457912708494.jpg,this_profile's_activity_across_facebook/posts/media/Mobileuploads_624264343061187/894457912708494.jpg,Mobile uploads,Whimsy added 8 new photos.,"🌟 Exciting Announcement! 🌟 I am incredibly honored to have the privilege of spreading awareness about Huntington's disease through the Jackson Crossing Mall in partnership with the Huntington's Disease Society of America (HDSA). It's a great opportunity to come together as a community, learn more about this condition, and show our unwavering support for the HDSA. Let's make a difference together! Bring your friends, family, and loved ones. Every step we take brings us closer to finding a cure and providing much-needed support for families impacted by Huntington's disease. #HDSA #HuntingtonsDiseaseAwareness #WalkForACause #CommunitySupport #JacksonCrossingMall Share this post and help us spread the word!",,promotion,Jackson Crossing Community Events,False,V 0 MM Mt Mt Mt Mt Mt HUNTINGTONS DISEASE teva ./ WC A5On ROSSTNG G@ NEYROCRINE WALK walk starts at 11AM Dei Za AUGUST 17TH ea ane Be x oe itty For More Information 34 E o¢ eS https://midwest.hdsa.org HSDA web oie
455,1722961485,2024-08-06 12:24 PM EDT,media/894457969375155.jpg,this_profile's_activity_across_facebook/posts/media/Mobileuploads_624264343061187/894457969375155.jpg,Mobile uploads,Whimsy added 8 new photos.,"🌟 Exciting Announcement! 🌟 I am incredibly honored to have the privilege of spreading awareness about Huntington's disease through the Jackson Crossing Mall in partnership with the Huntington's Disease Society of America (HDSA). It's a great opportunity to come together as a community, learn more about this condition, and show our unwavering support for the HDSA. Let's make a difference together! Bring your friends, family, and loved ones. Every step we take brings us closer to finding a cure and providing much-needed support for families impacted by Huntington's disease. #HDSA #HuntingtonsDiseaseAwareness #WalkForACause #CommunitySupport #JacksonCrossingMall Share this post and help us spread the word!",,promotion,Jackson Crossing Community Events,False,"\“CLAALAALA LA HUNTINGTONS DISEASE tayq . Gack: SOP CROSSTNG GQ NELROERINE [_wnimsy _] WALK re | | Za DONATE TODAY Ft, | m2 a mn eo For More Information eS https://midwest.hdsa.org Donation/Fundraising"
456,1722961485,2024-08-06 12:24 PM EDT,media/894468282707457.jpg,this_profile's_activity_across_facebook/posts/media/Mobileuploads_624264343061187/894468282707457.jpg,Mobile uploads,Whimsy added 8 new photos.,"🌟 Exciting Announcement! 🌟 I am incredibly honored to have the privilege of spreading awareness about Huntington's disease through the Jackson Crossing Mall in partnership with the Huntington's Disease Society of America (HDSA). It's a great opportunity to come together as a community, learn more about this condition, and show our unwavering support for the HDSA. Let's make a difference together! Bring your friends, family, and loved ones. Every step we take brings us closer to finding a cure and providing much-needed support for families impacted by Huntington's disease. #HDSA #HuntingtonsDiseaseAwareness #WalkForACause #CommunitySupport #JacksonCrossingMall Share this post and help us spread the word!",,promotion,Jackson Crossing Community Events,False,"V MM MM M&F Gack: SOW HUNTINGTONS DISEASE tayq . (CROSSTNG Gg () NEUROCRINE’ BIOSCIENCES | _wrimsy | WALK . § CAG repeats Expanded @ 28 polyQ region a) Chromosome 4 jleuron Atrophy of basal ganglia, uta Mutated _ Mutated deg ti enlargement of lateral ventricles"
457,1722961485,2024-08-06 12:24 PM EDT,media/894468319374120.jpg,this_profile's_activity_across_facebook/posts/media/Mobileuploads_624264343061187/894468319374120.jpg,Mobile uploads,Whimsy added 8 new photos.,"🌟 Exciting Announcement! 🌟 I am incredibly honored to have the privilege of spreading awareness about Huntington's disease through the Jackson Crossing Mall in partnership with the Huntington's Disease Society of America (HDSA). It's a great opportunity to come together as a community, learn more about this condition, and show our unwavering support for the HDSA. Let's make a difference together! Bring your friends, family, and loved ones. Every step we take brings us closer to finding a cure and providing much-needed support for families impacted by Huntington's disease. #HDSA #HuntingtonsDiseaseAwareness #WalkForACause #CommunitySupport #JacksonCrossingMall Share this post and help us spread the word!",,promotion,Jackson Crossing Community Events,False,"V MM MM HUNTINGTONS DISEASE teva . (CROSSING che SON NEUROCRINE is) BIOSCIENCES WALK VP ~ oe vue CHUNYGes “et sometimes wild jerking o Speech changes movements of 4 : the arms, legs face, etc Pume o Slow — > uncontrolled movements 4 a Ve % o Unsteady gait 2"
458,1722961485,2024-08-06 12:24 PM EDT,media/894468362707449.jpg,this_profile's_activity_across_facebook/posts/media/Mobileuploads_624264343061187/894468362707449.jpg,Mobile uploads,Whimsy added 8 new photos.,"🌟 Exciting Announcement! 🌟 I am incredibly honored to have the privilege of spreading awareness about Huntington's disease through the Jackson Crossing Mall in partnership with the Huntington's Disease Society of America (HDSA). It's a great opportunity to come together as a community, learn more about this condition, and show our unwavering support for the HDSA. Let's make a difference together! Bring your friends, family, and loved ones. Every step we take brings us closer to finding a cure and providing much-needed support for families impacted by Huntington's disease. #HDSA #HuntingtonsDiseaseAwareness #WalkForACause #CommunitySupport #JacksonCrossingMall Share this post and help us spread the word!",,promotion,Jackson Crossing Community Events,False,V 0 MM MM M&F HUNTINGTONS DISEASE teva . lachion ‘CROSSTNG G NeuRognine [wane WALK 2 ¢ Cognitive decline Mood swings Involuntary movements es Hallucinations Speech difficulties personality changes Behavioral &
459,1722961485,2024-08-06 12:24 PM EDT,media/894468402707445.jpg,this_profile's_activity_across_facebook/posts/media/Mobileuploads_624264343061187/894468402707445.jpg,Mobile uploads,Whimsy added 8 new photos.,"🌟 Exciting Announcement! 🌟 I am incredibly honored to have the privilege of spreading awareness about Huntington's disease through the Jackson Crossing Mall in partnership with the Huntington's Disease Society of America (HDSA). It's a great opportunity to come together as a community, learn more about this condition, and show our unwavering support for the HDSA. Let's make a difference together! Bring your friends, family, and loved ones. Every step we take brings us closer to finding a cure and providing much-needed support for families impacted by Huntington's disease. #HDSA #HuntingtonsDiseaseAwareness #WalkForACause #CommunitySupport #JacksonCrossingMall Share this post and help us spread the word!",,promotion,Jackson Crossing Community Events,False,\“ZCLAALAAA LA LC Aion HUNTINGTONS DISEASE teyq . CROSSING tS) > “® WALK MAKE TIME TO ENJOY a) LEAN ON NATURAL FIND A DOCTOR FRIENDS AND HOBBIES SUPPORT SYSTEM YOU TRUST
460,1722961485,2024-08-06 12:24 PM EDT,media/894468439374108.jpg,this_profile's_activity_across_facebook/posts/media/Mobileuploads_624264343061187/894468439374108.jpg,Mobile uploads,Whimsy added 8 new photos.,"🌟 Exciting Announcement! 🌟 I am incredibly honored to have the privilege of spreading awareness about Huntington's disease through the Jackson Crossing Mall in partnership with the Huntington's Disease Society of America (HDSA). It's a great opportunity to come together as a community, learn more about this condition, and show our unwavering support for the HDSA. Let's make a difference together! Bring your friends, family, and loved ones. Every step we take brings us closer to finding a cure and providing much-needed support for families impacted by Huntington's disease. #HDSA #HuntingtonsDiseaseAwareness #WalkForACause #CommunitySupport #JacksonCrossingMall Share this post and help us spread the word!",,promotion,Jackson Crossing Community Events,False,"\“ZCLAALAALAL A CHIOV HUNTINGTONS DISEASE teva O/EROSSING is) BIOSCIENCES NEUROCRINE’ WALK LUGIIDSCIVGS. DUULALIVII GI FGIG FGI UIGSLILally MINIVVS IG Quay of life of those with HD. Thank you for your support! HOPE, LOVE, CURE HUNTINGTON'S DISEASE AWARENESS"
461,1721149302,2024-07-16 01:01 PM EDT,media/881310960689856.jpg,this_profile's_activity_across_facebook/posts/media/Mobileuploads_624264343061187/881310960689856.jpg,Mobile uploads,Whimsy added 2 new photos.,"Whimsy is proud to partner with: Hot Air Jubilee 2024-A Sky Full of Wonders at Ella Sharp Park! 🎈 From July 19th to 21st, the skies above Jackson will be painted with vibrant colors and mesmerizing patterns as dozens of hot air balloons take flight, creating a spectacle you won't want to miss. Plan Your Visit: 📅 Dates: July 19th - 21st, 2024 📍 Location: Ella Sharp Park, Jackson, MI 💸 Admission: Free! (Parking fees may apply) Tips for a Great Experience: Arrive early to find a good viewing spot for the balloon launches. Bring lawn chairs or blankets for comfortable seating. Don't forget your camera to capture the stunning visuals! Stay hydrated and wear sunscreen to protect yourself from the sun. Check the weather forecast and dress accordingly. Join us for an unforgettable weekend at the Hot Air Jubilee 2024! Whether you're a balloon enthusiast or just looking for a fun outing with family and friends, there's something for everyone to enjoy. Mark your calendars and get ready for a sky full of wonders at Ella Sharp Park! 🎈🌟 https://www.hotairjubilee.com/",,promotion,Uncategorized and General Portfolio,False,"— | i} a » JULY 19, 20 & 21,20: ELLA SHARP PARK-J —— )), fa Le at BS HothirJubilee.com £ | — ACKSON Proudly Partnered with. O ICROSSTNG Adds and, Marketing"
462,1721149302,2024-07-16 01:01 PM EDT,media/881311020689850.jpg,this_profile's_activity_across_facebook/posts/media/Mobileuploads_624264343061187/881311020689850.jpg,Mobile uploads,Whimsy added 2 new photos.,"Whimsy is proud to partner with: Hot Air Jubilee 2024-A Sky Full of Wonders at Ella Sharp Park! 🎈 From July 19th to 21st, the skies above Jackson will be painted with vibrant colors and mesmerizing patterns as dozens of hot air balloons take flight, creating a spectacle you won't want to miss. Plan Your Visit: 📅 Dates: July 19th - 21st, 2024 📍 Location: Ella Sharp Park, Jackson, MI 💸 Admission: Free! (Parking fees may apply) Tips for a Great Experience: Arrive early to find a good viewing spot for the balloon launches. Bring lawn chairs or blankets for comfortable seating. Don't forget your camera to capture the stunning visuals! Stay hydrated and wear sunscreen to protect yourself from the sun. Check the weather forecast and dress accordingly. Join us for an unforgettable weekend at the Hot Air Jubilee 2024! Whether you're a balloon enthusiast or just looking for a fun outing with family and friends, there's something for everyone to enjoy. Mark your calendars and get ready for a sky full of wonders at Ella Sharp Park! 🎈🌟 https://www.hotairjubilee.com/",,promotion,Uncategorized and General Portfolio,False,"Tripp's Collision JULY 19, 208 21,2024 HOT AIR ELLA SHARP PARK JACKSON, MICHIGAN ne JACKSON, MICHIGAN Dallaane at, in ail a Entartainmnant cost ED HothirJubilee.com Fi Hot Air Jubilee [oO] HothirJubilee Proudly Partnered, with. CROSSING “Ads and Marketing"
463,1719673103,2024-06-29 10:58 AM EDT,media/870211178466501.jpg,this_profile's_activity_across_facebook/posts/media/Photos_624264349727853/870211178466501.jpg,Photos,Whimsy added 6 new photos.,Loving all of the opportunities to work with such wonderful business's! For the month of July all work is $25 FLAT!!!!!! -Logo rework -Ad's -Poster's and more! Feel free to message if you would like to place an order or have and questions!,,promotion,Uncategorized and General Portfolio,False,—_ Se Se oy —s *~ > LER 4 a am * x = <> ~~ NVATOANnANI PRE-REGISTER SF FOR JUNE 30TH Studio1One Photography
464,1719673103,2024-06-29 10:58 AM EDT,media/870211098466509.jpg,this_profile's_activity_across_facebook/posts/media/Photos_624264349727853/870211098466509.jpg,Photos,Whimsy added 6 new photos.,Loving all of the opportunities to work with such wonderful business's! For the month of July all work is $25 FLAT!!!!!! -Logo rework -Ad's -Poster's and more! Feel free to message if you would like to place an order or have and questions!,,promotion,Uncategorized and General Portfolio,False,SUMMER AT THE ad yr CROSSING — E] > — -_- y —— > 4 2a Pas “= --— NF
465,1719673103,2024-06-29 10:58 AM EDT,media/870209865133299.jpg,this_profile's_activity_across_facebook/posts/media/Photos_624264349727853/870209865133299.jpg,Photos,Whimsy added 6 new photos.,Loving all of the opportunities to work with such wonderful business's! For the month of July all work is $25 FLAT!!!!!! -Logo rework -Ad's -Poster's and more! Feel free to message if you would like to place an order or have and questions!,,promotion,Uncategorized and General Portfolio,False,pA a “ae. oa RIOTIC es Next to ALPHA ‘amity Restaurant RHE
466,1719673103,2024-06-29 10:58 AM EDT,media/870210031799949.jpg,this_profile's_activity_across_facebook/posts/media/Photos_624264349727853/870210031799949.jpg,Photos,Whimsy added 6 new photos.,Loving all of the opportunities to work with such wonderful business's! For the month of July all work is $25 FLAT!!!!!! -Logo rework -Ad's -Poster's and more! Feel free to message if you would like to place an order or have and questions!,,promotion,Uncategorized and General Portfolio,False,"—_—_ ww Wp Aa oy > CRAVEABLE ) wi a | ‘y aE pind t hem wy ae ra 23f 4 Next to: Tey, tau Michigan Secretary of State’s Office"
467,1719673103,2024-06-29 10:58 AM EDT,media/870210345133251.jpg,this_profile's_activity_across_facebook/posts/media/Photos_624264349727853/870210345133251.jpg,Photos,Whimsy added 6 new photos.,Loving all of the opportunities to work with such wonderful business's! For the month of July all work is $25 FLAT!!!!!! -Logo rework -Ad's -Poster's and more! Feel free to message if you would like to place an order or have and questions!,,promotion,Uncategorized and General Portfolio,False,. 4 ag ™ A <= ~I CV | » ae b | | (fe y | ¢ | 2 ke oe —~/ SAN. B ff ar > uCcK TR \) 4 a THE TACKSON cROSS ING MAL NEXT TO THE bal et A y SECRETARY OF STATE e | CHC TRTRF ETE poy j ape. 2 a uchkson Q/JCROSSING
468,1719673103,2024-06-29 10:58 AM EDT,media/870210651799887.jpg,this_profile's_activity_across_facebook/posts/media/Photos_624264349727853/870210651799887.jpg,Photos,Whimsy added 6 new photos.,Loving all of the opportunities to work with such wonderful business's! For the month of July all work is $25 FLAT!!!!!! -Logo rework -Ad's -Poster's and more! Feel free to message if you would like to place an order or have and questions!,,promotion,Uncategorized and General Portfolio,False,TRIOTIC 2024 A LOOZA MAKERS MARKET MASCOTS Q 2pm-3pm ALPHA WENAS Ole ee teh ‘CROSSTNG hon oe va
469,1718464009,2024-06-15 11:06 AM EDT,media/861065599381059.jpg,this_profile's_activity_across_facebook/posts/media/Mobileuploads_624264343061187/861065599381059.jpg,Mobile uploads,Whimsy added 4 new photos.,Another incredible month working with wonderful people in the community!,,context,Uncategorized and General Portfolio,False,
470,1718464009,2024-06-15 11:06 AM EDT,media/861065626047723.jpg,this_profile's_activity_across_facebook/posts/media/Mobileuploads_624264343061187/861065626047723.jpg,Mobile uploads,Whimsy added 4 new photos.,Another incredible month working with wonderful people in the community!,,context,Uncategorized and General Portfolio,False,
471,1718464009,2024-06-15 11:06 AM EDT,media/861065656047720.jpg,this_profile's_activity_across_facebook/posts/media/Mobileuploads_624264343061187/861065656047720.jpg,Mobile uploads,Whimsy added 4 new photos.,Another incredible month working with wonderful people in the community!,,context,Uncategorized and General Portfolio,False,Father’s Day Market at the Mall! Today at NOON Py) ~~ Next to the S.0.S SON SKE ROSSTNG
472,1718464009,2024-06-15 11:06 AM EDT,media/861065686047717.jpg,this_profile's_activity_across_facebook/posts/media/Mobileuploads_624264343061187/861065686047717.jpg,Mobile uploads,Whimsy added 4 new photos.,Another incredible month working with wonderful people in the community!,,context,Uncategorized and General Portfolio,False,
473,1715270978,2024-05-09 12:09 PM EDT,media/837501851737434.jpg,this_profile's_activity_across_facebook/posts/media/Photos_624264349727853/837501851737434.jpg,Photos,Whimsy added a new photo.,"🎉 Live Friday 🎉 Mark your calendars because Johnathan Fiene is coming to Blackstone Smokehouse in Flint, Michigan! Join us on May 10th, 2024, from 7:00 PM to 10:00 PM for an evening filled with great food, fantastic company, and live music by Johnathan Fiene himself! Hope to see you there!","🎉 Live Friday 🎉 Mark your calendars because Johnathan Fiene is coming to Blackstone Smokehouse in Flint, Michigan! Join us on May 10th, 2024, from 7:00 PM to 10:00 PM for an evening filled with great food, fantastic company, and live music by Johnathan Fiene himself! Hope to see you there!",promotion,Uncategorized and General Portfolio,True,JORIUATHIAN FIENE wl Cidch . = \ % 2024 ; _ om WHIMSY
474,1714213072,2024-04-27 06:17 AM EDT,media/829363652551254.jpg,this_profile's_activity_across_facebook/posts/media/Mobileuploads_624264343061187/829363652551254.jpg,Mobile uploads,Whimsy added a new photo.,Good morning everyone! Just a reminder I am still taking general Art comissions. The only limit is your creativity! Loved making this little wood plaque! Look how cute!,Good morning everyone! Just a reminder I am still taking general Art comissions. The only limit is your creativity! Loved making this little wood plaque! Look how cute!,promotion,Uncategorized and General Portfolio,False,"te SS oP y~ .— ee Noe We e” KA “A ah a) fy Mana) x N Hy N Ne [D \\\ oe S0IWSe Q i Si yt \\ a \ is, NN"
475,1713975346,2024-04-24 12:15 PM EDT,media/827521442735475.jpg,this_profile's_activity_across_facebook/posts/media/Mobileuploads_624264343061187/827521442735475.jpg,Mobile uploads,Whimsy added 5 new photos.,Such a pleasure making ads for local businesses! Reach out today to order an Ad that matches your brand!,,context,Local Business Features,False,
476,1713975346,2024-04-24 12:15 PM EDT,media/827521479402138.jpg,this_profile's_activity_across_facebook/posts/media/Mobileuploads_624264343061187/827521479402138.jpg,Mobile uploads,Whimsy added 5 new photos.,Such a pleasure making ads for local businesses! Reach out today to order an Ad that matches your brand!,,context,Local Business Features,False,— = =e Keeping- AALLOCLIUIVUIT LU VOLdIl lw) Communication Skills Part-Time & Full Time Available ‘CROSSTNG WAhSON
477,1713975346,2024-04-24 12:15 PM EDT,media/827521519402134.jpg,this_profile's_activity_across_facebook/posts/media/Mobileuploads_624264343061187/827521519402134.jpg,Mobile uploads,Whimsy added 5 new photos.,Such a pleasure making ads for local businesses! Reach out today to order an Ad that matches your brand!,,context,Local Business Features,False,
478,1713975346,2024-04-24 12:15 PM EDT,media/827521549402131.jpg,this_profile's_activity_across_facebook/posts/media/Mobileuploads_624264343061187/827521549402131.jpg,Mobile uploads,Whimsy added 5 new photos.,Such a pleasure making ads for local businesses! Reach out today to order an Ad that matches your brand!,,context,Local Business Features,False,
479,1713975346,2024-04-24 12:15 PM EDT,media/827521592735460.jpg,this_profile's_activity_across_facebook/posts/media/Mobileuploads_624264343061187/827521592735460.jpg,Mobile uploads,Whimsy added 5 new photos.,Such a pleasure making ads for local businesses! Reach out today to order an Ad that matches your brand!,,context,Local Business Features,False,
480,1713634122,2024-04-20 01:28 PM EDT,media/3830110547245180.mp4,this_profile's_activity_across_facebook/posts/media/videos/3830110547245180.mp4,,Whimsy added a new video.,Two Soups: Robert and Will Janz live NOW AT The Jackson Crossing Mall for our student Art Show!!!,,context,Jackson County Student Art Show | Jackson Crossing Community Events,False,
481,1713438710,2024-04-18 07:11 AM EDT,media/823599896460963.jpg,this_profile's_activity_across_facebook/posts/media/Mobileuploads_624264343061187/823599896460963.jpg,Mobile uploads,Whimsy added 3 new photos.,Some of Whimsy's work with JCM is on local JTV interview regarding the Art Show! Check it out!,,context,Uncategorized and General Portfolio,False,"W) YouTube Open App WH y aS: Sarah Shirk, Jackson County Student Art Show 68 views - 2 days ago ...more QTV) JTV Jackson 1.11K"
482,1713438710,2024-04-18 07:11 AM EDT,media/823599933127626.jpg,this_profile's_activity_across_facebook/posts/media/Mobileuploads_624264343061187/823599933127626.jpg,Mobile uploads,Whimsy added 3 new photos.,Some of Whimsy's work with JCM is on local JTV interview regarding the Art Show! Check it out!,,context,Uncategorized and General Portfolio,False,
483,1713438710,2024-04-18 07:11 AM EDT,media/823599959794290.jpg,this_profile's_activity_across_facebook/posts/media/Mobileuploads_624264343061187/823599959794290.jpg,Mobile uploads,Whimsy added 3 new photos.,Some of Whimsy's work with JCM is on local JTV interview regarding the Art Show! Check it out!,,context,Uncategorized and General Portfolio,False,
484,1713266951,2024-04-16 07:29 AM EDT,media/822363509917935.jpg,this_profile's_activity_across_facebook/posts/media/Mobileuploads_624264343061187/822363509917935.jpg,Mobile uploads,Whimsy added 3 new photos.,I get the immense pleasure of hosting JPS with The Jackson Crossing Mall for an Art Show with over 25 local schools and the art of their incredible students! Be sure to stop by and check it out! There is also a Student/Teacher appreciation day with food trucks and music! Don't miss out!,,context,Jackson Crossing Community Events,False,
485,1713266951,2024-04-16 07:29 AM EDT,media/822363549917931.jpg,this_profile's_activity_across_facebook/posts/media/Mobileuploads_624264343061187/822363549917931.jpg,Mobile uploads,Whimsy added 3 new photos.,I get the immense pleasure of hosting JPS with The Jackson Crossing Mall for an Art Show with over 25 local schools and the art of their incredible students! Be sure to stop by and check it out! There is also a Student/Teacher appreciation day with food trucks and music! Don't miss out!,,context,Jackson Crossing Community Events,False,
486,1713266951,2024-04-16 07:29 AM EDT,media/822363589917927.jpg,this_profile's_activity_across_facebook/posts/media/Mobileuploads_624264343061187/822363589917927.jpg,Mobile uploads,Whimsy added 3 new photos.,I get the immense pleasure of hosting JPS with The Jackson Crossing Mall for an Art Show with over 25 local schools and the art of their incredible students! Be sure to stop by and check it out! There is also a Student/Teacher appreciation day with food trucks and music! Don't miss out!,,context,Jackson Crossing Community Events,False,"KKK KK KK KKK KKK —-* TWO SOUPS *- KK KRE ERA SA A HK KeKkkKkKKkkkKkKkn ROBERT AND WILL JANZ ARE TWO SOUPS, THE JAZZ-INFLUENCED LIVE-LOOPING DUO FROM MICHIGAN CENTER, MI. STUDENT/TEACHER APPRECIATION DAY AT THE JACKSON CROSSING MALL ART SHOW! KKKKKKK* LEME, ERK H AK EKS"
487,1711894171,2024-03-31 10:09 AM EDT,media/812241464263473.jpg,this_profile's_activity_across_facebook/posts/media/Mobileuploads_624264343061187/812241464263473.jpg,Mobile uploads,Whimsy added 4 new photos.,Another month of wonderful work in the community! Studio One Photography and Peggy's custom floral designs are regulars at The Jackson Crossing Mall stop by and see them soon!,,context,Jackson Crossing Community Events,False,
488,1711894171,2024-03-31 10:09 AM EDT,media/812241497596803.jpg,this_profile's_activity_across_facebook/posts/media/Mobileuploads_624264343061187/812241497596803.jpg,Mobile uploads,Whimsy added 4 new photos.,Another month of wonderful work in the community! Studio One Photography and Peggy's custom floral designs are regulars at The Jackson Crossing Mall stop by and see them soon!,,context,Jackson Crossing Community Events,False,
489,1711894171,2024-03-31 10:09 AM EDT,media/812241534263466.jpg,this_profile's_activity_across_facebook/posts/media/Mobileuploads_624264343061187/812241534263466.jpg,Mobile uploads,Whimsy added 4 new photos.,Another month of wonderful work in the community! Studio One Photography and Peggy's custom floral designs are regulars at The Jackson Crossing Mall stop by and see them soon!,,context,Jackson Crossing Community Events,False,
490,1711894171,2024-03-31 10:09 AM EDT,media/812241570930129.jpg,this_profile's_activity_across_facebook/posts/media/Mobileuploads_624264343061187/812241570930129.jpg,Mobile uploads,Whimsy added 4 new photos.,Another month of wonderful work in the community! Studio One Photography and Peggy's custom floral designs are regulars at The Jackson Crossing Mall stop by and see them soon!,,context,Jackson Crossing Community Events,False,
491,1710552442,2024-03-15 09:27 PM EDT,media/802425705245049.jpg,this_profile's_activity_across_facebook/posts/media/Mobileuploads_624264343061187/802425705245049.jpg,Mobile uploads,Whimsy added a new photo.,Whimsy will have hundreds of posters all over Jackson! Such a privilege to have this opportunity through The Jackson Crossing Mall! Love getting to partner with wonderful local buisness!,@[100064328815674:2048:Whimsy] will have hundreds of posters all over Jackson! Such a privilege to have this opportunity through The Jackson Crossing Mall! Love getting to partner with wonderful local buisness!,context,Jackson Crossing Community Events,False,¥ ROSE PARADE YY x ~ L a . _— \] | ry | j | yr Grand Marshal-Mama Tutu @rearearitrs Burkhart TOP TH E WORK 4NnWE PLACES Detroit Hree Press 2023 Community CREDIT UNION June 2nd 1PM 2024 lackjon Graphic Design Down Town Jackson O/CROSSTING
492,1710082104,2024-03-10 10:48 AM EDT,media/799190048901948.jpg,this_profile's_activity_across_facebook/posts/media/Mobileuploads_624264343061187/799190048901948.jpg,Mobile uploads,Whimsy added 5 new photos.,Loving all this work in the community! If you have a buisness or band that needs advertising don't hesitate to reach out! Whimsy is actively looking for partnerships at this time. Let's collaborate!,,context,Uncategorized and General Portfolio,False,
493,1710082104,2024-03-10 10:48 AM EDT,media/799190088901944.jpg,this_profile's_activity_across_facebook/posts/media/Mobileuploads_624264343061187/799190088901944.jpg,Mobile uploads,Whimsy added 5 new photos.,Loving all this work in the community! If you have a buisness or band that needs advertising don't hesitate to reach out! Whimsy is actively looking for partnerships at this time. Let's collaborate!,,context,Uncategorized and General Portfolio,False,
494,1710082104,2024-03-10 10:48 AM EDT,media/799190128901940.jpg,this_profile's_activity_across_facebook/posts/media/Mobileuploads_624264343061187/799190128901940.jpg,Mobile uploads,Whimsy added 5 new photos.,Loving all this work in the community! If you have a buisness or band that needs advertising don't hesitate to reach out! Whimsy is actively looking for partnerships at this time. Let's collaborate!,,context,Uncategorized and General Portfolio,False,
495,1710082104,2024-03-10 10:48 AM EDT,media/799190158901937.jpg,this_profile's_activity_across_facebook/posts/media/Mobileuploads_624264343061187/799190158901937.jpg,Mobile uploads,Whimsy added 5 new photos.,Loving all this work in the community! If you have a buisness or band that needs advertising don't hesitate to reach out! Whimsy is actively looking for partnerships at this time. Let's collaborate!,,context,Uncategorized and General Portfolio,False,
496,1710082104,2024-03-10 10:48 AM EDT,media/799190212235265.jpg,this_profile's_activity_across_facebook/posts/media/Mobileuploads_624264343061187/799190212235265.jpg,Mobile uploads,Whimsy added 5 new photos.,Loving all this work in the community! If you have a buisness or band that needs advertising don't hesitate to reach out! Whimsy is actively looking for partnerships at this time. Let's collaborate!,,context,Uncategorized and General Portfolio,False,"DELICACY IS NOT A WEAKNESS, IT IS A SUPERPOWER ACK ICH CROSSING"
497,1709836114,2024-03-07 01:28 PM EST,media/797501532404133.jpg,this_profile's_activity_across_facebook/posts/media/Mobileuploads_624264343061187/797501532404133.jpg,Mobile uploads,Whimsy added a new photo.,Wonderful growth for The Jackson Crossing Mall in just 6+ months! Schedule a Social Media Consult for free today!,Wonderful growth for @[100089025150970:2048:The Jackson Crossing Mall] in just 6+ months! Schedule a Social Media Consult for free today!,promotion,Jackson Crossing Community Events,False,"The Jackson Crossing Mall 191 likes + 243 followers Starting Jackson Crossings is a major regional shopping center located in Jackson, MI The Jackson Crossing Mall 1.4K likes 1.6K followers 6 Months Jackson Crossings is a major regional shopping center located in Jackson, MI"
498,1709577126,2024-03-04 01:32 PM EST,media/3772686773052294.mp4,this_profile's_activity_across_facebook/posts/media/videos/3772686773052294.mp4,,Whimsy added a new video.,Time lapsed digital art work ♡,,context,Uncategorized and General Portfolio,False,
499,1709391635,2024-03-02 10:00 AM EST,media/794308516056768.jpg,this_profile's_activity_across_facebook/posts/media/Photos_624264349727853/794308516056768.jpg,Photos,Whimsy added 4 new photos.,Are you Hiring? Then its time for some attention grabbing ad's! Let us meet the needs of your business and brand! Reach out today for a Free consult!,,promotion,Uncategorized and General Portfolio,False,"a ed ___,aksoncressing *__ We are Hiring! Cannirity, naAnin aintnannan “Kpply now! Please send resumes to: jane@shopjacksoncrossing.com ~Pay based on experience ~ SS Pam a9 pps"
500,1709391635,2024-03-02 10:00 AM EST,media/794308522723434.jpg,this_profile's_activity_across_facebook/posts/media/Photos_624264349727853/794308522723434.jpg,Photos,Whimsy added 4 new photos.,Are you Hiring? Then its time for some attention grabbing ad's! Let us meet the needs of your business and brand! Reach out today for a Free consult!,,promotion,Uncategorized and General Portfolio,False,e— UNITED STATES > POSTAL SERVICE el lb rire uiger NOW HOLY NATIONWIDE Explore Opportunities Today @ Oe CROSSTNG
501,1709391635,2024-03-02 10:00 AM EST,media/794308526056767.jpg,this_profile's_activity_across_facebook/posts/media/Photos_624264349727853/794308526056767.jpg,Photos,Whimsy added 4 new photos.,Are you Hiring? Then its time for some attention grabbing ad's! Let us meet the needs of your business and brand! Reach out today for a Free consult!,,promotion,Uncategorized and General Portfolio,False,GILBERT Ch ocolates an nk hii Resume Available: 4 www.gilbertchocolates.com | Gackion _ CFERGSSING
502,1709391635,2024-03-02 10:00 AM EST,media/794308519390101.jpg,this_profile's_activity_across_facebook/posts/media/Photos_624264349727853/794308519390101.jpg,Photos,Whimsy added 4 new photos.,Are you Hiring? Then its time for some attention grabbing ad's! Let us meet the needs of your business and brand! Reach out today for a Free consult!,,promotion,Uncategorized and General Portfolio,False,"| tise LaCie HIF IPPC —e =, Please-Apn hit IL. - 443- \ i eaeeenea OSSING"
503,1709305232,2024-03-01 10:00 AM EST,media/793715222782764.jpg,this_profile's_activity_across_facebook/posts/media/Photos_624264349727853/793715222782764.jpg,Photos,Whimsy added 5 new photos.,"🌟 Unlock the Power of Imagination with Whimsy Graphic Designs!🌟 Whether you're a small startup, a thriving business, or an individual with a creative dream, we're here to turn your ideas into reality. From concept to completion, we are dedicated to bringing your brand to life with flair, creativity, and precision. Whether you're launching a new product, hosting a special event, or simply refreshing your brand identity, Whimsy Graphic Designs is your trusted partner every step of the way. ✨ Let's bring your ideas to life! Reach out to Whimsy today and let the magic begin. Contact us now to discuss your project and receive a personalized quote. Your vision, our expertise – together, we'll create something extraordinary. ✨",,promotion,Uncategorized and General Portfolio,False,iN NI oy REGUARLY AT HUTCHES IN SPRING AREOR IIA-4P 7] _¥. Vy WW f (CROSSTNG
504,1709305232,2024-03-01 10:00 AM EST,media/793715219449431.jpg,this_profile's_activity_across_facebook/posts/media/Photos_624264349727853/793715219449431.jpg,Photos,Whimsy added 5 new photos.,"🌟 Unlock the Power of Imagination with Whimsy Graphic Designs!🌟 Whether you're a small startup, a thriving business, or an individual with a creative dream, we're here to turn your ideas into reality. From concept to completion, we are dedicated to bringing your brand to life with flair, creativity, and precision. Whether you're launching a new product, hosting a special event, or simply refreshing your brand identity, Whimsy Graphic Designs is your trusted partner every step of the way. ✨ Let's bring your ideas to life! Reach out to Whimsy today and let the magic begin. Contact us now to discuss your project and receive a personalized quote. Your vision, our expertise – together, we'll create something extraordinary. ✨",,promotion,Uncategorized and General Portfolio,False,PRSEERA Ss CCAC KSON LET US HELP YOU GET pu STARTED! eo. iV CONTACT US ay 1517-990-0671 Hi College & Career Access Center OSEROSSING MUCK SON
505,1709305232,2024-03-01 10:00 AM EST,media/793715229449430.jpg,this_profile's_activity_across_facebook/posts/media/Photos_624264349727853/793715229449430.jpg,Photos,Whimsy added 5 new photos.,"🌟 Unlock the Power of Imagination with Whimsy Graphic Designs!🌟 Whether you're a small startup, a thriving business, or an individual with a creative dream, we're here to turn your ideas into reality. From concept to completion, we are dedicated to bringing your brand to life with flair, creativity, and precision. Whether you're launching a new product, hosting a special event, or simply refreshing your brand identity, Whimsy Graphic Designs is your trusted partner every step of the way. ✨ Let's bring your ideas to life! Reach out to Whimsy today and let the magic begin. Contact us now to discuss your project and receive a personalized quote. Your vision, our expertise – together, we'll create something extraordinary. ✨",,promotion,Uncategorized and General Portfolio,False,"Breaking News State of Michigan 2024 Are you ready to embark on a rewarding and impactful career? The Michigan Department of Corrections s invites you to explore new vv fo eee Event Dates: © Crossing OR MICH, FEB: 1st,3rd,15th,29th Mall TUEBOR: March: 2nd,14th,28th ed J pril: 6th, 11th,25th OF ct May: 4th,9th,23rd Stop by and Apply!"
506,1709305232,2024-03-01 10:00 AM EST,media/793715226116097.jpg,this_profile's_activity_across_facebook/posts/media/Photos_624264349727853/793715226116097.jpg,Photos,Whimsy added 5 new photos.,"🌟 Unlock the Power of Imagination with Whimsy Graphic Designs!🌟 Whether you're a small startup, a thriving business, or an individual with a creative dream, we're here to turn your ideas into reality. From concept to completion, we are dedicated to bringing your brand to life with flair, creativity, and precision. Whether you're launching a new product, hosting a special event, or simply refreshing your brand identity, Whimsy Graphic Designs is your trusted partner every step of the way. ✨ Let's bring your ideas to life! Reach out to Whimsy today and let the magic begin. Contact us now to discuss your project and receive a personalized quote. Your vision, our expertise – together, we'll create something extraordinary. ✨",,promotion,Uncategorized and General Portfolio,False,€ Coeecccccceccsccse@Gecccccce AT THE PIER ARCADE e eoccccee® eeeeeeeevoeoeneeo eee eeee e MONDAY-SATURDAY e ad <4 e e Throw the best party eeoeoeeeoede e @eeeeeeede eeoeeoee eee a > O/SEROSSING ‘kson
507,1709305232,2024-03-01 10:00 AM EST,media/793715216116098.jpg,this_profile's_activity_across_facebook/posts/media/Photos_624264349727853/793715216116098.jpg,Photos,Whimsy added 5 new photos.,"🌟 Unlock the Power of Imagination with Whimsy Graphic Designs!🌟 Whether you're a small startup, a thriving business, or an individual with a creative dream, we're here to turn your ideas into reality. From concept to completion, we are dedicated to bringing your brand to life with flair, creativity, and precision. Whether you're launching a new product, hosting a special event, or simply refreshing your brand identity, Whimsy Graphic Designs is your trusted partner every step of the way. ✨ Let's bring your ideas to life! Reach out to Whimsy today and let the magic begin. Contact us now to discuss your project and receive a personalized quote. Your vision, our expertise – together, we'll create something extraordinary. ✨",,promotion,Uncategorized and General Portfolio,False,i lackion & OQ /CROSSTING cas < 5 Scurry * security _ security-related concerns. Qualifications: e High school diploma or equivalent. APPLY NOW e Prior experience in security or a related field is preferred. Strong communication and interpersonal skills. 517-783-2606 Ability to remain calm under pressure and handle challenging situations professionally. Jane@shopjacksoncro: g.com Knowledge of basic first aid and emergency response procedures.
508,1709225894,2024-02-29 11:58 AM EST,media/793024449518508.jpg,this_profile's_activity_across_facebook/posts/media/Photos_624264349727853/793024449518508.jpg,Photos,Whimsy added a new photo.,Proud to be a sponsor of The Rose Queen Pageant taking place in Jackson Michigan! Come out and support amazing women in our community on March 2nd at 6pm at The Jackson Symphony Orchestra! Thank you for allowing me the wonderful opportunity to display my work in our wonderful community!,Proud to be a sponsor of The Rose Queen Pageant taking place in Jackson Michigan! Come out and support amazing women in our community on March 2nd at 6pm at The Jackson Symphony Orchestra! Thank you for allowing me the wonderful opportunity to display my work in our wonderful community!,context,Uncategorized and General Portfolio,False,
509,1708443282,2024-02-20 10:34 AM EST,media/787875520033401.jpg,this_profile's_activity_across_facebook/posts/media/Mobileuploads_624264343061187/787875520033401.jpg,Mobile uploads,Whimsy added a new photo.,"""The Bee keeper & The Dr."" Trying some hand painting again, these two just speak to me. May need to start a mini series ♡","""The Bee keeper & The Dr."" Trying some hand painting again, these two just speak to me. May need to start a mini series ♡",context,Uncategorized and General Portfolio,False,
510,1708354815,2024-02-19 10:00 AM EST,media/787291366758483.jpg,this_profile's_activity_across_facebook/posts/media/Photos_624264349727853/787291366758483.jpg,Photos,Whimsy added 4 new photos.,"Media Monday: This was such a full fun month! From Ad's and magazines to running a large event! Can't wait to see what March holds! If you are looking for logo creation, Ad's, Posters or more reach out any time!",,promotion,Uncategorized and General Portfolio,False,"IIA ,M Pp VW DAWN PARKER Reinhart"
511,1708354815,2024-02-19 10:00 AM EST,media/787291363425150.jpg,this_profile's_activity_across_facebook/posts/media/Photos_624264349727853/787291363425150.jpg,Photos,Whimsy added 4 new photos.,"Media Monday: This was such a full fun month! From Ad's and magazines to running a large event! Can't wait to see what March holds! If you are looking for logo creation, Ad's, Posters or more reach out any time!",,promotion,Uncategorized and General Portfolio,False,"“Movie Ni ht + Fetiety th i » @ 2 Medium Drinks, | Medium Popcorn and a Candy of your choice for $15 with the purchase ‘of a ticket! Sponsored by: CSOM- HOM E. fm Music that makes KE ‘ROSSTNG 106.9 you feel good!"
512,1708354815,2024-02-19 10:00 AM EST,media/787291360091817.jpg,this_profile's_activity_across_facebook/posts/media/Photos_624264349727853/787291360091817.jpg,Photos,Whimsy added 4 new photos.,"Media Monday: This was such a full fun month! From Ad's and magazines to running a large event! Can't wait to see what March holds! If you are looking for logo creation, Ad's, Posters or more reach out any time!",,promotion,Uncategorized and General Portfolio,False,"Studioi One Photography ries aE BOOK NOW: | ge \ February 17th Valentines Specials aN i } ""OPONSON” HOME. fm Music that makes CUPIDS CORNER- February 14th 2-6pm 106.9 you feel good! Photography- Live Music- Vendors- Food & More!"
513,1708354815,2024-02-19 10:00 AM EST,media/787291356758484.jpg,this_profile's_activity_across_facebook/posts/media/Photos_624264349727853/787291356758484.jpg,Photos,Whimsy added 4 new photos.,"Media Monday: This was such a full fun month! From Ad's and magazines to running a large event! Can't wait to see what March holds! If you are looking for logo creation, Ad's, Posters or more reach out any time!",,promotion,Uncategorized and General Portfolio,False,DAWN PARKER a Reinhart a) Own Yo as Dream Home I'll help you find the one for you!
514,1707919238,2024-02-14 09:00 AM EST,media/784075067080113.jpg,this_profile's_activity_across_facebook/posts/media/Mobileuploads_624264343061187/784075067080113.jpg,Mobile uploads,Whimsy added a new photo.,WIP Wednesday Custom memorial tattoo design<3 I always feel so honored when people want my work on their body!,WIP Wednesday Custom memorial tattoo design<3 I always feel so honored when people want my work on their body!,context,Uncategorized and General Portfolio,False,
515,1706709650,2024-01-31 09:00 AM EST,media/1546701522833294.mp4,this_profile's_activity_across_facebook/posts/media/videos/1546701522833294.mp4,,Whimsy added a new video.,WIP Wednesday: Finished these bad boys and they look even better in final sticker form! <3,,context,Uncategorized and General Portfolio,False,
516,1706540457,2024-01-29 10:00 AM EST,media/773904481430505.jpg,this_profile's_activity_across_facebook/posts/media/Photos_624264349727853/773904481430505.jpg,Photos,Whimsy added 3 new photos.,"Media Monday: Lots of Memes this week! Love having clients who know how to have some fun! Don't be afraid to reach out with a creative idea, I love helping bring them to life!",,context,Uncategorized and General Portfolio,False,£ & « | save DAWN PARKER YY Reinhart
517,1706540457,2024-01-29 10:00 AM EST,media/773904474763839.jpg,this_profile's_activity_across_facebook/posts/media/Photos_624264349727853/773904474763839.jpg,Photos,Whimsy added 3 new photos.,"Media Monday: Lots of Memes this week! Love having clients who know how to have some fun! Don't be afraid to reach out with a creative idea, I love helping bring them to life!",,context,Uncategorized and General Portfolio,False,
518,1706540457,2024-01-29 10:00 AM EST,media/773904478097172.jpg,this_profile's_activity_across_facebook/posts/media/Photos_624264349727853/773904478097172.jpg,Photos,Whimsy added 3 new photos.,"Media Monday: Lots of Memes this week! Love having clients who know how to have some fun! Don't be afraid to reach out with a creative idea, I love helping bring them to life!",,context,Uncategorized and General Portfolio,False,
519,1706450424,2024-01-28 09:00 AM EST,media/773215258166094.jpg,this_profile's_activity_across_facebook/posts/media/Mobileuploads_624264343061187/773215258166094.jpg,Mobile uploads,Whimsy added a new photo.,"Sketch Sunday: Couple of fun little farm stickers, colored versions out Wednesday keep an eye out!","Sketch Sunday: Couple of fun little farm stickers, colored versions out Wednesday keep an eye out!",context,Uncategorized and General Portfolio,False,
520,1706367623,2024-01-27 10:00 AM EST,media/772622481558705.jpg,this_profile's_activity_across_facebook/posts/media/Photos_624264349727853/772622481558705.jpg,Photos,Whimsy added a new photo.,Small Business Saturday: Alpha Koney Island is another local Jackson Favorite! The owners are incredible and so is the food! I've enjoyed making media ads for this wonderful restaurant these past few months! Go check them out! -Whimsy,Small Business Saturday: @[100048105653416:2048:Alpha Koney Island] is another local Jackson Favorite! The owners are incredible and so is the food! I've enjoyed making media ads for this wonderful restaurant these past few months! Go check them out! -Whimsy,context,Local Business Features,False,
521,1705935641,2024-01-22 10:00 AM EST,media/769506628536957.jpg,this_profile's_activity_across_facebook/posts/media/Photos_624264349727853/769506628536957.jpg,Photos,Whimsy added 6 new photos.,"Media Monday: More of my recent ad creation, love having the ability to work with so many unique brands!",,context,Uncategorized and General Portfolio,False,iy Kt tt i ONE) = G gel FAS Oo ww i ut MODERN FURNITURE Get The Best For Your Home SKE
522,1705935641,2024-01-22 10:00 AM EST,media/769506618536958.jpg,this_profile's_activity_across_facebook/posts/media/Photos_624264349727853/769506618536958.jpg,Photos,Whimsy added 6 new photos.,"Media Monday: More of my recent ad creation, love having the ability to work with so many unique brands!",,context,Uncategorized and General Portfolio,False,
523,1705935641,2024-01-22 10:00 AM EST,media/769506625203624.jpg,this_profile's_activity_across_facebook/posts/media/Photos_624264349727853/769506625203624.jpg,Photos,Whimsy added 6 new photos.,"Media Monday: More of my recent ad creation, love having the ability to work with so many unique brands!",,context,Uncategorized and General Portfolio,False,
524,1705935641,2024-01-22 10:00 AM EST,media/769506621870291.jpg,this_profile's_activity_across_facebook/posts/media/Photos_624264349727853/769506621870291.jpg,Photos,Whimsy added 6 new photos.,"Media Monday: More of my recent ad creation, love having the ability to work with so many unique brands!",,context,Uncategorized and General Portfolio,False,
525,1705935641,2024-01-22 10:00 AM EST,media/769506615203625.jpg,this_profile's_activity_across_facebook/posts/media/Photos_624264349727853/769506615203625.jpg,Photos,Whimsy added 6 new photos.,"Media Monday: More of my recent ad creation, love having the ability to work with so many unique brands!",,context,Uncategorized and General Portfolio,False,
526,1705935641,2024-01-22 10:00 AM EST,media/769506611870292.jpg,this_profile's_activity_across_facebook/posts/media/Photos_624264349727853/769506611870292.jpg,Photos,Whimsy added 6 new photos.,"Media Monday: More of my recent ad creation, love having the ability to work with so many unique brands!",,context,Uncategorized and General Portfolio,False,clai i 1 es ks (CROSSING rhion
527,1705762842,2024-01-20 10:00 AM EST,media/768185015335785.jpg,this_profile's_activity_across_facebook/posts/media/Photos_624264349727853/768185015335785.jpg,Photos,Whimsy added 6 new photos.,"Small Business Saturday: Dawn Parker, Realtor is a local dedicated to her craft! If you are living in Michigan and looking to buy or sell your home I highly recommend reaching out for a consult! -Whimsy",,context,Local Business Features,False,
528,1705762842,2024-01-20 10:00 AM EST,media/768185018669118.jpg,this_profile's_activity_across_facebook/posts/media/Photos_624264349727853/768185018669118.jpg,Photos,Whimsy added 6 new photos.,"Small Business Saturday: Dawn Parker, Realtor is a local dedicated to her craft! If you are living in Michigan and looking to buy or sell your home I highly recommend reaching out for a consult! -Whimsy",,context,Local Business Features,False,
529,1705762842,2024-01-20 10:00 AM EST,media/768185005335786.jpg,this_profile's_activity_across_facebook/posts/media/Photos_624264349727853/768185005335786.jpg,Photos,Whimsy added 6 new photos.,"Small Business Saturday: Dawn Parker, Realtor is a local dedicated to her craft! If you are living in Michigan and looking to buy or sell your home I highly recommend reaching out for a consult! -Whimsy",,context,Local Business Features,False,
530,1705762842,2024-01-20 10:00 AM EST,media/768185012002452.jpg,this_profile's_activity_across_facebook/posts/media/Photos_624264349727853/768185012002452.jpg,Photos,Whimsy added 6 new photos.,"Small Business Saturday: Dawn Parker, Realtor is a local dedicated to her craft! If you are living in Michigan and looking to buy or sell your home I highly recommend reaching out for a consult! -Whimsy",,context,Local Business Features,False,
531,1705762842,2024-01-20 10:00 AM EST,media/768185002002453.jpg,this_profile's_activity_across_facebook/posts/media/Photos_624264349727853/768185002002453.jpg,Photos,Whimsy added 6 new photos.,"Small Business Saturday: Dawn Parker, Realtor is a local dedicated to her craft! If you are living in Michigan and looking to buy or sell your home I highly recommend reaching out for a consult! -Whimsy",,context,Local Business Features,False,O4 we. es J 4 ai a i os \i
532,1705762842,2024-01-20 10:00 AM EST,media/768185008669119.jpg,this_profile's_activity_across_facebook/posts/media/Photos_624264349727853/768185008669119.jpg,Photos,Whimsy added 6 new photos.,"Small Business Saturday: Dawn Parker, Realtor is a local dedicated to her craft! If you are living in Michigan and looking to buy or sell your home I highly recommend reaching out for a consult! -Whimsy",,context,Local Business Features,False,
533,1705683641,2024-01-19 12:00 PM EST,media/767594552061498.jpg,this_profile's_activity_across_facebook/posts/media/Photos_624264349727853/767594552061498.jpg,Photos,Whimsy added a new photo.,"Fan Art Friday: Howls Moving Castle from my Favorite Ghibli movie! This piece was from 2019 and broke my brain, trying to create more browns then my mind could comprehend and I still didnt have a good grasp on light based shading","Fan Art Friday: Howls Moving Castle from my Favorite Ghibli movie! This piece was from 2019 and broke my brain, trying to create more browns then my mind could comprehend and I still didnt have a good grasp on light based shading",context,Uncategorized and General Portfolio,False,
534,1705501279,2024-01-17 09:21 AM EST,media/3559059591000794.mp4,this_profile's_activity_across_facebook/posts/media/videos/3559059591000794.mp4,,Whimsy added a new video.,"W.I.P Wednesday : Starting a new series inspired by words. Wether that be lyrics, lines from a movie, a piece of a poem or something similar I am finding inspiration in articulation <3",,promotion,Uncategorized and General Portfolio,False,
535,1705158019,2024-01-13 10:00 AM EST,media/763841235770163.jpg,this_profile's_activity_across_facebook/posts/media/Photos_624264349727853/763841235770163.jpg,Photos,Whimsy added a new photo.,Small Business Saturday: Stop N Custom is a local business based in Jackson that does incredible work! From business shirts to gag tees and everything in between check them out for all your T-shirt needs!,Small Business Saturday: @[100087409880578:2048:Stop N Custom] is a local business based in Jackson that does incredible work! From business shirts to gag tees and everything in between check them out for all your T-shirt needs!,context,Local Business Features,False,
536,1704758423,2024-01-08 07:00 PM EST,media/760991822721771.jpg,this_profile's_activity_across_facebook/posts/media/Photos_624264349727853/760991822721771.jpg,Photos,Whimsy added 5 new photos.,Media Monday: Continuing to work with incredible brands at the Jackson Crossing Mall! Enjoying this opportunity immensely!,,context,Jackson Crossing Community Events,False,"0 Wot 4y a2 La , eee it Wi | CINNAMON STICK i 110 | SCENTED CANDLE = | ZL ESSENTIAL MADE WIT ft ore ~--- wr kK Q/CROSSTNG AASOM"
537,1704758423,2024-01-08 07:00 PM EST,media/760991819388438.jpg,this_profile's_activity_across_facebook/posts/media/Photos_624264349727853/760991819388438.jpg,Photos,Whimsy added 5 new photos.,Media Monday: Continuing to work with incredible brands at the Jackson Crossing Mall! Enjoying this opportunity immensely!,,context,Jackson Crossing Community Events,False,
538,1704758423,2024-01-08 07:00 PM EST,media/760991832721770.jpg,this_profile's_activity_across_facebook/posts/media/Photos_624264349727853/760991832721770.jpg,Photos,Whimsy added 5 new photos.,Media Monday: Continuing to work with incredible brands at the Jackson Crossing Mall! Enjoying this opportunity immensely!,,context,Jackson Crossing Community Events,False,
539,1704758423,2024-01-08 07:00 PM EST,media/760991829388437.jpg,this_profile's_activity_across_facebook/posts/media/Photos_624264349727853/760991829388437.jpg,Photos,Whimsy added 5 new photos.,Media Monday: Continuing to work with incredible brands at the Jackson Crossing Mall! Enjoying this opportunity immensely!,,context,Jackson Crossing Community Events,False,
540,1704758423,2024-01-08 07:00 PM EST,media/760991826055104.jpg,this_profile's_activity_across_facebook/posts/media/Photos_624264349727853/760991826055104.jpg,Photos,Whimsy added 5 new photos.,Media Monday: Continuing to work with incredible brands at the Jackson Crossing Mall! Enjoying this opportunity immensely!,,context,Jackson Crossing Community Events,False,
541,1704585620,2024-01-06 07:00 PM EST,media/759620166192270.jpg,this_profile's_activity_across_facebook/posts/media/Photos_624264349727853/759620166192270.jpg,Photos,Whimsy added a new photo.,"Small Business Saturday: Ingendahl Acres, LLC. This farm is absolutely incredible, from their support of their community and small artist to their personal endeavors and farm life! If you are in their area be sure to stop by their farm stand for some amazing local art and fresh farm goods! -Whimsy","Small Business Saturday: @[100064862829886:2048:Ingendahl Acres, LLC.] This farm is absolutely incredible, from their support of their community and small artist to their personal endeavors and farm life! If you are in their area be sure to stop by their farm stand for some amazing local art and fresh farm goods! -Whimsy",context,Local Business Features,False,eK itt ne Oe tg Fs eset ~
542,1704473522,2024-01-05 11:52 AM EST,media/758903806263906.jpg,this_profile's_activity_across_facebook/posts/media/Mobileuploads_624264343061187/758903806263906.jpg,Mobile uploads,Whimsy added 4 new photos.,Fan Art friday: Made this cutie from labrynth a few years ago! And is now with the singer from Serious Moonlight - Bowie Tribute. I had the pleasure of seeing them preform many times when I worked at Blue Skies and couldn't get enoguh! Come on in an meet the misses!,,context,Uncategorized and General Portfolio,False,
543,1704473522,2024-01-05 11:52 AM EST,media/758903846263902.jpg,this_profile's_activity_across_facebook/posts/media/Mobileuploads_624264343061187/758903846263902.jpg,Mobile uploads,Whimsy added 4 new photos.,Fan Art friday: Made this cutie from labrynth a few years ago! And is now with the singer from Serious Moonlight - Bowie Tribute. I had the pleasure of seeing them preform many times when I worked at Blue Skies and couldn't get enoguh! Come on in an meet the misses!,,context,Uncategorized and General Portfolio,False,
544,1704473522,2024-01-05 11:52 AM EST,media/758903886263898.jpg,this_profile's_activity_across_facebook/posts/media/Mobileuploads_624264343061187/758903886263898.jpg,Mobile uploads,Whimsy added 4 new photos.,Fan Art friday: Made this cutie from labrynth a few years ago! And is now with the singer from Serious Moonlight - Bowie Tribute. I had the pleasure of seeing them preform many times when I worked at Blue Skies and couldn't get enoguh! Come on in an meet the misses!,,context,Uncategorized and General Portfolio,False,
545,1704473522,2024-01-05 11:52 AM EST,media/758903926263894.jpg,this_profile's_activity_across_facebook/posts/media/Mobileuploads_624264343061187/758903926263894.jpg,Mobile uploads,Whimsy added 4 new photos.,Fan Art friday: Made this cutie from labrynth a few years ago! And is now with the singer from Serious Moonlight - Bowie Tribute. I had the pleasure of seeing them preform many times when I worked at Blue Skies and couldn't get enoguh! Come on in an meet the misses!,,context,Uncategorized and General Portfolio,False,
546,1704318842,2024-01-03 04:54 PM EST,media/757816373039316.jpg,this_profile's_activity_across_facebook/posts/media/Mobileuploads_624264343061187/757816373039316.jpg,Mobile uploads,Whimsy added a new photo.,"Work in progress Wednesday: Almost a decade ago I lost feeling in my hands, when I did I made a conscious transition to digital art to make up for the deficit. This year I'm picking up hand painting again! Starting with a self portrait for a nice low pressure practice piece! I will be sure to update you all as it comes along! :)","Work in progress Wednesday: Almost a decade ago I lost feeling in my hands, when I did I made a conscious transition to digital art to make up for the deficit. This year I'm picking up hand painting again! Starting with a self portrait for a nice low pressure practice piece! I will be sure to update you all as it comes along! :)",context,Uncategorized and General Portfolio,False,thy mt v4 i - iH iit ae Pass Hf i itt Mist fi i (yh ry 4 Wi Blot Y.
547,1704121249,2024-01-01 10:00 AM EST,media/756434133177540.jpg,this_profile's_activity_across_facebook/posts/media/Photos_624264349727853/756434133177540.jpg,Photos,Whimsy added 5 new photos.,"Media Monday! Check out some of my final projects for 2023! Some logo Design, Info Graphics, and Ads to round me out nicely <3 As always thank you all for the constant support this last year, I appreciate you all!",,context,Uncategorized and General Portfolio,False,
548,1704121249,2024-01-01 10:00 AM EST,media/756434139844206.jpg,this_profile's_activity_across_facebook/posts/media/Photos_624264349727853/756434139844206.jpg,Photos,Whimsy added 5 new photos.,"Media Monday! Check out some of my final projects for 2023! Some logo Design, Info Graphics, and Ads to round me out nicely <3 As always thank you all for the constant support this last year, I appreciate you all!",,context,Uncategorized and General Portfolio,False,
549,1704121249,2024-01-01 10:00 AM EST,media/756434146510872.jpg,this_profile's_activity_across_facebook/posts/media/Photos_624264349727853/756434146510872.jpg,Photos,Whimsy added 5 new photos.,"Media Monday! Check out some of my final projects for 2023! Some logo Design, Info Graphics, and Ads to round me out nicely <3 As always thank you all for the constant support this last year, I appreciate you all!",,context,Uncategorized and General Portfolio,False,
550,1704121249,2024-01-01 10:00 AM EST,media/756434143177539.jpg,this_profile's_activity_across_facebook/posts/media/Photos_624264349727853/756434143177539.jpg,Photos,Whimsy added 5 new photos.,"Media Monday! Check out some of my final projects for 2023! Some logo Design, Info Graphics, and Ads to round me out nicely <3 As always thank you all for the constant support this last year, I appreciate you all!",,context,Uncategorized and General Portfolio,False,
551,1704121249,2024-01-01 10:00 AM EST,media/756434136510873.jpg,this_profile's_activity_across_facebook/posts/media/Photos_624264349727853/756434136510873.jpg,Photos,Whimsy added 5 new photos.,"Media Monday! Check out some of my final projects for 2023! Some logo Design, Info Graphics, and Ads to round me out nicely <3 As always thank you all for the constant support this last year, I appreciate you all!",,context,Uncategorized and General Portfolio,False,— SSN TAAL ¥ ae te ” ADNED Aa Wie - ») Coffee Break At Koney SX enjoy your WA with us JEG kion Ni \! i) CF ae he Me
552,1704034838,2023-12-31 10:00 AM EST,media/755568669930753.jpg,this_profile's_activity_across_facebook/posts/media/Photos_624264349727853/755568669930753.jpg,Photos,Whimsy added a new photo.,"2023 has been an incredibly successful year of art growth from honing in my hand drawn skills, learning new new techniques, launching this business and getting more involved with the community I have enjoyed it immensely! I cant wait to see what opportunity the new year brings. I am so excited to go into it with such momentum! Wishing you all a beautiful new year, and as always thank you for the support! -Whimsy #smalllocalbuisness #artistic #selftaught #whimsy #smallbuisness #arteducation #adcreation #liveart #redraw #education #logocreation #newyear #art #whimsyart","2023 has been an incredibly successful year of art growth from honing in my hand drawn skills, learning new new techniques, launching this business and getting more involved with the community I have enjoyed it immensely! I cant wait to see what opportunity the new year brings. I am so excited to go into it with such momentum! Wishing you all a beautiful new year, and as always thank you for the support! -Whimsy #smalllocalbuisness #artistic #selftaught #whimsy #smallbuisness #arteducation #adcreation #liveart #redraw #education #logocreation #newyear #art #whimsyart",promotion,Uncategorized and General Portfolio,False,"+ 7 + + >? +* +* Ss A N Ww YEAR! + + 4 , + ~+"
553,1703948430,2023-12-30 10:00 AM EST,media/755016366652650.jpg,this_profile's_activity_across_facebook/posts/media/Photos_624264349727853/755016366652650.jpg,Photos,Whimsy added a new photo.,"Small Business Saturday! Have no fear Sisters Smoothies are here! If you are a Michigan local be sure to stop by and get yourself something delicious! This incredible business is a result of 5 talented young entrepreneurs who started making smoothies at school events, grew to a food truck and have now taken over in the heart of The Jackson Crossing Mall! Come out and show these young ladies your support, we need more young minds like these in our community! And a special shout out to their ever supportive parents helping them shape this family dream! -Whimsy #sistersmoothies #thejacksoncrossingmall #smoothies #localbusiness #smallbuisness #smalllocalbuisness #youngenterpreuners #mall #jacksoncrossing #whimsy #smallbuisnesssaturday","Small Business Saturday! Have no fear @[100063726436792:2048:Sisters Smoothies] are here! If you are a Michigan local be sure to stop by and get yourself something delicious! This incredible business is a result of 5 talented young entrepreneurs who started making smoothies at school events, grew to a food truck and have now taken over in the heart of The Jackson Crossing Mall! Come out and show these young ladies your support, we need more young minds like these in our community! And a special shout out to their ever supportive parents helping them shape this family dream! -Whimsy #sistersmoothies #thejacksoncrossingmall #smoothies #localbusiness #smallbuisness #smalllocalbuisness #youngenterpreuners #mall #jacksoncrossing #whimsy #smallbuisnesssaturday",promotion,Jackson Crossing Community Events | Local Business Features,False,7 Fe Pe a? f ey a vit ee yi ae | es i ot b= | Yi © —_ EL \f —— ——— x *s a
554,1703862038,2023-12-29 10:00 AM EST,media/754428440044776.jpg,this_profile's_activity_across_facebook/posts/media/Photos_624264349727853/754428440044776.jpg,Photos,Whimsy added a new photo.,"Fan Art Friday! In 2019 I was fully bed bound and house bound. During this time my hands would not cooperate and allow me to continue honing in my painting skills. So...I tried new mediums! This is a needle felt set of characters from the LOTR series! I wish I had taken the time to get better photos of these detailed little guys! Frodo: Has the one true ring at his side and lovely hair hobbit feet! Gimli: Has braided facial hair and a custom axe Legolas- Custom Bow, Braided hair Gandalf-Custom staff While this is a fun medium...for someone who cant feel their hands this was oddly painful haha. Fun but short lived medium for me! I hope you enjoy! -Whimsy #lotr #lordoftherings #lotrfanart #fanart #theonetruering #fanart #fanartfriday #whimsy #tolken #fantasy #felting #feltart #artmedium","Fan Art Friday! In 2019 I was fully bed bound and house bound. During this time my hands would not cooperate and allow me to continue honing in my painting skills. So...I tried new mediums! This is a needle felt set of characters from the LOTR series! I wish I had taken the time to get better photos of these detailed little guys! Frodo: Has the one true ring at his side and lovely hair hobbit feet! Gimli: Has braided facial hair and a custom axe Legolas- Custom Bow, Braided hair Gandalf-Custom staff While this is a fun medium...for someone who cant feel their hands this was oddly painful haha. Fun but short lived medium for me! I hope you enjoy! -Whimsy #lotr #lordoftherings #lotrfanart #fanart #theonetruering #fanart #fanartfriday #whimsy #tolken #fantasy #felting #feltart #artmedium",context,Uncategorized and General Portfolio,False,
555,1703775648,2023-12-28 10:00 AM EST,media/753817553439198.jpg,this_profile's_activity_across_facebook/posts/media/Photos_624264349727853/753817553439198.jpg,Photos,Whimsy added 4 new photos.,"Inspiration Thursday! Plants, Plants and more Plants! Between my personal love of plants and my obsession with this deep green color I just can't stay away! I am currently working on a Monstera Fairy series and love the way their leaves are shaped! Inspiration is everywhere! #inspirationthurday #inspo #art #monstera #plant #plantobsession #whimsy #inspirationeverywhere #succulents",,promotion,Uncategorized and General Portfolio,False,"ie 4) ae ""| \/ S f Q) | \ ) F \ a VM Me “Cb ( Ud UD / @\ vA AY AN SS NF -"
556,1703775648,2023-12-28 10:00 AM EST,media/753817556772531.jpg,this_profile's_activity_across_facebook/posts/media/Photos_624264349727853/753817556772531.jpg,Photos,Whimsy added 4 new photos.,"Inspiration Thursday! Plants, Plants and more Plants! Between my personal love of plants and my obsession with this deep green color I just can't stay away! I am currently working on a Monstera Fairy series and love the way their leaves are shaped! Inspiration is everywhere! #inspirationthurday #inspo #art #monstera #plant #plantobsession #whimsy #inspirationeverywhere #succulents",,promotion,Uncategorized and General Portfolio,False,Me i ae ~ Lhe 46 we be - i i. = = i i 24 lore wc oe ae e a loc di rns ERB po Ls PP. we ie # ea) s pic ei ‘i ae ae pe bg > ty
557,1703775648,2023-12-28 10:00 AM EST,media/753817550105865.jpg,this_profile's_activity_across_facebook/posts/media/Photos_624264349727853/753817550105865.jpg,Photos,Whimsy added 4 new photos.,"Inspiration Thursday! Plants, Plants and more Plants! Between my personal love of plants and my obsession with this deep green color I just can't stay away! I am currently working on a Monstera Fairy series and love the way their leaves are shaped! Inspiration is everywhere! #inspirationthurday #inspo #art #monstera #plant #plantobsession #whimsy #inspirationeverywhere #succulents",,promotion,Uncategorized and General Portfolio,False,"s os Oe Le | >. H Pee =o 2 ak ¥ WTS sie “WV -e® i” sy tat RG LY) 464, ¥ ch Vey Fo te VS aie! a V4 A cd CP x ~&. = AY heragi en 5, me oe aye a e733 ix ? ») 7 Ve dt pe wm 4° ey es =) ay aN 1 i me Wee ys | ""y' di"
558,1703775648,2023-12-28 10:00 AM EST,media/753817560105864.jpg,this_profile's_activity_across_facebook/posts/media/Photos_624264349727853/753817560105864.jpg,Photos,Whimsy added 4 new photos.,"Inspiration Thursday! Plants, Plants and more Plants! Between my personal love of plants and my obsession with this deep green color I just can't stay away! I am currently working on a Monstera Fairy series and love the way their leaves are shaped! Inspiration is everywhere! #inspirationthurday #inspo #art #monstera #plant #plantobsession #whimsy #inspirationeverywhere #succulents",,promotion,Uncategorized and General Portfolio,False,AN NN N —~ ed == ™ mt >! v PN aN » & \\) et
559,1703689245,2023-12-27 10:00 AM EST,media/753199033501050.jpg,this_profile's_activity_across_facebook/posts/media/Photos_624264349727853/753199033501050.jpg,Photos,Whimsy added 2 new photos.,Wip Wednesday! This weeks WIP is new business cards! These were my most recent and we flew threw them at community events and in our orders! So stay tuned to see how they turn out and reach out to place an order of your own! #smalllocalbuisness #artistic #selftaught #whimsy #smallbuisness #arteducation #adcreation #businesscards #logo #adcreations #art,,promotion,Uncategorized and General Portfolio,False,"is x ii. Sa, ae alain = ty he ee - Bis Se = he Petes SEY = Rie ae —— SR = i ite ig fe —— == Se"
560,1703689245,2023-12-27 10:00 AM EST,media/753199030167717.jpg,this_profile's_activity_across_facebook/posts/media/Photos_624264349727853/753199030167717.jpg,Photos,Whimsy added 2 new photos.,Wip Wednesday! This weeks WIP is new business cards! These were my most recent and we flew threw them at community events and in our orders! So stay tuned to see how they turn out and reach out to place an order of your own! #smalllocalbuisness #artistic #selftaught #whimsy #smallbuisness #arteducation #adcreation #businesscards #logo #adcreations #art,,promotion,Uncategorized and General Portfolio,False,"_ “ Bi we Saeed = Oe os 1 rae = eS Sete a ee ae Ss rane ——= i Sea ~~ Fetes. a ee tiie Re, ee hos nes ame Se. es —"
561,1703602833,2023-12-26 10:00 AM EST,media/752596793561274.jpg,this_profile's_activity_across_facebook/posts/media/Photos_624264349727853/752596793561274.jpg,Photos,Whimsy added a new photo.,"Reflecting on a month of diving into the vibrant world of color theory! Throughout the past four weeks, we've explored the fascinating interplay of hues, tones, and shades, uncovering the magic behind the colors that shape our world. Stay tuned for more creative explorations ahead! 🎨💡 -Whimsy #whimsy #art #colortheory #education #smalllocalbuisness #artistic #selftaught #whimsy #smallbuisness #arteducation #adcreation","Reflecting on a month of diving into the vibrant world of color theory! Throughout the past four weeks, we've explored the fascinating interplay of hues, tones, and shades, uncovering the magic behind the colors that shape our world. Stay tuned for more creative explorations ahead! 🎨💡 -Whimsy #whimsy #art #colortheory #education #smalllocalbuisness #artistic #selftaught #whimsy #smallbuisness #arteducation #adcreation",context,Uncategorized and General Portfolio,False,"re de we i wees at ie ee tx 16,8 Va « ot wt ali Al er He oo ao Pigs oP path, Me TAN Be. ‘a if far. * aot a Eee wp"
562,1703545211,2023-12-25 06:00 PM EST,media/752194200268200.jpg,this_profile's_activity_across_facebook/posts/media/Photos_624264349727853/752194200268200.jpg,Photos,Whimsy added a new photo.,"Merry Christmas everyone! Thank you for your support through out this holiday season, it means more then I can express! I hope you all have a wonderful holiday!✨🎄 -Whimsy #holidays #christmas #smalllocalbuisness #artistic #selftaught #whimsy #smallbuisness #arteducation #adcreation","Merry Christmas everyone! Thank you for your support through out this holiday season, it means more then I can express! I hope you all have a wonderful holiday!✨🎄 -Whimsy #holidays #christmas #smalllocalbuisness #artistic #selftaught #whimsy #smallbuisness #arteducation #adcreation",context,Holiday Promotions and Markets,False,
563,1703430033,2023-12-24 10:00 AM EST,media/751328040354816.jpg,this_profile's_activity_across_facebook/posts/media/Photos_624264349727853/751328040354816.jpg,Photos,Whimsy added a new photo.,"I hope you are all safe, happy and warm this evening! ✨🎄","I hope you are all safe, happy and warm this evening! ✨🎄",context,Uncategorized and General Portfolio,False,
564,1703343623,2023-12-23 10:00 AM EST,media/750696507084636.jpg,this_profile's_activity_across_facebook/posts/media/Photos_624264349727853/750696507084636.jpg,Photos,Whimsy added a new photo.,Small Business Saturday! This weeks small business is Kate's Art School! Kate offers incredible artistic resources to the community from classes to supplies she has it all. Her amazing store is nestled in down town Brooklyn Michigan and Kate is heavily involved in her community often taking part in events and local activities. For classes and Supplies visit: https://www.katesartschool.com or Visit in person! -Whimsy #katesartschool #brooklynmi #michigan #miartist #localart #smallbuisness #localbuisness #supportlocal #whimsy,Small Business Saturday! This weeks small business is @[100063621398607:2048:Kate's Art School]! Kate offers incredible artistic resources to the community from classes to supplies she has it all. Her amazing store is nestled in down town Brooklyn Michigan and Kate is heavily involved in her community often taking part in events and local activities. For classes and Supplies visit: https://www.katesartschool.com or Visit in person! -Whimsy #katesartschool #brooklynmi #michigan #miartist #localart #smallbuisness #localbuisness #supportlocal #whimsy,promotion,Local Business Features,False,vo SAURSL
565,1703257246,2023-12-22 10:00 AM EST,media/750083463812607.jpg,this_profile's_activity_across_facebook/posts/media/Photos_624264349727853/750083463812607.jpg,Photos,Whimsy added a new photo.,"Fan Art Friday! LANNNNNAAAAAAAAA!!!!!!! Any Archer Fans out there! This is another 2018 set when this show was in its prime! ""Do you want ants...BECAUSE THIS IS HOW YOU GET ANTS!"" This hand painted set is done in acrylic and I have no idea why its missing a Krieger! ""This is why we can't have nice things"" haha #archer #duchess #archerfanart #archerart #lanacane #lana #pampoovey #cerilfigus #sterlingarcher #fanart #acrylic #acrylicpaint #canvas","Fan Art Friday! LANNNNNAAAAAAAAA!!!!!!! Any Archer Fans out there! This is another 2018 set when this show was in its prime! ""Do you want ants...BECAUSE THIS IS HOW YOU GET ANTS!"" This hand painted set is done in acrylic and I have no idea why its missing a Krieger! ""This is why we can't have nice things"" haha #archer #duchess #archerfanart #archerart #lanacane #lana #pampoovey #cerilfigus #sterlingarcher #fanart #acrylic #acrylicpaint #canvas",context,Uncategorized and General Portfolio,False,
566,1703170846,2023-12-21 10:00 AM EST,media/749442630543357.jpg,this_profile's_activity_across_facebook/posts/media/Photos_624264349727853/749442630543357.jpg,Photos,Whimsy added 3 new photos.,"Inspiration Thursday! Space! Stars! Galaxies! These have always fascinated and terrified me in ways I cant explain. I have found that many of my old pieces were filled with whimsical space scenes! I even did a series called ""Galaxy Girls""! #galaxygirls #galaxy #inspiration #space #stars #art #freelanceartist #smallbuisness #whimsy #whimsyart",,context,Uncategorized and General Portfolio,False,a. oxy ‘s * oe 7. a ee we ve x e “se
567,1703170846,2023-12-21 10:00 AM EST,media/749442637210023.jpg,this_profile's_activity_across_facebook/posts/media/Photos_624264349727853/749442637210023.jpg,Photos,Whimsy added 3 new photos.,"Inspiration Thursday! Space! Stars! Galaxies! These have always fascinated and terrified me in ways I cant explain. I have found that many of my old pieces were filled with whimsical space scenes! I even did a series called ""Galaxy Girls""! #galaxygirls #galaxy #inspiration #space #stars #art #freelanceartist #smallbuisness #whimsy #whimsyart",,context,Uncategorized and General Portfolio,False,
568,1703170846,2023-12-21 10:00 AM EST,media/749442633876690.jpg,this_profile's_activity_across_facebook/posts/media/Photos_624264349727853/749442633876690.jpg,Photos,Whimsy added 3 new photos.,"Inspiration Thursday! Space! Stars! Galaxies! These have always fascinated and terrified me in ways I cant explain. I have found that many of my old pieces were filled with whimsical space scenes! I even did a series called ""Galaxy Girls""! #galaxygirls #galaxy #inspiration #space #stars #art #freelanceartist #smallbuisness #whimsy #whimsyart",,context,Uncategorized and General Portfolio,False,
569,1703084460,2023-12-20 10:01 AM EST,media/676485797903020.mp4,this_profile's_activity_across_facebook/posts/media/videos/676485797903020.mp4,,Whimsy added a new video.,WIP Wednesday! This 2020 piece is ever a WIP I can't seem to get it to look how I imagine it in my head. The composition eludes me but I still always love how it comes out. This is my second attempt and I will do a third in my 2024 redraws but for now I hope you enjoy this fun little clip! -Whimsy #ghibili #ghibiliart #studioghibili #2020art #wip #wipwednesday #whimsy #art #artwork #fanart #smalllocalbuisness #artistic #selftaught #smallbuisness #arteducation #adcreation,,context,Uncategorized and General Portfolio,False,
570,1702933081,2023-12-18 03:58 PM EST,media/1702365816840081.mp4,this_profile's_activity_across_facebook/posts/media/videos/1702365816840081.mp4,,Whimsy added 2 new videos.,"Media Monday! Airing on- HGTV, USA, FOOD, TBS, Bravo, AMC, TLC, Entertainment & Free-form! Had the privilege of working with The Jackson Crossing Mall and Media Advantage to create this wonderful holiday commercial. Media Advantage did wonderful with filming/editing, and I appreciate being trusted with the script, directing and casting! Hope everyone is safe and warm this holiday season!",,context,Jackson Crossing Community Events | Holiday Promotions and Markets,False,
571,1702933081,2023-12-18 03:58 PM EST,media/1371391730410147.mp4,this_profile's_activity_across_facebook/posts/media/videos/1371391730410147.mp4,,Whimsy added 2 new videos.,"Media Monday! Airing on- HGTV, USA, FOOD, TBS, Bravo, AMC, TLC, Entertainment & Free-form! Had the privilege of working with The Jackson Crossing Mall and Media Advantage to create this wonderful holiday commercial. Media Advantage did wonderful with filming/editing, and I appreciate being trusted with the script, directing and casting! Hope everyone is safe and warm this holiday season!",,context,Jackson Crossing Community Events | Holiday Promotions and Markets,False,
572,1702749780,2023-12-16 01:03 PM EST,media/746326274188326.jpg,this_profile's_activity_across_facebook/posts/media/Mobileuploads_624264343061187/746326274188326.jpg,Mobile uploads,Whimsy added 3 new photos.,"The best gift you can give a small artist/buisness/page with out spending a single cent is by supporting their socials♡ So if you have enjoyed my page and content please a moment, it would mean the world if support my art page! 1) Go to Whimsy 2) Go to the 3 little dots on the side of the page, click “invite friends” 3) Select ""invite all"" & done You have just SUCCESSFULLY supported a small business for $0.00! Thank YOU for supporting a small and local business in our community❤️ Comment below with your business page I will gladly return the favor! And while youre here enjoy this little cutie ♡",,context,Local Business Features,False,
573,1702749780,2023-12-16 01:03 PM EST,media/746326300854990.jpg,this_profile's_activity_across_facebook/posts/media/Mobileuploads_624264343061187/746326300854990.jpg,Mobile uploads,Whimsy added 3 new photos.,"The best gift you can give a small artist/buisness/page with out spending a single cent is by supporting their socials♡ So if you have enjoyed my page and content please a moment, it would mean the world if support my art page! 1) Go to Whimsy 2) Go to the 3 little dots on the side of the page, click “invite friends” 3) Select ""invite all"" & done You have just SUCCESSFULLY supported a small business for $0.00! Thank YOU for supporting a small and local business in our community❤️ Comment below with your business page I will gladly return the favor! And while youre here enjoy this little cutie ♡",,context,Local Business Features,False,
574,1702749780,2023-12-16 01:03 PM EST,media/746326330854987.jpg,this_profile's_activity_across_facebook/posts/media/Mobileuploads_624264343061187/746326330854987.jpg,Mobile uploads,Whimsy added 3 new photos.,"The best gift you can give a small artist/buisness/page with out spending a single cent is by supporting their socials♡ So if you have enjoyed my page and content please a moment, it would mean the world if support my art page! 1) Go to Whimsy 2) Go to the 3 little dots on the side of the page, click “invite friends” 3) Select ""invite all"" & done You have just SUCCESSFULLY supported a small business for $0.00! Thank YOU for supporting a small and local business in our community❤️ Comment below with your business page I will gladly return the favor! And while youre here enjoy this little cutie ♡",,context,Local Business Features,False,
575,1702652435,2023-12-15 10:00 AM EST,media/745550787599208.jpg,this_profile's_activity_across_facebook/posts/media/Photos_624264349727853/745550787599208.jpg,Photos,Whimsy added a new photo.,"Fan Art Friday! Throwing it back to 2018, this seems to be a time period that I really invested in my art! I can see so much growth since this piece! I large part of me wants to either clean this one up or add it to my list of Redraws! What do you guys think? Fix or Redraw in my current style?! This one was an Acrylic Pour with a fan art painting on top! The green in this just screamed portals to me! If you look in the black holes you'll find all kinds of fun references to the show! #art #fanart #fanartfriday #2018art #redraw #personalfanart #artistic #oldfanart #acrylicpour #paintpour #acrylic #paint #print","Fan Art Friday! Throwing it back to 2018, this seems to be a time period that I really invested in my art! I can see so much growth since this piece! I large part of me wants to either clean this one up or add it to my list of Redraws! What do you guys think? Fix or Redraw in my current style?! This one was an Acrylic Pour with a fan art painting on top! The green in this just screamed portals to me! If you look in the black holes you'll find all kinds of fun references to the show! #art #fanart #fanartfriday #2018art #redraw #personalfanart #artistic #oldfanart #acrylicpour #paintpour #acrylic #paint #print",context,Uncategorized and General Portfolio,False,
576,1702566042,2023-12-14 10:00 AM EST,media/744900617664225.jpg,this_profile's_activity_across_facebook/posts/media/Photos_624264349727853/744900617664225.jpg,Photos,Whimsy added 2 new photos.,"Inspiration Thursday! While Pinterest seems to be popular Milanote has been my favorite way to create Inspiration/ Reference boards! This is my Inspo board for working on soft faces with low detail but a clear impression. I seem to get so caught up in the details lately that I've enjoyed studying faces that are a bit more simplified in lines and shading. The best part is when I link my photos I can click on them again later to find the artist for more inspiration! Check it out, its a free app and I highly recommend it Link: https://milanote.com/",,promotion,Uncategorized and General Portfolio,False,ims & i R ( yy) ay Si ce & oat iil uy NS 5 aa’ AN\ oy) 4 -w k; \ & lnstassam gost by pin Cc “is
577,1702566042,2023-12-14 10:00 AM EST,media/744900614330892.jpg,this_profile's_activity_across_facebook/posts/media/Photos_624264349727853/744900614330892.jpg,Photos,Whimsy added 2 new photos.,"Inspiration Thursday! While Pinterest seems to be popular Milanote has been my favorite way to create Inspiration/ Reference boards! This is my Inspo board for working on soft faces with low detail but a clear impression. I seem to get so caught up in the details lately that I've enjoyed studying faces that are a bit more simplified in lines and shading. The best part is when I link my photos I can click on them again later to find the artist for more inspiration! Check it out, its a free app and I highly recommend it Link: https://milanote.com/",,promotion,Uncategorized and General Portfolio,False,"N e~ NN we =r Bf “ Les oy) ~ = — a il bY it ay AMY —— \ 5) Hy i) Ww Z Ss a a NS Hj S \ y MS D 4, eA \ wn Zs ena oats a0 0 Ls"
578,1702479640,2023-12-13 10:00 AM EST,media/744310767723210.jpg,this_profile's_activity_across_facebook/posts/media/Photos_624264349727853/744310767723210.jpg,Photos,Whimsy added a new photo.,WIP Wednesday! Just some cute little clay guys in hats! I love their cute little faces!❄️,WIP Wednesday! Just some cute little clay guys in hats! I love their cute little faces!❄️,context,Uncategorized and General Portfolio,False,
579,1702393244,2023-12-12 10:00 AM EST,media/743764437777843.jpg,this_profile's_activity_across_facebook/posts/media/Photos_624264349727853/743764437777843.jpg,Photos,Whimsy added a new photo.,Tutorial Tuesday! Today we are learning more about color theory! Understanding your theory can be so helpful when it comes to composition and mixing your own colors! What are some of your favorite color combinations? Can you tell which category they fall into? #whimsy #colortheory #color #paintmixing #adcreation #arteducation #art #primarycolors #secondarycolors #analogouscolors #selftaught #education,Tutorial Tuesday! Today we are learning more about color theory! Understanding your theory can be so helpful when it comes to composition and mixing your own colors! What are some of your favorite color combinations? Can you tell which category they fall into? #whimsy #colortheory #color #paintmixing #adcreation #arteducation #art #primarycolors #secondarycolors #analogouscolors #selftaught #education,context,Uncategorized and General Portfolio,False,
580,1702252826,2023-12-10 07:00 PM EST,media/742886201199000.jpg,this_profile's_activity_across_facebook/posts/media/Photos_624264349727853/742886201199000.jpg,Photos,Whimsy added a new photo.,"Sketch Sunday! Here is a little screen shot of a live drawing session in 2021. This is a character concept drawing for an upcoming graphic novel ""The Kettle of the Vultures"" by E. Sorensen! Stay tuned to see future collaborations and release of chapters! -Whimsy #sketchsunday #sketch #livesketch #liveart #whimsy #whimsy #fantasy #artmedium #artistic #selftaught #smallbuisness #smalllocalbuisness","Sketch Sunday! Here is a little screen shot of a live drawing session in 2021. This is a character concept drawing for an upcoming graphic novel ""The Kettle of the Vultures"" by E. Sorensen! Stay tuned to see future collaborations and release of chapters! -Whimsy #sketchsunday #sketch #livesketch #liveart #whimsy #whimsy #fantasy #artmedium #artistic #selftaught #smallbuisness #smalllocalbuisness",promotion,Uncategorized and General Portfolio,False,Zh a > f
581,1702047613,2023-12-08 10:00 AM EST,media/741540104666943.jpg,this_profile's_activity_across_facebook/posts/media/Photos_624264349727853/741540104666943.jpg,Photos,Whimsy added a new photo.,"Fan Art Friday: ""San"" is a piece in Honor of yesterdays inspiration Hayao Miyazaki. This is an Acrylic scene from the movie Princess Mononoke painted in 2018 Artist: Whimsy #princessmononoke #ghibili #whimsy #whimsical #mononoke #hayaomiyazaki #fanart #fanartfriday","Fan Art Friday: ""San"" is a piece in Honor of yesterdays inspiration Hayao Miyazaki. This is an Acrylic scene from the movie Princess Mononoke painted in 2018 Artist: Whimsy #princessmononoke #ghibili #whimsy #whimsical #mononoke #hayaomiyazaki #fanart #fanartfriday",context,Uncategorized and General Portfolio,False,"=. = La ces a Fans We SAS is 5 aS = Pa Soa SaaS SSS, =e aE wee ae ee SS sis: > ae xe et = ass roe ae = SEX <= ee Se S =a = CF wi VAS i st rid ioe Tee Snes =< p< = ae nt y ce *>= — joes oes re =. ecg a. —__ 2 ie = ae =< a RRS € Sa os = SS Ss ats Ss a SS Say — =o Sf Si SSS SS (jos =S pe = le wa: SS = -s he SS i Pe a fe as f 5 Sate nnd a4 1 =e"
582,1701961243,2023-12-07 10:00 AM EST,media/885017322933791.mp4,this_profile's_activity_across_facebook/posts/media/videos/885017322933791.mp4,,Whimsy added a new video.,"Happy Hanukkah to those who celebrate! May this festival of lights bring you joy, warmth, and moments of celebration with family and friends. Wishing you a wonderful and festive Hanukkah season! <3 -Whimsy",,context,Uncategorized and General Portfolio,False,
583,1701925213,2023-12-07 12:00 AM EST,media/740707711416849.jpg,this_profile's_activity_across_facebook/posts/media/Photos_624264349727853/740707711416849.jpg,Photos,Whimsy added 4 new photos.,"Inspiration Thursday: Hayao Miyazaki, the visionary Japanese animator and filmmaker, has been a profound source of inspiration for my artistic journey. His unique ability to weave enchanting and emotionally resonant stories, coupled with the exquisite visual aesthetics of his films, has left a mark on my creativity. His dedication to hand-drawn animation and to conveying important messages about nature, humanity, and the interconnectedness of life have encouraged me to infuse depth and meaning into my own artistic works. Miyazaki's artistry inspires me to create work that not only captivates the eyes but also resonates with the heart and soul. #hayaomyazaki #miyazaki #miyazakiinspiration #ghibili #ghibiliart #inspiration #whimsy #whimsical #artinspirtion #inspirationthursday",,context,Uncategorized and General Portfolio,False,
584,1701925213,2023-12-07 12:00 AM EST,media/740707718083515.jpg,this_profile's_activity_across_facebook/posts/media/Photos_624264349727853/740707718083515.jpg,Photos,Whimsy added 4 new photos.,"Inspiration Thursday: Hayao Miyazaki, the visionary Japanese animator and filmmaker, has been a profound source of inspiration for my artistic journey. His unique ability to weave enchanting and emotionally resonant stories, coupled with the exquisite visual aesthetics of his films, has left a mark on my creativity. His dedication to hand-drawn animation and to conveying important messages about nature, humanity, and the interconnectedness of life have encouraged me to infuse depth and meaning into my own artistic works. Miyazaki's artistry inspires me to create work that not only captivates the eyes but also resonates with the heart and soul. #hayaomyazaki #miyazaki #miyazakiinspiration #ghibili #ghibiliart #inspiration #whimsy #whimsical #artinspirtion #inspirationthursday",,context,Uncategorized and General Portfolio,False,
585,1701925213,2023-12-07 12:00 AM EST,media/740707714750182.jpg,this_profile's_activity_across_facebook/posts/media/Photos_624264349727853/740707714750182.jpg,Photos,Whimsy added 4 new photos.,"Inspiration Thursday: Hayao Miyazaki, the visionary Japanese animator and filmmaker, has been a profound source of inspiration for my artistic journey. His unique ability to weave enchanting and emotionally resonant stories, coupled with the exquisite visual aesthetics of his films, has left a mark on my creativity. His dedication to hand-drawn animation and to conveying important messages about nature, humanity, and the interconnectedness of life have encouraged me to infuse depth and meaning into my own artistic works. Miyazaki's artistry inspires me to create work that not only captivates the eyes but also resonates with the heart and soul. #hayaomyazaki #miyazaki #miyazakiinspiration #ghibili #ghibiliart #inspiration #whimsy #whimsical #artinspirtion #inspirationthursday",,context,Uncategorized and General Portfolio,False,
586,1701925213,2023-12-07 12:00 AM EST,media/740707721416848.jpg,this_profile's_activity_across_facebook/posts/media/Photos_624264349727853/740707721416848.jpg,Photos,Whimsy added 4 new photos.,"Inspiration Thursday: Hayao Miyazaki, the visionary Japanese animator and filmmaker, has been a profound source of inspiration for my artistic journey. His unique ability to weave enchanting and emotionally resonant stories, coupled with the exquisite visual aesthetics of his films, has left a mark on my creativity. His dedication to hand-drawn animation and to conveying important messages about nature, humanity, and the interconnectedness of life have encouraged me to infuse depth and meaning into my own artistic works. Miyazaki's artistry inspires me to create work that not only captivates the eyes but also resonates with the heart and soul. #hayaomyazaki #miyazaki #miyazakiinspiration #ghibili #ghibiliart #inspiration #whimsy #whimsical #artinspirtion #inspirationthursday",,context,Uncategorized and General Portfolio,False,"D4 a ieee “e a = Wot psa ro aid ww oh rs ae, ne Vets ‘# Bre, OE sig 3 ah ws iy May f i Tt ew, Fs ef “Bas He we oom Whe Be “aah"
587,1701874857,2023-12-06 10:00 AM EST,media/1453453548719398.mp4,this_profile's_activity_across_facebook/posts/media/videos/1453453548719398.mp4,,Whimsy added a new video.,"First ""work in progress Wednesday"" so I thought I would pull out this Monstera babe inspired by my best friend Anna Ingendahl and her love of plants! This piece has actually inspired a Monstera Fairy Series that im working on as well. Stick around and you may see her finished and what shes inspired! #wipwednesday #wip #wipart #digitalartwip #digitalart #artfun #themedday #smallbuisness #artist #socialmediaartist #contentcreator #adcreator #mediamanagment",,context,Uncategorized and General Portfolio,False,
588,1701788446,2023-12-05 10:00 AM EST,media/1300541224678001.mp4,this_profile's_activity_across_facebook/posts/media/videos/1300541224678001.mp4,,Whimsy added a new video.,"Whimsy's first Tutorial Tuesday! I will be using Tuesdays for Art Education using hand drawn tutorials, info graphics, references and more! If you have a specific topic you want covered dont be afraid to ask! #arteducation #arttutorial #tutorial #howto #arthelp #selftaught #artist #socialmediaartist #socialmedia #media #socials #artsocials #colortheory #colortheorygraphic #graphicdesign #painting #art",,context,Uncategorized and General Portfolio,False,
589,1701712832,2023-12-04 01:00 PM EST,media/739320268222260.jpg,this_profile's_activity_across_facebook/posts/media/Photos_624264349727853/739320268222260.jpg,Photos,Whimsy added a new photo.,"Happy Media Monday!✨ I wanted to take a moment to showcase these two wonderful pages for my first Media Monday! The Jackson Crossing Mall - 2+ Months of Management Dawn Parker, Realtor - 1+ Months of Management Both of these pages are currently run by Whimsy and have their own unique brand, with their own individual needs. I have loved having the opportunity to work with them and look forward to seeing their continued growth! Check out their links these pages do wonderful things in the community and it will give great insight into my work if you are interested in my Social Media Management!📣 #thejacksoncrossingmall #jacksoncrossing #thejacksoncrossing #thecrossing #whimsy #dawnparkerrealtor #realestate #mall #branding #advertising #mediamonday #whimsymediamonday #smallbusiness #artbusiness","Happy Media Monday!✨ I wanted to take a moment to showcase these two wonderful pages for my first Media Monday! @[100089025150970:2048:The Jackson Crossing Mall] - 2+ Months of Management @[100087313733835:2048:Dawn Parker, Realtor] - 1+ Months of Management Both of these pages are currently run by Whimsy and have their own unique brand, with their own individual needs. I have loved having the opportunity to work with them and look forward to seeing their continued growth! Check out their links these pages do wonderful things in the community and it will give great insight into my work if you are interested in my Social Media Management!📣 #thejacksoncrossingmall #jacksoncrossing #thejacksoncrossing #thecrossing #whimsy #dawnparkerrealtor #realestate #mall #branding #advertising #mediamonday #whimsymediamonday #smallbusiness #artbusiness",context,Jackson Crossing Community Events,False,
590,1701702024,2023-12-04 10:00 AM EST,media/739244468229840.jpg,this_profile's_activity_across_facebook/posts/media/Photos_624264349727853/739244468229840.jpg,Photos,Whimsy added a new photo.,"Introducing Whimsy's new post schedule! I am hoping to use this page to showcase may works, educate through shared experience, inspire, grow and learn together! Thank you all for joining me here, I cant wait to get this rolling! #upwork #freelance #whimsy #adcreation #admanagment #smallbusiness #socialmedia #mediamanagment #Art #artist #winter #Christmascards #digitalart","Introducing Whimsy's new post schedule! I am hoping to use this page to showcase may works, educate through shared experience, inspire, grow and learn together! Thank you all for joining me here, I cant wait to get this rolling! #upwork #freelance #whimsy #adcreation #admanagment #smallbusiness #socialmedia #mediamanagment #Art #artist #winter #Christmascards #digitalart",promotion,Holiday Promotions and Markets,False,bil ¢ > Weekly ly Schedule ne ‘Mondav Fan Art Friday Small Business satutday +7 + ——Sketch Sund
591,1701604829,2023-12-03 07:00 AM EST,media/738553394965614.jpg,this_profile's_activity_across_facebook/posts/media/Photos_624264349727853/738553394965614.jpg,Photos,Whimsy added 6 new photos.,"Logo Creation/ Social Media Icons: This can be such a fun process! What can you expect when placing an order? 1)Short consult 2)Describe what you are looking for in stylization 3)Deposit 3)Creation of your unique piece 4)Revisions 5)Piece Completion 6)Payment 7)Watermark removal Reach out through messenger to start your Logo/Icon today! Thank you Ingendahl Acres, LLC. for using our services for your wonderful farm!",,context,Uncategorized and General Portfolio,False,-~ 4 e Re tae Fi * Be 3 ae mss my 4 ye fll re ae vA GW ny S32 ee 3a £ Ne cx ee DP 'e 4. aus cm
592,1701604829,2023-12-03 07:00 AM EST,media/738553391632281.jpg,this_profile's_activity_across_facebook/posts/media/Photos_624264349727853/738553391632281.jpg,Photos,Whimsy added 6 new photos.,"Logo Creation/ Social Media Icons: This can be such a fun process! What can you expect when placing an order? 1)Short consult 2)Describe what you are looking for in stylization 3)Deposit 3)Creation of your unique piece 4)Revisions 5)Piece Completion 6)Payment 7)Watermark removal Reach out through messenger to start your Logo/Icon today! Thank you Ingendahl Acres, LLC. for using our services for your wonderful farm!",,context,Uncategorized and General Portfolio,False,
593,1701604829,2023-12-03 07:00 AM EST,media/738553384965615.jpg,this_profile's_activity_across_facebook/posts/media/Photos_624264349727853/738553384965615.jpg,Photos,Whimsy added 6 new photos.,"Logo Creation/ Social Media Icons: This can be such a fun process! What can you expect when placing an order? 1)Short consult 2)Describe what you are looking for in stylization 3)Deposit 3)Creation of your unique piece 4)Revisions 5)Piece Completion 6)Payment 7)Watermark removal Reach out through messenger to start your Logo/Icon today! Thank you Ingendahl Acres, LLC. for using our services for your wonderful farm!",,context,Uncategorized and General Portfolio,False,
594,1701604829,2023-12-03 07:00 AM EST,media/738553388298948.jpg,this_profile's_activity_across_facebook/posts/media/Photos_624264349727853/738553388298948.jpg,Photos,Whimsy added 6 new photos.,"Logo Creation/ Social Media Icons: This can be such a fun process! What can you expect when placing an order? 1)Short consult 2)Describe what you are looking for in stylization 3)Deposit 3)Creation of your unique piece 4)Revisions 5)Piece Completion 6)Payment 7)Watermark removal Reach out through messenger to start your Logo/Icon today! Thank you Ingendahl Acres, LLC. for using our services for your wonderful farm!",,context,Uncategorized and General Portfolio,False,
595,1701604829,2023-12-03 07:00 AM EST,media/738553398298947.jpg,this_profile's_activity_across_facebook/posts/media/Photos_624264349727853/738553398298947.jpg,Photos,Whimsy added 6 new photos.,"Logo Creation/ Social Media Icons: This can be such a fun process! What can you expect when placing an order? 1)Short consult 2)Describe what you are looking for in stylization 3)Deposit 3)Creation of your unique piece 4)Revisions 5)Piece Completion 6)Payment 7)Watermark removal Reach out through messenger to start your Logo/Icon today! Thank you Ingendahl Acres, LLC. for using our services for your wonderful farm!",,context,Uncategorized and General Portfolio,False,
596,1701604829,2023-12-03 07:00 AM EST,media/738553381632282.jpg,this_profile's_activity_across_facebook/posts/media/Photos_624264349727853/738553381632282.jpg,Photos,Whimsy added 6 new photos.,"Logo Creation/ Social Media Icons: This can be such a fun process! What can you expect when placing an order? 1)Short consult 2)Describe what you are looking for in stylization 3)Deposit 3)Creation of your unique piece 4)Revisions 5)Piece Completion 6)Payment 7)Watermark removal Reach out through messenger to start your Logo/Icon today! Thank you Ingendahl Acres, LLC. for using our services for your wonderful farm!",,context,Uncategorized and General Portfolio,False,-~ 4 e Re tae Fi * Be 3 ae mss my 4 ye fll re ae Lt Ao ba $4 ie. Ne Les P £ -
597,1701529228,2023-12-02 10:00 AM EST,media/738061305014823.jpg,this_profile's_activity_across_facebook/posts/media/Photos_624264349727853/738061305014823.jpg,Photos,Whimsy added 6 new photos.,Finally Launched my Upwork Profile! If you are looking for ad creation for your social platforms check out this link!📣 Here are some of my favorite ad's from this week!✨ Upwork: https://www.upwork.com/freelancers/~01ac6b4064bcdc2ebf #socialmedia #mediamanagment #adcreation #admanagment #freelance #whimsy #holiday #holiday #jacksoncrossingmall #jacksoncrossing #smallbusiness #upwork,,context,Holiday Promotions and Markets,False,
598,1701529228,2023-12-02 10:00 AM EST,media/738061301681490.jpg,this_profile's_activity_across_facebook/posts/media/Photos_624264349727853/738061301681490.jpg,Photos,Whimsy added 6 new photos.,Finally Launched my Upwork Profile! If you are looking for ad creation for your social platforms check out this link!📣 Here are some of my favorite ad's from this week!✨ Upwork: https://www.upwork.com/freelancers/~01ac6b4064bcdc2ebf #socialmedia #mediamanagment #adcreation #admanagment #freelance #whimsy #holiday #holiday #jacksoncrossingmall #jacksoncrossing #smallbusiness #upwork,,context,Holiday Promotions and Markets,False,
599,1701529228,2023-12-02 10:00 AM EST,media/738061295014824.jpg,this_profile's_activity_across_facebook/posts/media/Photos_624264349727853/738061295014824.jpg,Photos,Whimsy added 6 new photos.,Finally Launched my Upwork Profile! If you are looking for ad creation for your social platforms check out this link!📣 Here are some of my favorite ad's from this week!✨ Upwork: https://www.upwork.com/freelancers/~01ac6b4064bcdc2ebf #socialmedia #mediamanagment #adcreation #admanagment #freelance #whimsy #holiday #holiday #jacksoncrossingmall #jacksoncrossing #smallbusiness #upwork,,context,Holiday Promotions and Markets,False,
600,1701529228,2023-12-02 10:00 AM EST,media/738061298348157.jpg,this_profile's_activity_across_facebook/posts/media/Photos_624264349727853/738061298348157.jpg,Photos,Whimsy added 6 new photos.,Finally Launched my Upwork Profile! If you are looking for ad creation for your social platforms check out this link!📣 Here are some of my favorite ad's from this week!✨ Upwork: https://www.upwork.com/freelancers/~01ac6b4064bcdc2ebf #socialmedia #mediamanagment #adcreation #admanagment #freelance #whimsy #holiday #holiday #jacksoncrossingmall #jacksoncrossing #smallbusiness #upwork,,context,Holiday Promotions and Markets,False,
601,1701529228,2023-12-02 10:00 AM EST,media/738061308348156.jpg,this_profile's_activity_across_facebook/posts/media/Photos_624264349727853/738061308348156.jpg,Photos,Whimsy added 6 new photos.,Finally Launched my Upwork Profile! If you are looking for ad creation for your social platforms check out this link!📣 Here are some of my favorite ad's from this week!✨ Upwork: https://www.upwork.com/freelancers/~01ac6b4064bcdc2ebf #socialmedia #mediamanagment #adcreation #admanagment #freelance #whimsy #holiday #holiday #jacksoncrossingmall #jacksoncrossing #smallbusiness #upwork,,context,Holiday Promotions and Markets,False,et ay Say ig i P| ph = ae (ON = ~<a GGA \f at ——— —— (J ‘at | oe +
602,1701529228,2023-12-02 10:00 AM EST,media/738061291681491.jpg,this_profile's_activity_across_facebook/posts/media/Photos_624264349727853/738061291681491.jpg,Photos,Whimsy added 6 new photos.,Finally Launched my Upwork Profile! If you are looking for ad creation for your social platforms check out this link!📣 Here are some of my favorite ad's from this week!✨ Upwork: https://www.upwork.com/freelancers/~01ac6b4064bcdc2ebf #socialmedia #mediamanagment #adcreation #admanagment #freelance #whimsy #holiday #holiday #jacksoncrossingmall #jacksoncrossing #smallbusiness #upwork,,context,Holiday Promotions and Markets,False,
603,1701468901,2023-12-01 05:15 PM EST,media/737631715057782.jpg,this_profile's_activity_across_facebook/posts/media/Mobileuploads_624264343061187/737631715057782.jpg,Mobile uploads,Whimsy added 2 new photos.,"Holidays are here! And so are Sarcastic Card Packs! These cards come as a single pack of 6, this includes 2 of each style. Interior is empty for custom messages, and the water mark will be removed. 1 pack--->$10 2 packs--->$15 Shipping available upon request! Happy Holidays Santa Paws Collection comes next so stay tuned! #whimsy #jacksonmichigan #mi #smallbusiness #art #digitalart #holidaycards #localbuisness #foryou #sarcastic #sarcasticcards #snarky #snarkycards #canva",,context,Holiday Promotions and Markets,False,
604,1701468901,2023-12-01 05:15 PM EST,media/737631751724445.jpg,this_profile's_activity_across_facebook/posts/media/Mobileuploads_624264343061187/737631751724445.jpg,Mobile uploads,Whimsy added 2 new photos.,"Holidays are here! And so are Sarcastic Card Packs! These cards come as a single pack of 6, this includes 2 of each style. Interior is empty for custom messages, and the water mark will be removed. 1 pack--->$10 2 packs--->$15 Shipping available upon request! Happy Holidays Santa Paws Collection comes next so stay tuned! #whimsy #jacksonmichigan #mi #smallbusiness #art #digitalart #holidaycards #localbuisness #foryou #sarcastic #sarcasticcards #snarky #snarkycards #canva",,context,Holiday Promotions and Markets,False,
605,1701364677,2023-11-30 12:17 PM EST,media/736917728462514.jpg,this_profile's_activity_across_facebook/posts/media/Mobileuploads_624264343061187/736917728462514.jpg,Mobile uploads,Whimsy added a new photo.,Stay whimsical✨️❄️,Stay whimsical✨️❄️,context,Uncategorized and General Portfolio,False,
606,1701294862,2023-11-29 04:54 PM EST,media/736435008510786.jpg,this_profile's_activity_across_facebook/posts/media/Photos_624264349727853/736435008510786.jpg,Photos,Whimsy added 3 new photos.,"Holidays are here! And so are Sarcastic Card Packs! These cards come as a single pack of 6, this includes 2 of each style. Interior is empty for custom messages, and the water mark will be removed. 1 pack--->$10 2 packs--->$15 Shipping available upon request! Happy Holidays Santa Paws Collection comes next so stay tuned! #whimsy #jacksonmichigan #mi #smallbusiness #art #digitalart #holidaycards #localbuisness #foryou #sarcastic #sarcasticcards #snarky #snarkycards #canva",,context,Holiday Promotions and Markets,False,"Mes, afr pr gee Cera hail ROBABLY BE BETTER..."
607,1701294862,2023-11-29 04:54 PM EST,media/736435028510784.jpg,this_profile's_activity_across_facebook/posts/media/Photos_624264349727853/736435028510784.jpg,Photos,Whimsy added 3 new photos.,"Holidays are here! And so are Sarcastic Card Packs! These cards come as a single pack of 6, this includes 2 of each style. Interior is empty for custom messages, and the water mark will be removed. 1 pack--->$10 2 packs--->$15 Shipping available upon request! Happy Holidays Santa Paws Collection comes next so stay tuned! #whimsy #jacksonmichigan #mi #smallbusiness #art #digitalart #holidaycards #localbuisness #foryou #sarcastic #sarcasticcards #snarky #snarkycards #canva",,context,Holiday Promotions and Markets,False,
608,1701294862,2023-11-29 04:54 PM EST,media/736435055177448.jpg,this_profile's_activity_across_facebook/posts/media/Photos_624264349727853/736435055177448.jpg,Photos,Whimsy added 3 new photos.,"Holidays are here! And so are Sarcastic Card Packs! These cards come as a single pack of 6, this includes 2 of each style. Interior is empty for custom messages, and the water mark will be removed. 1 pack--->$10 2 packs--->$15 Shipping available upon request! Happy Holidays Santa Paws Collection comes next so stay tuned! #whimsy #jacksonmichigan #mi #smallbusiness #art #digitalart #holidaycards #localbuisness #foryou #sarcastic #sarcasticcards #snarky #snarkycards #canva",,context,Holiday Promotions and Markets,False,
609,1701102466,2023-11-27 11:27 AM EST,media/1557439881662573.mp4,this_profile's_activity_across_facebook/posts/media/videos/1557439881662573.mp4,,Whimsy added a new video.,"Bluey fan art poster coming soon! Hoping to start a Fan Art Friday so, stay tuned for more! Enjoy ✨️❤️ #Blueyfanart #blue #fanart #blueyposter #whimsy",,promotion,Uncategorized and General Portfolio,False,
610,1700761967,2023-11-23 12:52 PM EST,media/1505647320201208.mp4,this_profile's_activity_across_facebook/posts/media/videos/1505647320201208.mp4,,Whimsy added a new video.,"Special piece in Honor of today, I hope everyone is safe,warm and fed❤️✨ #nativeamerican #nativeamericanhistory #IndigenousPeoples #art #whimsy #respect",,context,Uncategorized and General Portfolio,False,
611,1700569663,2023-11-21 07:27 AM EST,media/350480994226643.mp4,this_profile's_activity_across_facebook/posts/media/videos/350480994226643.mp4,,Whimsy added a new video.,"Took a little break from hours of fur to add some fun details♡ What animal do you want next? Bear,Deer, or Fox? #Art #whimsy #digitalart #Christmascards #fur #artist #winterforest #holiday #winter #rabbit #bunny",,context,Holiday Promotions and Markets,False,
612,1700429604,2023-11-19 04:33 PM EST,media/875248117288486.mp4,this_profile's_activity_across_facebook/posts/media/videos/875248117288486.mp4,,Whimsy added a new video.,Winter collection is getting started with this cute little guy!❄️,,context,Uncategorized and General Portfolio,False,
613,1700235541,2023-11-17 10:39 AM EST,media/729546795866274.jpg,this_profile's_activity_across_facebook/posts/media/Photos_624264349727853/729546795866274.jpg,Photos,Whimsy added a new photo.,"🌟 Exciting News from Whimsy! 🌟 Get ready to unleash your creativity! 🚀✨ Introducing our upcoming ""Content Creations Collection"" – a treasure trove of over 30 incredible content creation resources! 🎨📸 🔮 What's in the Collection? ✅ Platform Management Tools ✅ Engaging Social Media Templates ✅ Exclusive Tutorials ✅ And Much More! 🎓 Premium Package Perks: Upgrade to our Premium Package for a full LIVE training session! 🚀🔥 Unlock the secrets to crafting eye-catching content that leaves a lasting impression. Stay tuned for the grand unveiling! The world of limitless creativity awaits you with Whimsy's Innovative Creations Collection. 🌟💼 #Whimsy #ContentCreation #ComingSoon #ContentCreationsCollection #mediaproduction #socialmediatraining #mediatraining","🌟 Exciting News from Whimsy! 🌟 Get ready to unleash your creativity! 🚀✨ Introducing our upcoming ""Content Creations Collection"" – a treasure trove of over 30 incredible content creation resources! 🎨📸 🔮 What's in the Collection? ✅ Platform Management Tools ✅ Engaging Social Media Templates ✅ Exclusive Tutorials ✅ And Much More! 🎓 Premium Package Perks: Upgrade to our Premium Package for a full LIVE training session! 🚀🔥 Unlock the secrets to crafting eye-catching content that leaves a lasting impression. Stay tuned for the grand unveiling! The world of limitless creativity awaits you with Whimsy's Innovative Creations Collection. 🌟💼 #Whimsy #ContentCreation #ComingSoon #ContentCreationsCollection #mediaproduction #socialmediatraining #mediatraining",promotion,Uncategorized and General Portfolio,False,"* 4+ NV, * * _%* bingy wee OKs Content Creator Collection Creation Resources + IK “* Qv Vi"
614,1699446685,2023-11-08 07:31 AM EST,media/724396086381345.jpg,this_profile's_activity_across_facebook/posts/media/Mobileuploads_624264343061187/724396086381345.jpg,Mobile uploads,Whimsy added 3 new photos.,Looking to promote your next gig or event? Let me help you create wonderful posters & ad's to capture the spotlight. 🌟 Get in touch with me to discuss your vision and let's make your promotion pop! 📣🤘 #Bands #Performers #Promotion #GetNoticed #Jackson #Jackson #Michigan #advertising #CreativePartnership #bandpromo #stickers #posters #ads,,promotion,Uncategorized and General Portfolio,False,"aie ee AD AU-AFRONAUTIOUE WINERY * BLUE SHES BREWERY Bude Ski a os pea RONNIE JAMES Did i"" by SACRED HEART S FRIDAY SEPTEMBER 30TH 6p"" ” PopuLaR Sones By DIO: DREAM ON CHILDREN OF THE SEA NEON KNiGHT STARGAZER RAINBOW IN THE DARK Holy DivER HEAVEN AND HELL = MAN ON THE SILVER MOUNTAIN THE LAST IN LINE IRISH HILLS BIERGARTEN 12000 Pentecost Highway Onsted, Michigan"
615,1699446685,2023-11-08 07:31 AM EST,media/724396129714674.jpg,this_profile's_activity_across_facebook/posts/media/Mobileuploads_624264343061187/724396129714674.jpg,Mobile uploads,Whimsy added 3 new photos.,Looking to promote your next gig or event? Let me help you create wonderful posters & ad's to capture the spotlight. 🌟 Get in touch with me to discuss your vision and let's make your promotion pop! 📣🤘 #Bands #Performers #Promotion #GetNoticed #Jackson #Jackson #Michigan #advertising #CreativePartnership #bandpromo #stickers #posters #ads,,promotion,Uncategorized and General Portfolio,False,"HATEAU aaa 8 Bille SKIES’) we a C BLUE as ue RY { i “STEVIE NICKS STRIBUTE by Street Angel | ‘Saturday October ist RISH Hi t 8n Se 12000.Pe ree H Onsted, Mikhig"
616,1699446685,2023-11-08 07:31 AM EST,media/724396153048005.jpg,this_profile's_activity_across_facebook/posts/media/Mobileuploads_624264343061187/724396153048005.jpg,Mobile uploads,Whimsy added 3 new photos.,Looking to promote your next gig or event? Let me help you create wonderful posters & ad's to capture the spotlight. 🌟 Get in touch with me to discuss your vision and let's make your promotion pop! 📣🤘 #Bands #Performers #Promotion #GetNoticed #Jackson #Jackson #Michigan #advertising #CreativePartnership #bandpromo #stickers #posters #ads,,promotion,Uncategorized and General Portfolio,False,"CHATEAU AERONAUTIOUE WINERY BLUE SKIES BREWERY 3 rc S f } |, A Oe ctober 29 S atur LA ) ae O O ening Act~Lakeland Cabaret Intermission Acts Multiple Fire Props Pr sects ae BONOT Meet and Greet Costumed Acts ittampt licat"
617,1699402588,2023-11-07 07:16 PM EST,media/724125919741695.jpg,this_profile's_activity_across_facebook/posts/media/Mobileuploads_624264343061187/724125919741695.jpg,Mobile uploads,Whimsy added 8 new photos.,Special Thank you to everyone I have had the privilege of working with this month! I have loved collaborating with you all and look forward to more in the future! -Whimsy,,context,Uncategorized and General Portfolio,False,
618,1699402588,2023-11-07 07:16 PM EST,media/724125956408358.jpg,this_profile's_activity_across_facebook/posts/media/Mobileuploads_624264343061187/724125956408358.jpg,Mobile uploads,Whimsy added 8 new photos.,Special Thank you to everyone I have had the privilege of working with this month! I have loved collaborating with you all and look forward to more in the future! -Whimsy,,context,Uncategorized and General Portfolio,False,
619,1699402588,2023-11-07 07:16 PM EST,media/724126019741685.jpg,this_profile's_activity_across_facebook/posts/media/Mobileuploads_624264343061187/724126019741685.jpg,Mobile uploads,Whimsy added 8 new photos.,Special Thank you to everyone I have had the privilege of working with this month! I have loved collaborating with you all and look forward to more in the future! -Whimsy,,context,Uncategorized and General Portfolio,False,
620,1699402588,2023-11-07 07:16 PM EST,media/724126053075015.jpg,this_profile's_activity_across_facebook/posts/media/Mobileuploads_624264343061187/724126053075015.jpg,Mobile uploads,Whimsy added 8 new photos.,Special Thank you to everyone I have had the privilege of working with this month! I have loved collaborating with you all and look forward to more in the future! -Whimsy,,context,Uncategorized and General Portfolio,False,
621,1699402588,2023-11-07 07:16 PM EST,media/724126083075012.jpg,this_profile's_activity_across_facebook/posts/media/Mobileuploads_624264343061187/724126083075012.jpg,Mobile uploads,Whimsy added 8 new photos.,Special Thank you to everyone I have had the privilege of working with this month! I have loved collaborating with you all and look forward to more in the future! -Whimsy,,context,Uncategorized and General Portfolio,False,"o* Us for ob aaa ies \) ar sterasson Whefbwed aed W OCTOBER 28TH +e 1-5 PM Ww TRUNK-OR-TREAT > | JM FOOD TRUCKS, COSTUMES. CANDY YP «3 i) ante: a FREE ENTRY $5 on, ~ STNG SIGN UP h “n"
622,1699402588,2023-11-07 07:16 PM EST,media/724126129741674.jpg,this_profile's_activity_across_facebook/posts/media/Mobileuploads_624264343061187/724126129741674.jpg,Mobile uploads,Whimsy added 8 new photos.,Special Thank you to everyone I have had the privilege of working with this month! I have loved collaborating with you all and look forward to more in the future! -Whimsy,,context,Uncategorized and General Portfolio,False,
623,1699402588,2023-11-07 07:16 PM EST,media/724126159741671.jpg,this_profile's_activity_across_facebook/posts/media/Mobileuploads_624264343061187/724126159741671.jpg,Mobile uploads,Whimsy added 8 new photos.,Special Thank you to everyone I have had the privilege of working with this month! I have loved collaborating with you all and look forward to more in the future! -Whimsy,,context,Uncategorized and General Portfolio,False,
624,1699402588,2023-11-07 07:16 PM EST,media/724126209741666.jpg,this_profile's_activity_across_facebook/posts/media/Mobileuploads_624264343061187/724126209741666.jpg,Mobile uploads,Whimsy added 8 new photos.,Special Thank you to everyone I have had the privilege of working with this month! I have loved collaborating with you all and look forward to more in the future! -Whimsy,,context,Uncategorized and General Portfolio,False,
625,1699307357,2023-11-06 04:49 PM EST,media/723565996464354.jpg,this_profile's_activity_across_facebook/posts/media/Mobileuploads_624264343061187/723565996464354.jpg,Mobile uploads,Whimsy added 2 new photos.,"2019 vs 2023 Redraw #1, Thank you to everyone who helped in selecting the color pallet for this piece!",,context,Uncategorized and General Portfolio,False,
626,1699307357,2023-11-06 04:49 PM EST,media/723567183130902.jpg,this_profile's_activity_across_facebook/posts/media/Mobileuploads_624264343061187/723567183130902.jpg,Mobile uploads,Whimsy added 2 new photos.,"2019 vs 2023 Redraw #1, Thank you to everyone who helped in selecting the color pallet for this piece!",,context,Uncategorized and General Portfolio,False,N54 ~~ = 3X ey = fe an & AW 2 SK AW | ee es ~- Ws as st > i a sf ts i o~ en Sy > “Ae —— i — ae 1 - el <= i Say Piketl 23
627,1698498140,2023-10-28 09:02 AM EDT,media/718409870313300.jpg,this_profile's_activity_across_facebook/posts/media/Mobileuploads_624264343061187/718409870313300.jpg,Mobile uploads,Whimsy added a new photo.,"Pick a pallet: Search a color pallet, find one you love and drop it in the comments! My next piece will be completed using one from this post ♡","Pick a pallet: Search a color pallet, find one you love and drop it in the comments! My next piece will be completed using one from this post ♡",context,Uncategorized and General Portfolio,False,
628,1698067255,2023-10-23 09:20 AM EDT,media/286802197600422.mp4,this_profile's_activity_across_facebook/posts/media/videos/286802197600422.mp4,,Whimsy added a new video.,New concept Art! Monstera Fairy🧚 Really focusing on my sketches lately as I realize how much it effects the quality of my final piece. ✨,,context,Uncategorized and General Portfolio,False,
629,1697227318,2023-10-13 04:01 PM EDT,media/709433771210910.jpg,this_profile's_activity_across_facebook/posts/media/Mobileuploads_624264343061187/709433771210910.jpg,Mobile uploads,Whimsy added 2 new photos.,Rebranding is in progress! Buisness cards have arrived! Commissions are open!,,context,Uncategorized and General Portfolio,False,
630,1697227318,2023-10-13 04:01 PM EDT,media/709433807877573.jpg,this_profile's_activity_across_facebook/posts/media/Mobileuploads_624264343061187/709433807877573.jpg,Mobile uploads,Whimsy added 2 new photos.,Rebranding is in progress! Buisness cards have arrived! Commissions are open!,,context,Uncategorized and General Portfolio,False,
631,1697038502,2023-10-11 11:35 AM EDT,media/708070294680591.jpg,this_profile's_activity_across_facebook/posts/media/Mobileuploads_624264343061187/708070294680591.jpg,Mobile uploads,Whimsy added 3 new photos.,"🌟 A Wonderful Collaboration with Ingendahl Acres 🌟 We are absolutely thrilled to extend our heartfelt thanks to Ingendahl Acres for choosing Whimsy to create their stunning logos and stickers for their charming farm. At Whimsy, we take immense pride in helping bring the visions of our clients to life, and Ingendahl Acres has been a shining example of creativity and collaboration. We can't express enough how much we appreciate the trust and confidence that Ingendahl Acres has placed in us. This partnership has been a delightful experience, and we are excited to continue supporting their branding needs. To Ingendahl Acres , we thank you for choosing Whimsy, and we look forward to more exciting projects together! 🚜🌾 #WhimsyCollaborations #IngendahlAcres #FarmBranding #CreativePartnership",,context,Uncategorized and General Portfolio,False,yy a vg (wal we INGENDP' * SAB
632,1697038502,2023-10-11 11:35 AM EDT,media/708070331347254.jpg,this_profile's_activity_across_facebook/posts/media/Mobileuploads_624264343061187/708070331347254.jpg,Mobile uploads,Whimsy added 3 new photos.,"🌟 A Wonderful Collaboration with Ingendahl Acres 🌟 We are absolutely thrilled to extend our heartfelt thanks to Ingendahl Acres for choosing Whimsy to create their stunning logos and stickers for their charming farm. At Whimsy, we take immense pride in helping bring the visions of our clients to life, and Ingendahl Acres has been a shining example of creativity and collaboration. We can't express enough how much we appreciate the trust and confidence that Ingendahl Acres has placed in us. This partnership has been a delightful experience, and we are excited to continue supporting their branding needs. To Ingendahl Acres , we thank you for choosing Whimsy, and we look forward to more exciting projects together! 🚜🌾 #WhimsyCollaborations #IngendahlAcres #FarmBranding #CreativePartnership",,context,Uncategorized and General Portfolio,False,
633,1697038502,2023-10-11 11:35 AM EDT,media/708070388013915.jpg,this_profile's_activity_across_facebook/posts/media/Mobileuploads_624264343061187/708070388013915.jpg,Mobile uploads,Whimsy added 3 new photos.,"🌟 A Wonderful Collaboration with Ingendahl Acres 🌟 We are absolutely thrilled to extend our heartfelt thanks to Ingendahl Acres for choosing Whimsy to create their stunning logos and stickers for their charming farm. At Whimsy, we take immense pride in helping bring the visions of our clients to life, and Ingendahl Acres has been a shining example of creativity and collaboration. We can't express enough how much we appreciate the trust and confidence that Ingendahl Acres has placed in us. This partnership has been a delightful experience, and we are excited to continue supporting their branding needs. To Ingendahl Acres , we thank you for choosing Whimsy, and we look forward to more exciting projects together! 🚜🌾 #WhimsyCollaborations #IngendahlAcres #FarmBranding #CreativePartnership",,context,Uncategorized and General Portfolio,False,
634,1696358930,2023-10-03 02:48 PM EDT,media/703491135138507.jpg,this_profile's_activity_across_facebook/posts/media/Profilepictures_624264346394520/703491135138507.jpg,Profile pictures,,,,context,Uncategorized and General Portfolio,False,
635,1696358868,2023-10-03 02:47 PM EDT,media/703490548471899.jpg,this_profile's_activity_across_facebook/posts/media/Profilepictures_624264346394520/703490548471899.jpg,Profile pictures,,,,context,Uncategorized and General Portfolio,False,
636,1684503155,2023-05-19 09:32 AM EDT,media/624264356394519.jpg,this_profile's_activity_across_facebook/posts/media/Profilepictures_624264346394520/624264356394519.jpg,Profile pictures,,,,context,Uncategorized and General Portfolio,False,"2), Creative Collaboration"
637,1607540837,2020-12-09 02:07 PM EST,media/743855172889304.jpg,this_profile's_activity_across_facebook/posts/media/Mobileuploads_624264343061187/743855172889304.jpg,Mobile uploads,Whimsy added 6 new photos.,New Paw pal phone holders! 🐾,,context,Uncategorized and General Portfolio,False,
638,1607540837,2020-12-09 02:07 PM EST,media/743855182889303.jpg,this_profile's_activity_across_facebook/posts/media/Mobileuploads_624264343061187/743855182889303.jpg,Mobile uploads,Whimsy added 6 new photos.,New Paw pal phone holders! 🐾,,context,Uncategorized and General Portfolio,False,
639,1607540837,2020-12-09 02:07 PM EST,media/743855126222642.jpg,this_profile's_activity_across_facebook/posts/media/Mobileuploads_624264343061187/743855126222642.jpg,Mobile uploads,Whimsy added 6 new photos.,New Paw pal phone holders! 🐾,,context,Uncategorized and General Portfolio,False,
640,1607540837,2020-12-09 02:07 PM EST,media/743855209555967.jpg,this_profile's_activity_across_facebook/posts/media/Mobileuploads_624264343061187/743855209555967.jpg,Mobile uploads,Whimsy added 6 new photos.,New Paw pal phone holders! 🐾,,context,Uncategorized and General Portfolio,False,
641,1607540837,2020-12-09 02:07 PM EST,media/743855229555965.jpg,this_profile's_activity_across_facebook/posts/media/Mobileuploads_624264343061187/743855229555965.jpg,Mobile uploads,Whimsy added 6 new photos.,New Paw pal phone holders! 🐾,,context,Uncategorized and General Portfolio,False,- Vy \ \ \*s \\ YA
642,1607540837,2020-12-09 02:07 PM EST,media/743855132889308.jpg,this_profile's_activity_across_facebook/posts/media/Mobileuploads_624264343061187/743855132889308.jpg,Mobile uploads,Whimsy added 6 new photos.,New Paw pal phone holders! 🐾,,context,Uncategorized and General Portfolio,False,
643,1596385410,2020-08-02 12:23 PM EDT,media/1173219916372238.mp4,this_profile's_activity_across_facebook/posts/media/videos/1173219916372238.mp4,,Whimsy added a new video.,Finished Ghibli Collage!,,context,Uncategorized and General Portfolio,False,
644,1577667551,2019-12-29 07:59 PM EST,media/517376832203807.jpg,this_profile's_activity_across_facebook/posts/media/Mobileuploads_624264343061187/517376832203807.jpg,Mobile uploads,Whimsy added a new photo.,Newest Watercolor / Acrylic piece 🦋🥰🦋,Newest Watercolor / Acrylic piece 🦋🥰🦋,context,Uncategorized and General Portfolio,False,
645,1575750956,2019-12-07 03:35 PM EST,media/500224153919075.jpg,this_profile's_activity_across_facebook/posts/media/Mobileuploads_624264343061187/500224153919075.jpg,Mobile uploads,Whimsy added 2 new photos.,"Finished ornaments! Athena, King, Fiona and Koda <3",,context,Uncategorized and General Portfolio,False,
646,1575750956,2019-12-07 03:35 PM EST,media/500224130585744.jpg,this_profile's_activity_across_facebook/posts/media/Mobileuploads_624264343061187/500224130585744.jpg,Mobile uploads,Whimsy added 2 new photos.,"Finished ornaments! Athena, King, Fiona and Koda <3",,context,Uncategorized and General Portfolio,False,é e bled ae Sar eo em.)
647,1565464363,2019-08-10 03:12 PM EDT,media/424922298115928.jpg,this_profile's_activity_across_facebook/posts/media/Mobileuploads_624264343061187/424922298115928.jpg,Mobile uploads,Whimsy added a new photo.,KCC will have a table tonight at DubtronicA!! There will be an end of summer sale going on so come by and check everything out! The table will be there from 8:30p-11:45p. Come out and support your local Djs and Artists! :),KCC will have a table tonight at @[100057079975482:2048:DubtronicA]!! There will be an end of summer sale going on so come by and check everything out! The table will be there from 8:30p-11:45p. Come out and support your local Djs and Artists! :),context,Uncategorized and General Portfolio,False,
648,1558744137,2019-05-24 08:28 PM EDT,media/385039765437515.jpg,this_profile's_activity_across_facebook/posts/media/Mobileuploads_624264343061187/385039765437515.jpg,Mobile uploads,Whimsy added a new photo.,Katie and Gilbert ♡ Havnt had this much fun with watercolor in a while :),Katie and Gilbert ♡ Havnt had this much fun with watercolor in a while :),context,Uncategorized and General Portfolio,False,
649,1557339295,2019-05-08 02:14 PM EDT,media/377039369570888.jpg,this_profile's_activity_across_facebook/posts/media/Mobileuploads_624264343061187/377039369570888.jpg,Mobile uploads,Whimsy added a new photo.,"Another fun one :) Mixed medium : digital,acrylic,watercolor,pencil, colored pencil, watercolor pencil.","Another fun one :) Mixed medium : digital,acrylic,watercolor,pencil, colored pencil, watercolor pencil.",context,Uncategorized and General Portfolio,False,
650,1555712695,2019-04-19 06:24 PM EDT,media/368680310406794.jpg,this_profile's_activity_across_facebook/posts/media/Profilepictures_624264346394520/368680310406794.jpg,Profile pictures,,,"Here she is! Acrylic, watercolor, pencil and digital ♡",context,Uncategorized and General Portfolio,False,
651,1553622655,2019-03-26 01:50 PM EDT,media/358204521454373.jpg,this_profile's_activity_across_facebook/posts/media/Mobileuploads_624264343061187/358204521454373.jpg,Mobile uploads,Whimsy added 3 new photos.,FOR SALE⤵️ These are the last of my felt friends currently! I need to take a break and focus on my painting again so I dont get rusty :p Prices are listed in individual photos :),,context,Uncategorized and General Portfolio,False,"sr ‘( = ries ‘Tt, hee pf sh A, t y it yiaj* 4, / ey: ¢ ry tf Md i wh wis! i i Hh Oy hl C 'y ui PY iy ie igi hy Al iu Wi yy we - =~ me PA u 4 &, re AW BNet. Ps, ys ""} tt ah ae? * ae OTP aT _= \. |"
652,1553622655,2019-03-26 01:50 PM EDT,media/358204541454371.jpg,this_profile's_activity_across_facebook/posts/media/Mobileuploads_624264343061187/358204541454371.jpg,Mobile uploads,Whimsy added 3 new photos.,FOR SALE⤵️ These are the last of my felt friends currently! I need to take a break and focus on my painting again so I dont get rusty :p Prices are listed in individual photos :),$50,context,Uncategorized and General Portfolio,False,
653,1553622655,2019-03-26 01:50 PM EDT,media/358204568121035.jpg,this_profile's_activity_across_facebook/posts/media/Mobileuploads_624264343061187/358204568121035.jpg,Mobile uploads,Whimsy added 3 new photos.,FOR SALE⤵️ These are the last of my felt friends currently! I need to take a break and focus on my painting again so I dont get rusty :p Prices are listed in individual photos :),$45,context,Uncategorized and General Portfolio,False,
654,1552711069,2019-03-16 12:37 AM EDT,media/353959468545545.jpg,this_profile's_activity_across_facebook/posts/media/Mobileuploads_624264343061187/353959468545545.jpg,Mobile uploads,Whimsy added 3 new photos.,"Great night tonight! Met quite a few more of the artist, hung out with a bunch of my favorite people and did some painting! Was awesome seeing everyone come together for Kurtis and his family!hope you all had a good night, Be safe getting home every one! :)",,context,Uncategorized and General Portfolio,False,
655,1552711069,2019-03-16 12:37 AM EDT,media/353959488545543.jpg,this_profile's_activity_across_facebook/posts/media/Mobileuploads_624264343061187/353959488545543.jpg,Mobile uploads,Whimsy added 3 new photos.,"Great night tonight! Met quite a few more of the artist, hung out with a bunch of my favorite people and did some painting! Was awesome seeing everyone come together for Kurtis and his family!hope you all had a good night, Be safe getting home every one! :)",,context,Uncategorized and General Portfolio,False,
656,1552711069,2019-03-16 12:37 AM EDT,media/353959508545541.jpg,this_profile's_activity_across_facebook/posts/media/Mobileuploads_624264343061187/353959508545541.jpg,Mobile uploads,Whimsy added 3 new photos.,"Great night tonight! Met quite a few more of the artist, hung out with a bunch of my favorite people and did some painting! Was awesome seeing everyone come together for Kurtis and his family!hope you all had a good night, Be safe getting home every one! :)",,context,Uncategorized and General Portfolio,False,my) y= see e 9 VY Bad 2) a é ys}
657,1552420529,2019-03-12 03:55 PM EDT,media/352722375335921.jpg,this_profile's_activity_across_facebook/posts/media/Mobileuploads_624264343061187/352722375335921.jpg,Mobile uploads,Whimsy added a new photo.,"If anyone's looking for some awesome music, incredible art and a drink come check out DubtronicA: Featuring Cyber G & Peanutbutter Williams on March 15th! !!!!LIVE PAINTING!!!! Kay's Crooked Canvas will be there with the booth ,as well as collaborating with Vic Ohmbre on this awesome piece! This show, as well as our collab are being dedicated to Vic's friend Kurtis who recently passed. Proceeds from the finished piece will be donated to his family to help them throguh this difficult time. We hope to see you out there! As always thank you for the support! -Kay","If anyone's looking for some awesome music, incredible art and a drink come check out @[234506307456586:844:DubtronicA\: Featuring Cyber G & Peanutbutter Williams] on March 15th! !!!!LIVE PAINTING!!!! @[100064328815674:2048:Kay's Crooked Canvas] will be there with the booth ,as well as collaborating with Vic Ohmbre on this awesome piece! This show, as well as our collab are being dedicated to Vic's friend Kurtis who recently passed. Proceeds from the finished piece will be donated to his family to help them throguh this difficult time. We hope to see you out there! As always thank you for the support! -Kay",context,Uncategorized and General Portfolio,False,
658,1551553997,2019-03-02 02:13 PM EST,media/348823452392480.jpg,this_profile's_activity_across_facebook/posts/media/Mobileuploads_624264343061187/348823452392480.jpg,Mobile uploads,Whimsy added 2 new photos.,Much cuter as a set! :),,context,Uncategorized and General Portfolio,False,
659,1551553997,2019-03-02 02:13 PM EST,media/348823482392477.jpg,this_profile's_activity_across_facebook/posts/media/Mobileuploads_624264343061187/348823482392477.jpg,Mobile uploads,Whimsy added 2 new photos.,Much cuter as a set! :),,context,Uncategorized and General Portfolio,False,
660,1551143070,2019-02-25 08:04 PM EST,media/346905552584270.jpg,this_profile's_activity_across_facebook/posts/media/Mobileuploads_624264343061187/346905552584270.jpg,Mobile uploads,Whimsy added 4 new photos.,Love this guy! :) Giraffe felt friend SOLD,,context,Uncategorized and General Portfolio,False,
661,1551143070,2019-02-25 08:04 PM EST,media/346905582584267.jpg,this_profile's_activity_across_facebook/posts/media/Mobileuploads_624264343061187/346905582584267.jpg,Mobile uploads,Whimsy added 4 new photos.,Love this guy! :) Giraffe felt friend SOLD,,context,Uncategorized and General Portfolio,False,at r iy ne m! Saath:
662,1551143070,2019-02-25 08:04 PM EST,media/346905615917597.jpg,this_profile's_activity_across_facebook/posts/media/Mobileuploads_624264343061187/346905615917597.jpg,Mobile uploads,Whimsy added 4 new photos.,Love this guy! :) Giraffe felt friend SOLD,,context,Uncategorized and General Portfolio,False,
663,1551143070,2019-02-25 08:04 PM EST,media/346905632584262.jpg,this_profile's_activity_across_facebook/posts/media/Mobileuploads_624264343061187/346905632584262.jpg,Mobile uploads,Whimsy added 4 new photos.,Love this guy! :) Giraffe felt friend SOLD,,context,Uncategorized and General Portfolio,False,
664,1550262347,2019-02-15 03:25 PM EST,media/342769602997865.jpg,this_profile's_activity_across_facebook/posts/media/Mobileuploads_624264343061187/342769602997865.jpg,Mobile uploads,Whimsy added 3 new photos.,Lord of the rings Felt Friends! :) SOLD,,context,Uncategorized and General Portfolio,False,
665,1550262347,2019-02-15 03:25 PM EST,media/342769626331196.jpg,this_profile's_activity_across_facebook/posts/media/Mobileuploads_624264343061187/342769626331196.jpg,Mobile uploads,Whimsy added 3 new photos.,Lord of the rings Felt Friends! :) SOLD,,context,Uncategorized and General Portfolio,False,
666,1550262347,2019-02-15 03:25 PM EST,media/342769652997860.jpg,this_profile's_activity_across_facebook/posts/media/Mobileuploads_624264343061187/342769652997860.jpg,Mobile uploads,Whimsy added 3 new photos.,Lord of the rings Felt Friends! :) SOLD,,context,Uncategorized and General Portfolio,False,— £) ad
667,1549677586,2019-02-08 08:59 PM EST,media/248395479431331.mp4,this_profile's_activity_across_facebook/posts/media/videos/248395479431331.mp4,,Whimsy added a new video.,Owl completed :),,context,Uncategorized and General Portfolio,False,
668,1549244891,2019-02-03 08:48 PM EST,media/337585766849582.jpg,this_profile's_activity_across_facebook/posts/media/Mobileuploads_624264343061187/337585766849582.jpg,Mobile uploads,Whimsy added a new photo.,Start of mini LOTR felt friends that were commissioned ♡,Start of mini LOTR felt friends that were commissioned ♡,context,Uncategorized and General Portfolio,False,
669,1548954840,2019-01-31 12:14 PM EST,media/336076157000543.jpg,this_profile's_activity_across_facebook/posts/media/Mobileuploads_624264343061187/336076157000543.jpg,Mobile uploads,Whimsy added a new photo.,A bit of fan art! Haven't done any in a while :p This is a commissioned ClapTrap and deadpool cross over. It is also being turned into a sticker :),A bit of fan art! Haven't done any in a while :p This is a commissioned ClapTrap and deadpool cross over. It is also being turned into a sticker :),context,Uncategorized and General Portfolio,False,
670,1548862380,2019-01-30 10:33 AM EST,media/335581547050004.jpg,this_profile's_activity_across_facebook/posts/media/Mobileuploads_624264343061187/335581547050004.jpg,Mobile uploads,Whimsy added 4 new photos.,Another squid done! Getting a technique down and they are being made faster! Starting to get an idea of what to price them at. SALES COMING SOON,,promotion,Uncategorized and General Portfolio,False,i“ a = cary van ==. Ba re —
671,1548862380,2019-01-30 10:33 AM EST,media/335581587050000.jpg,this_profile's_activity_across_facebook/posts/media/Mobileuploads_624264343061187/335581587050000.jpg,Mobile uploads,Whimsy added 4 new photos.,Another squid done! Getting a technique down and they are being made faster! Starting to get an idea of what to price them at. SALES COMING SOON,,promotion,Uncategorized and General Portfolio,False,Vi a. p> iff
672,1548862380,2019-01-30 10:33 AM EST,media/335581600383332.jpg,this_profile's_activity_across_facebook/posts/media/Mobileuploads_624264343061187/335581600383332.jpg,Mobile uploads,Whimsy added 4 new photos.,Another squid done! Getting a technique down and they are being made faster! Starting to get an idea of what to price them at. SALES COMING SOON,,promotion,Uncategorized and General Portfolio,False,a -o safe hs ye Oe A ae pa
673,1548862380,2019-01-30 10:33 AM EST,media/335581613716664.jpg,this_profile's_activity_across_facebook/posts/media/Mobileuploads_624264343061187/335581613716664.jpg,Mobile uploads,Whimsy added 4 new photos.,Another squid done! Getting a technique down and they are being made faster! Starting to get an idea of what to price them at. SALES COMING SOON,,promotion,Uncategorized and General Portfolio,False,or
674,1548791045,2019-01-29 02:44 PM EST,media/335226360418856.jpg,this_profile's_activity_across_facebook/posts/media/Mobileuploads_624264343061187/335226360418856.jpg,Mobile uploads,Whimsy added 2 new photos.,Here is my 2nd style of llama :),,context,Uncategorized and General Portfolio,False,
675,1548791045,2019-01-29 02:44 PM EST,media/335226450418847.jpg,this_profile's_activity_across_facebook/posts/media/Mobileuploads_624264343061187/335226450418847.jpg,Mobile uploads,Whimsy added 2 new photos.,Here is my 2nd style of llama :),,context,Uncategorized and General Portfolio,False,
676,1548698154,2019-01-28 12:55 PM EST,media/334799633794862.jpg,this_profile's_activity_across_facebook/posts/media/Photos_624264349727853/334799633794862.jpg,Photos,Whimsy added a new photo.,Another finished custom piece! This is acrylic on wood canvas with and epoxy resin finish :) Loved having the opportunity to to work with this type of style ♡,Another finished custom piece! This is acrylic on wood canvas with and epoxy resin finish :) Loved having the opportunity to to work with this type of style ♡,context,Uncategorized and General Portfolio,False,"a’ at ey F RY Iyry A — 7@ SA a Hn a oe =r ar pee af < w"" od . men a as =s= 2 ore S.f ee 4 == 222 i aT 4 * oe Se ee a. ot La al ol oh. 48 Vi Hi / coe ¢ \ y) &"
677,1548474744,2019-01-25 10:52 PM EST,media/333711723903653.jpg,this_profile's_activity_across_facebook/posts/media/Mobileuploads_624264343061187/333711723903653.jpg,Mobile uploads,Whimsy added a new photo.,Paint going down! :),Paint going down! :),context,Uncategorized and General Portfolio,False,
678,1547930195,2019-01-19 03:36 PM EST,media/331032717504887.jpg,this_profile's_activity_across_facebook/posts/media/Mobileuploads_624264343061187/331032717504887.jpg,Mobile uploads,Whimsy added a new photo.,"UPDATE: Due to the cancellation of DubtronicA: Digital Ethos, Tsimba, Peanutbutter Williams we will not be live painting tonight. Saftey first friends! HOWEVER---> We are holding a contest! If you would like to participate - Print and color this piece (Color version in comments) -When you are done post a picture in the comments! We will decide a winner together, our favorite one will recieve a FREE print of our finished piece. ************************ This painting is being dedicated to Vic's friend Kurtis. The original will be SOLD with proceeds being donated to his family ♡","UPDATE: Due to the cancellation of @[297639447524904:844:DubtronicA\: Digital Ethos, Tsimba, Peanutbutter Williams] we will not be live painting tonight. Saftey first friends! HOWEVER---> We are holding a contest! If you would like to participate - Print and color this piece (Color version in comments) -When you are done post a picture in the comments! We will decide a winner together, our favorite one will recieve a FREE print of our finished piece. ************************ This painting is being dedicated to Vic's friend Kurtis. The original will be SOLD with proceeds being donated to his family ♡",promotion,Uncategorized and General Portfolio,False,"x Y GS (0) \ ) 8 pv ))) SD, {a Ge) _—— amo. iy ——_——— é"
679,1547870141,2019-01-18 10:55 PM EST,media/330732104201615.jpg,this_profile's_activity_across_facebook/posts/media/Mobileuploads_624264343061187/330732104201615.jpg,Mobile uploads,Whimsy added 2 new photos.,"Got this thing on canvas! Come see us tomorrow night at DubtronicA: Digital Ethos, Tsimba, Peanutbutter Williams!!!! KCC will be selling prints and painting LIVE with Victor Ohmbre! Drive safe tomorrow night, we hope to see you there!",,context,Uncategorized and General Portfolio,False,
680,1547870141,2019-01-18 10:55 PM EST,media/330732117534947.jpg,this_profile's_activity_across_facebook/posts/media/Mobileuploads_624264343061187/330732117534947.jpg,Mobile uploads,Whimsy added 2 new photos.,"Got this thing on canvas! Come see us tomorrow night at DubtronicA: Digital Ethos, Tsimba, Peanutbutter Williams!!!! KCC will be selling prints and painting LIVE with Victor Ohmbre! Drive safe tomorrow night, we hope to see you there!",,context,Uncategorized and General Portfolio,False,
681,1547608619,2019-01-15 10:16 PM EST,media/329467667661392.jpg,this_profile's_activity_across_facebook/posts/media/Mobileuploads_624264343061187/329467667661392.jpg,Mobile uploads,Whimsy added a new photo.,"Just finished this up with Victor Ohmbre! Really enjoying this collaboration,and looking forward to getting this on canvas . :) Please check the comments for Vics page ! He is one of my favorite local artists and his style is incredible. Be on the look out for our painted version coming soon!","Just finished this up with Victor Ohmbre! Really enjoying this collaboration,and looking forward to getting this on canvas . :) Please check the comments for Vics page ! He is one of my favorite local artists and his style is incredible. Be on the look out for our painted version coming soon!",promotion,Uncategorized and General Portfolio,False,"x Y GS (0) \ ) 8 pv ))) SD, {a Ge) _—— amo. iy ——_——— é"
682,1547182641,2019-01-10 11:57 PM EST,media/327342351207257.jpg,this_profile's_activity_across_facebook/posts/media/Mobileuploads_624264343061187/327342351207257.jpg,Mobile uploads,Whimsy added a new photo.,"ARTIST SPOTLIGHT: Tonight I traded prints and started a collab piece with one of my favorite local artists, The Art Of Victor ""Ohmbre"" Heinemann! Loving this print so much♡ If you enjoy his work we frequent the same events, come say hello and show your support! And be on the look out for that collab to drop :)","ARTIST SPOTLIGHT: Tonight I traded prints and started a collab piece with one of my favorite local artists, @[100094431607966:2048:The Art Of Victor ""Ohmbre"" Heinemann]! Loving this print so much♡ If you enjoy his work we frequent the same events, come say hello and show your support! And be on the look out for that collab to drop :)",promotion,Uncategorized and General Portfolio,False,= Cd acs a Ca> =oN P Cp re FF _—=-_ (SRR M
683,1546745372,2019-01-05 10:29 PM EST,media/762370764120107.mp4,this_profile's_activity_across_facebook/posts/media/videos/762370764120107.mp4,,Whimsy added a new video.,"First new thing of the year, Learning how to work with Epoxy Resin! This was my tester before I apply it to some big projects I've been working on :)",,context,Uncategorized and General Portfolio,False,
684,1544936269,2018-12-15 11:57 PM EST,media/316175368990622.jpg,this_profile's_activity_across_facebook/posts/media/Mobileuploads_624264343061187/316175368990622.jpg,Mobile uploads,Whimsy added a new photo.,"This was tonight's live piece!!! Thank you to everyone who came out♡ was amazing meeting everyone for the first time. The support was insane ! :) ""Llama breath"" 9x12 -Kay","This was tonight's live piece!!! Thank you to everyone who came out♡ was amazing meeting everyone for the first time. The support was insane ! :) ""Llama breath"" 9x12 -Kay",context,Uncategorized and General Portfolio,False,
685,1544897730,2018-12-15 01:15 PM EST,media/316000045674821.jpg,this_profile's_activity_across_facebook/posts/media/Mobileuploads_624264343061187/316000045674821.jpg,Mobile uploads,Whimsy added a new photo.,"KCC will be at DubtronicA: Digital Ethos, Tsimba, Peanutbutter Williams tonight!!! Be on the look out for the booth! Who doesnt love to leave an event with somthing fun? MEET THE ARTIST: Kay will be there tonight painting live! Stop by and say hello :) We will have : Prints -$15 Framed prints-$25 Stickers-$2 **As request we now accepts card and cash! *** Thank you for your support♡","KCC will be at @[297639447524904:844:DubtronicA\: Digital Ethos, Tsimba, Peanutbutter Williams] tonight!!! Be on the look out for the booth! Who doesnt love to leave an event with somthing fun? MEET THE ARTIST: Kay will be there tonight painting live! Stop by and say hello :) We will have : Prints -$15 Framed prints-$25 Stickers-$2 **As request we now accepts card and cash! *** Thank you for your support♡",promotion,Uncategorized and General Portfolio,False,"= ee Vy s& Ce N h aN a SS / {\ — ss y \): eres i , 1 | Bs S ye > LS as"
686,1544184668,2018-12-07 07:11 AM EST,media/312209819387177.jpg,this_profile's_activity_across_facebook/posts/media/Mobileuploads_624264343061187/312209819387177.jpg,Mobile uploads,Whimsy added a new photo.,Princess mononoke acrylic :),Princess mononoke acrylic :),context,Uncategorized and General Portfolio,False,"= “ — a nes ns caste P3 SS =< ay ware ee a = eX < = Se =, = v ye SE pes ae = & is eget er bee ¥ se it = a 4 meee ats = = SN ber Ea SS mae = a paeteos Ss . ~~ ee <3 =S y SE asin Sa = ss SS i — Ss ~ste. a= 23 ite ™ Y See we <3 YS Ss et aS SS oS Sf VS f —— Sas es as Lis SAL SR << Ss Ka i / SoG NS if f ne ¢ “ = = _"
687,1544119920,2018-12-06 01:12 PM EST,media/311861996088626.jpg,this_profile's_activity_across_facebook/posts/media/Mobileuploads_624264343061187/311861996088626.jpg,Mobile uploads,Whimsy added a new photo.,"Howls moving castle ! This is the lid for a cute box I did, I love painting on odd surfaces! Acrylic Box","Howls moving castle ! This is the lid for a cute box I did, I love painting on odd surfaces! Acrylic Box",context,Uncategorized and General Portfolio,False,
688,1543423937,2018-11-28 11:52 AM EST,media/308587513082741.jpg,this_profile's_activity_across_facebook/posts/media/Mobileuploads_624264343061187/308587513082741.jpg,Mobile uploads,Whimsy added a new photo.,Space Llama 9x12 Mixed medium Prints coming soon!,Space Llama 9x12 Mixed medium Prints coming soon!,promotion,Uncategorized and General Portfolio,False,"eee et 53 te ae a ai, & Je, ‘Ee SAF en She an ee"" XX ay \\ ge, ane Re ae fk Se Md es — ries Fade oe"" ‘ai } ) ) ee \ ‘| A | \ ( J) (vo J \ i \' = aN Np \; Mb ( (} r\ X \ NS ~ Ve )) \ a S&S"
689,1541770401,2018-11-09 08:33 AM EST,media/301155427159283.jpg,this_profile's_activity_across_facebook/posts/media/Mobileuploads_624264343061187/301155427159283.jpg,Mobile uploads,Whimsy added 6 new photos.,Christmas is coming! Poster prints are available any time for $15 a piece! Any work you have seen posted can be available in poster form so feel free to reach out! Thank you all for the support!,,promotion,Holiday Promotions and Markets,False,ae xa ade “4 De Bi! ig cai 3 fils bbs at ae AN VN “S bf jects ii a i. S pr 5 Le) Rar 4 Ql ge f
690,1541770401,2018-11-09 08:33 AM EST,media/301155450492614.jpg,this_profile's_activity_across_facebook/posts/media/Mobileuploads_624264343061187/301155450492614.jpg,Mobile uploads,Whimsy added 6 new photos.,Christmas is coming! Poster prints are available any time for $15 a piece! Any work you have seen posted can be available in poster form so feel free to reach out! Thank you all for the support!,,promotion,Holiday Promotions and Markets,False,al f% 5 a Ps sak ( i ie os o* } a4 s t=
691,1541770401,2018-11-09 08:33 AM EST,media/301155487159277.jpg,this_profile's_activity_across_facebook/posts/media/Mobileuploads_624264343061187/301155487159277.jpg,Mobile uploads,Whimsy added 6 new photos.,Christmas is coming! Poster prints are available any time for $15 a piece! Any work you have seen posted can be available in poster form so feel free to reach out! Thank you all for the support!,,promotion,Holiday Promotions and Markets,False,NAN <e A AY \W C4 yw \Z >) Je
692,1541770401,2018-11-09 08:33 AM EST,media/301155513825941.jpg,this_profile's_activity_across_facebook/posts/media/Mobileuploads_624264343061187/301155513825941.jpg,Mobile uploads,Whimsy added 6 new photos.,Christmas is coming! Poster prints are available any time for $15 a piece! Any work you have seen posted can be available in poster form so feel free to reach out! Thank you all for the support!,,promotion,Holiday Promotions and Markets,False,"Le il (il, os "" veh i wie"
693,1541770401,2018-11-09 08:33 AM EST,media/301155537159272.jpg,this_profile's_activity_across_facebook/posts/media/Mobileuploads_624264343061187/301155537159272.jpg,Mobile uploads,Whimsy added 6 new photos.,Christmas is coming! Poster prints are available any time for $15 a piece! Any work you have seen posted can be available in poster form so feel free to reach out! Thank you all for the support!,,promotion,Holiday Promotions and Markets,False,"Pe 5S ug: nds %, a cr fos patel eye ha"
694,1541770401,2018-11-09 08:33 AM EST,media/301155573825935.jpg,this_profile's_activity_across_facebook/posts/media/Mobileuploads_624264343061187/301155573825935.jpg,Mobile uploads,Whimsy added 6 new photos.,Christmas is coming! Poster prints are available any time for $15 a piece! Any work you have seen posted can be available in poster form so feel free to reach out! Thank you all for the support!,,promotion,Holiday Promotions and Markets,False,si pe y
695,1540416276,2018-10-24 05:24 PM EDT,media/295940701014089.jpg,this_profile's_activity_across_facebook/posts/media/Mobileuploads_624264343061187/295940701014089.jpg,Mobile uploads,Whimsy added a new photo.,"Another space babe, may try to redo this one :p somtimes the hands dont quite put out what's in the mind lol","Another space babe, may try to redo this one :p somtimes the hands dont quite put out what's in the mind lol",context,Uncategorized and General Portfolio,False,
696,1539965169,2018-10-19 12:06 PM EDT,media/294192544522238.jpg,this_profile's_activity_across_facebook/posts/media/Mobileuploads_624264343061187/294192544522238.jpg,Mobile uploads,Whimsy added a new photo.,"""Galaxy kitty"" 12x9 Having some more fun with these water color galaxies! Give a like or share if you enjoy the peice, thank you all for your support :)","""Galaxy kitty"" 12x9 Having some more fun with these water color galaxies! Give a like or share if you enjoy the peice, thank you all for your support :)",context,Uncategorized and General Portfolio,False,"» » & vo ° see ke hai a3 = iF %, Ey ogee s 7 f ie ig | AGB. ? ¢ x as"
697,1539791205,2018-10-17 11:46 AM EDT,media/293505151257644.jpg,this_profile's_activity_across_facebook/posts/media/Mobileuploads_624264343061187/293505151257644.jpg,Mobile uploads,Whimsy added a new photo.,"Working on my own style again, this will be my next space babe ♡","Working on my own style again, this will be my next space babe ♡",context,Uncategorized and General Portfolio,False,
698,1538351151,2018-09-30 07:45 PM EDT,media/288428721765287.jpg,this_profile's_activity_across_facebook/posts/media/Mobileuploads_624264343061187/288428721765287.jpg,Mobile uploads,Whimsy added 3 new photos.,Studio Ghibli works in acrylic ♡,,context,Uncategorized and General Portfolio,False,
699,1538351151,2018-09-30 07:45 PM EDT,media/288428758431950.jpg,this_profile's_activity_across_facebook/posts/media/Mobileuploads_624264343061187/288428758431950.jpg,Mobile uploads,Whimsy added 3 new photos.,Studio Ghibli works in acrylic ♡,,context,Uncategorized and General Portfolio,False,
700,1538351151,2018-09-30 07:45 PM EDT,media/288428791765280.jpg,this_profile's_activity_across_facebook/posts/media/Mobileuploads_624264343061187/288428791765280.jpg,Mobile uploads,Whimsy added 3 new photos.,Studio Ghibli works in acrylic ♡,,context,Uncategorized and General Portfolio,False,
701,1537734840,2018-09-23 04:34 PM EDT,media/286267721981387.jpg,this_profile's_activity_across_facebook/posts/media/Mobileuploads_624264343061187/286267721981387.jpg,Mobile uploads,Whimsy added 2 new photos.,Two original Acrylics! I would LOVE to do more of these♡ If anyone has photos they would like paint transferred please reach out! I ask that you send 3 photo for me to choose from. I will choose which ever I can best execute. Message me for pricing ! :),,context,Uncategorized and General Portfolio,False,"eo 4 - Oe +. RPO nN NS », ae pc , SS a i. yi %¢ oad K Fate. Ky, Ate) Sate ae \\"
702,1537734840,2018-09-23 04:34 PM EDT,media/286267758648050.jpg,this_profile's_activity_across_facebook/posts/media/Mobileuploads_624264343061187/286267758648050.jpg,Mobile uploads,Whimsy added 2 new photos.,Two original Acrylics! I would LOVE to do more of these♡ If anyone has photos they would like paint transferred please reach out! I ask that you send 3 photo for me to choose from. I will choose which ever I can best execute. Message me for pricing ! :),,context,Uncategorized and General Portfolio,False,
703,1534629284,2018-08-18 05:54 PM EDT,media/271040350170791.jpg,this_profile's_activity_across_facebook/posts/media/Mobileuploads_624264343061187/271040350170791.jpg,Mobile uploads,Whimsy added a new photo.,"""Eat the earth"" Water color practice today!","""Eat the earth"" Water color practice today!",context,Uncategorized and General Portfolio,False,
704,1533741921,2018-08-08 11:25 AM EDT,media/261966514411508.jpg,this_profile's_activity_across_facebook/posts/media/Mobileuploads_624264343061187/261966514411508.jpg,Mobile uploads,Whimsy added a new photo.,This is by far the biggest painting I've ever done. This was 3 years ago already! I did this painting because every single one of these Ghibli movies influenced and inspired my art. I'd really love to do this one again and see how far I've come. This one took 25 hours! Not sure if I retouch it with my newer skills or if I make another one?,This is by far the biggest painting I've ever done. This was 3 years ago already! I did this painting because every single one of these Ghibli movies influenced and inspired my art. I'd really love to do this one again and see how far I've come. This one took 25 hours! Not sure if I retouch it with my newer skills or if I make another one?,context,Uncategorized and General Portfolio,False,
705,1532955488,2018-07-30 08:58 AM EDT,media/254068888534604.jpg,this_profile's_activity_across_facebook/posts/media/Mobileuploads_624264343061187/254068888534604.jpg,Mobile uploads,Whimsy added a new photo.,"Archer panels! These are some fun acrylic canvases I painted a few years ago for my best friend, I would love to do another set like this again :) Anyone an Archer fan? :p","Archer panels! These are some fun acrylic canvases I painted a few years ago for my best friend, I would love to do another set like this again :) Anyone an Archer fan? :p",context,Uncategorized and General Portfolio,False,
706,1531750554,2018-07-16 10:15 AM EDT,media/242167306391429.jpg,this_profile's_activity_across_facebook/posts/media/Mobileuploads_624264343061187/242167306391429.jpg,Mobile uploads,Whimsy added a new photo.,"* WIN 50% off ANY framed print* Hey everyone! Wanted to give you all the opportunity to win %50 off a framed print of your choice! There will be one winner, I will do a drawing on Wednesday evening and reach out to the winner! :) To qualify: 1) Like and share this post 2) Tag 3 friends in the comments Thank you all for the support♡ I look foward to getting the print to the lucky winner!","* WIN 50% off ANY framed print* Hey everyone! Wanted to give you all the opportunity to win %50 off a framed print of your choice! There will be one winner, I will do a drawing on Wednesday evening and reach out to the winner! :) To qualify: 1) Like and share this post 2) Tag 3 friends in the comments Thank you all for the support♡ I look foward to getting the print to the lucky winner!",context,Uncategorized and General Portfolio,False,—— A hs af eae” gy 4 . a mS SS Bead r dA Cr —
707,1531003474,2018-07-07 06:44 PM EDT,media/235471267061033.jpg,this_profile's_activity_across_facebook/posts/media/Mobileuploads_624264343061187/235471267061033.jpg,Mobile uploads,Whimsy added a new photo.,*screaming intensifies* :),*screaming intensifies* :),context,Uncategorized and General Portfolio,False,
708,1530244838,2018-06-29 12:00 AM EDT,media/228706991070794.jpg,this_profile's_activity_across_facebook/posts/media/Photos_624264349727853/228706991070794.jpg,Photos,Whimsy added a new photo.,Almost done with this one! Prints available upon request :),Almost done with this one! Prints available upon request :),context,Uncategorized and General Portfolio,False,
709,1528914141,2018-06-13 02:22 PM EDT,media/217330808875079.jpg,this_profile's_activity_across_facebook/posts/media/Mobileuploads_624264343061187/217330808875079.jpg,Mobile uploads,Whimsy added a new photo.,"Two custom Rick and Morty names commissioned, these were a first for me and was quite fun! If anyone would like anything done please feel free to reach out! I love trying new things so keep them coming guys :)","Two custom Rick and Morty names commissioned, these were a first for me and was quite fun! If anyone would like anything done please feel free to reach out! I love trying new things so keep them coming guys :)",promotion,Uncategorized and General Portfolio,False,. a e . Be pat \\¥ si »\ \S \S \y s a Ss \\ r) ’ bY * ’
710,1528234289,2018-06-05 05:31 PM EDT,media/214334235841403.jpg,this_profile's_activity_across_facebook/posts/media/Mobileuploads_624264343061187/214334235841403.jpg,Mobile uploads,Whimsy added a new photo.,This was soooo Much fun! :0 Zoom in for cool details :),This was soooo Much fun! :0 Zoom in for cool details :),context,Uncategorized and General Portfolio,False,
711,1527855483,2018-06-01 08:18 AM EDT,media/212967365978090.jpg,this_profile's_activity_across_facebook/posts/media/Profilepictures_624264346394520/212967365978090.jpg,Profile pictures,,,,context,Uncategorized and General Portfolio,False,"57 E Sues 1 or, ae oe = 2 =. ‘2 es <i - Las * ft oA oe 7 39 J S a fr (a i hae eo NS —S ® BP oa ""> h@, ie ZL we SS om, =? | b raed mati As 5 oi ‘Oe pets is Se —_"
712,0,Unknown,media/26070685102580739.mp4,this_profile's_activity_across_facebook/posts/media/videos/26070685102580739.mp4,,,,,context,Uncategorized and General Portfolio,False,
713,0,Unknown,media/1023362695585964.mp4,this_profile's_activity_across_facebook/posts/media/videos/1023362695585964.mp4,,,,,context,Uncategorized and General Portfolio,False,
714,0,Unknown,media/520645035210320.jpg,this_profile's_activity_across_facebook/posts/media/your_posts/520645035210320.jpg,,,,,context,Uncategorized and General Portfolio,False,
715,0,Unknown,media/336497583625067.jpg,this_profile's_activity_across_facebook/posts/media/your_posts/336497583625067.jpg,,,,,context,Uncategorized and General Portfolio,False,
716,0,Unknown,media/1346698705938278.jpg,this_profile's_activity_across_facebook/posts/media/your_posts/1346698705938278.jpg,,,,,context,Uncategorized and General Portfolio,False,7+
717,0,Unknown,media/729570285863925.jpg,this_profile's_activity_across_facebook/posts/media/your_posts/729570285863925.jpg,,,,,context,Uncategorized and General Portfolio,False,
718,0,Unknown,media/898326152321670.jpg,this_profile's_activity_across_facebook/posts/media/your_posts/898326152321670.jpg,,,,,context,Uncategorized and General Portfolio,False,
719,0,Unknown,media/1447328267421453.jpg,this_profile's_activity_across_facebook/posts/media/your_posts/1447328267421453.jpg,,,,,context,Uncategorized and General Portfolio,False,
720,0,Unknown,media/1233972562090359.jpg,this_profile's_activity_across_facebook/posts/media/your_posts/1233972562090359.jpg,,,,,context,Uncategorized and General Portfolio,False,
721,0,Unknown,media/738249908329296.jpg,this_profile's_activity_across_facebook/posts/media/your_posts/738249908329296.jpg,,,,,context,Uncategorized and General Portfolio,False,"oe i to xt my 4 sei be | “y bee ly, Mo La $4 oi Ne ="
722,0,Unknown,media/1233972458757036.jpg,this_profile's_activity_across_facebook/posts/media/your_posts/1233972458757036.jpg,,,,,context,Uncategorized and General Portfolio,False,
723,0,Unknown,media/1021283730025911.jpg,this_profile's_activity_across_facebook/posts/media/your_posts/1021283730025911.jpg,,,,,context,Uncategorized and General Portfolio,False,
724,0,Unknown,media/1337786391708975.jpg,this_profile's_activity_across_facebook/posts/media/your_posts/1337786391708975.jpg,,,,,context,Uncategorized and General Portfolio,False,
725,0,Unknown,media/1398560555631558.jpg,this_profile's_activity_across_facebook/posts/media/your_posts/1398560555631558.jpg,,,,,context,Uncategorized and General Portfolio,False,
726,0,Unknown,media/957426236411661.jpg,this_profile's_activity_across_facebook/posts/media/your_posts/957426236411661.jpg,,,,,context,Uncategorized and General Portfolio,False,"Sos ~ and Annual Malloween wy és : f y Y Le Rss) (nae é\ af I] cookies, and pastries, fic ~~ treat is made with love and . crafied to perfection, offering a taste of heaven in every bite : * * SK ¢"
727,0,Unknown,media/339806473294178.jpg,this_profile's_activity_across_facebook/posts/media/your_posts/339806473294178.jpg,,,,,context,Uncategorized and General Portfolio,False,
728,0,Unknown,media/1398560798964867.jpg,this_profile's_activity_across_facebook/posts/media/your_posts/1398560798964867.jpg,,,,,context,Uncategorized and General Portfolio,False,
729,0,Unknown,media/957426246411660.jpg,this_profile's_activity_across_facebook/posts/media/your_posts/957426246411660.jpg,,,,,context,Uncategorized and General Portfolio,False,
730,0,Unknown,media/1233972278757054.jpg,this_profile's_activity_across_facebook/posts/media/your_posts/1233972278757054.jpg,,,,,context,Uncategorized and General Portfolio,False,
731,0,Unknown,media/1337786768375604.jpg,this_profile's_activity_across_facebook/posts/media/your_posts/1337786768375604.jpg,,,,,context,Uncategorized and General Portfolio,False,ns SS a KR oe ea Ss Bsa a th is
732,0,Unknown,media/1398560782298202.jpg,this_profile's_activity_across_facebook/posts/media/your_posts/1398560782298202.jpg,,,,,context,Uncategorized and General Portfolio,False,
733,0,Unknown,media/1233972642090351.jpg,this_profile's_activity_across_facebook/posts/media/your_posts/1233972642090351.jpg,,,,,context,Uncategorized and General Portfolio,False,
734,0,Unknown,media/1398560792298201.jpg,this_profile's_activity_across_facebook/posts/media/your_posts/1398560792298201.jpg,,,,,context,Uncategorized and General Portfolio,False,
735,0,Unknown,media/1259363742884574.jpg,this_profile's_activity_across_facebook/posts/media/your_posts/1259363742884574.jpg,,,,,context,Uncategorized and General Portfolio,False,
736,0,Unknown,media/898326148988337.jpg,this_profile's_activity_across_facebook/posts/media/your_posts/898326148988337.jpg,,,,,context,Uncategorized and General Portfolio,False,"MY 9) Lo , “uch jo HW PAINS | O/JCROSSING ff |} .™ i"
737,0,Unknown,media/573620803246076.jpg,this_profile's_activity_across_facebook/posts/media/your_posts/573620803246076.jpg,,,,,context,Uncategorized and General Portfolio,False,
738,0,Unknown,media/1233972518757030.jpg,this_profile's_activity_across_facebook/posts/media/your_posts/1233972518757030.jpg,,,,,context,Uncategorized and General Portfolio,False,
739,0,Unknown,media/957426249744993.jpg,this_profile's_activity_across_facebook/posts/media/your_posts/957426249744993.jpg,,,,,context,Uncategorized and General Portfolio,False,
740,0,Unknown,media/1346699235938225.jpg,this_profile's_activity_across_facebook/posts/media/your_posts/1346699235938225.jpg,,,,,context,Uncategorized and General Portfolio,False,
741,0,Unknown,media/1398561095631504.jpg,this_profile's_activity_across_facebook/posts/media/your_posts/1398561095631504.jpg,,,,,context,Uncategorized and General Portfolio,False,Al 0
742,0,Unknown,media/1233972332090382.jpg,this_profile's_activity_across_facebook/posts/media/your_posts/1233972332090382.jpg,,,,,context,Uncategorized and General Portfolio,False,
743,0,Unknown,media/1398561102298170.jpg,this_profile's_activity_across_facebook/posts/media/your_posts/1398561102298170.jpg,,,,,context,Uncategorized and General Portfolio,False,
744,0,Unknown,media/1040973968056887.jpg,this_profile's_activity_across_facebook/posts/media/your_posts/1040973968056887.jpg,,,,,context,Uncategorized and General Portfolio,False,
745,0,Unknown,media/898325935655025.jpg,this_profile's_activity_across_facebook/posts/media/your_posts/898325935655025.jpg,,,,,context,Uncategorized and General Portfolio,False,
746,0,Unknown,media/1398561105631503.jpg,this_profile's_activity_across_facebook/posts/media/your_posts/1398561105631503.jpg,,,,,context,Uncategorized and General Portfolio,False,or My ‘us \) q=
747,0,Unknown,media/729573505863603.jpg,this_profile's_activity_across_facebook/posts/media/your_posts/729573505863603.jpg,,,,,context,Uncategorized and General Portfolio,False,
748,0,Unknown,media/331053777502781.jpg,this_profile's_activity_across_facebook/posts/media/your_posts/331053777502781.jpg,,,,,context,Uncategorized and General Portfolio,False,
749,0,Unknown,media/1233972762090339.jpg,this_profile's_activity_across_facebook/posts/media/your_posts/1233972762090339.jpg,,,,,context,Uncategorized and General Portfolio,False,
750,0,Unknown,media/1346699259271556.jpg,this_profile's_activity_across_facebook/posts/media/your_posts/1346699259271556.jpg,,,,,context,Uncategorized and General Portfolio,False,
751,0,Unknown,media/1398560552298225.jpg,this_profile's_activity_across_facebook/posts/media/your_posts/1398560552298225.jpg,,,,,context,Uncategorized and General Portfolio,False,"— 7, - ae ="
752,0,Unknown,media/738251284995825.jpg,this_profile's_activity_across_facebook/posts/media/your_posts/738251284995825.jpg,,,,,context,Uncategorized and General Portfolio,False,
753,0,Unknown,media/1346699239271558.jpg,this_profile's_activity_across_facebook/posts/media/your_posts/1346699239271558.jpg,,,,,context,Uncategorized and General Portfolio,False,
754,0,Unknown,media/1040973981390219.jpg,this_profile's_activity_across_facebook/posts/media/your_posts/1040973981390219.jpg,,,,,context,Uncategorized and General Portfolio,False,
755,0,Unknown,media/1233972168757065.jpg,this_profile's_activity_across_facebook/posts/media/your_posts/1233972168757065.jpg,,,,,context,Uncategorized and General Portfolio,False,
756,0,Unknown,media/1233972312090384.jpg,this_profile's_activity_across_facebook/posts/media/your_posts/1233972312090384.jpg,,,,,context,Uncategorized and General Portfolio,True,"ze ee! BE Se Oe elLhU6e oe » a, 44 / Ne PS ,? + = ee | a\ 4 Pa. Toye an Ms os me ; () Se; ) Cy f ,) WHIMSY ~ y"
757,0,Unknown,media/1233971962090419.jpg,this_profile's_activity_across_facebook/posts/media/your_posts/1233971962090419.jpg,,,,,context,Uncategorized and General Portfolio,False,
758,0,Unknown,media/1520504528557694.jpg,this_profile's_activity_across_facebook/posts/media/your_posts/1520504528557694.jpg,,,,,context,Uncategorized and General Portfolio,False,
759,0,Unknown,media/957426233078328.jpg,this_profile's_activity_across_facebook/posts/media/your_posts/957426233078328.jpg,,,,,context,Uncategorized and General Portfolio,False,
760,0,Unknown,media/1233972132090402.jpg,this_profile's_activity_across_facebook/posts/media/your_posts/1233972132090402.jpg,,,,,context,Uncategorized and General Portfolio,False,
761,0,Unknown,media/729571249197162.jpg,this_profile's_activity_across_facebook/posts/media/your_posts/729571249197162.jpg,,,,,context,Uncategorized and General Portfolio,False,"| tise LaCie HIF IPPC —e =, Please-Apn hit IL. - 443- \ i eaeeenea OSSING"
762,0,Unknown,media/957426259744992.jpg,this_profile's_activity_across_facebook/posts/media/your_posts/957426259744992.jpg,,,,,context,Uncategorized and General Portfolio,False,
763,0,Unknown,media/1398560788964868.jpg,this_profile's_activity_across_facebook/posts/media/your_posts/1398560788964868.jpg,,,,,context,Uncategorized and General Portfolio,False,
764,0,Unknown,media/1233972022090413.jpg,this_profile's_activity_across_facebook/posts/media/your_posts/1233972022090413.jpg,,,,,context,Uncategorized and General Portfolio,False,
765,0,Unknown,media/729564835864470.jpg,this_profile's_activity_across_facebook/posts/media/your_posts/729564835864470.jpg,,,,,context,Uncategorized and General Portfolio,False,
766,0,Unknown,media/729573502530270.jpg,this_profile's_activity_across_facebook/posts/media/your_posts/729573502530270.jpg,,,,,context,Uncategorized and General Portfolio,False,"MICHIGAN HOME _— a PRICED AT: §$]50,.000 DAWN PARKER Reinhart"
767,0,Unknown,media/1337786935042254.jpg,this_profile's_activity_across_facebook/posts/media/your_posts/1337786935042254.jpg,,,,,context,Uncategorized and General Portfolio,False,
768,0,Unknown,media/898325892321696.jpg,this_profile's_activity_across_facebook/posts/media/your_posts/898325892321696.jpg,,,,,context,Uncategorized and General Portfolio,False,
769,0,Unknown,media/1398561125631501.jpg,this_profile's_activity_across_facebook/posts/media/your_posts/1398561125631501.jpg,,,,,context,Uncategorized and General Portfolio,False,
770,0,Unknown,media/729573509196936.jpg,this_profile's_activity_across_facebook/posts/media/your_posts/729573509196936.jpg,,,,,context,Uncategorized and General Portfolio,False,
771,0,Unknown,media/1233972785423670.jpg,this_profile's_activity_across_facebook/posts/media/your_posts/1233972785423670.jpg,,,,,context,Uncategorized and General Portfolio,False,. :— ~ —_—s en Se . . . Ss ~ - wa: eh ~ a
772,0,Unknown,media/1398561112298169.jpg,this_profile's_activity_across_facebook/posts/media/your_posts/1398561112298169.jpg,,,,,context,Uncategorized and General Portfolio,False,
773,0,Unknown,media/339828746625284.jpg,this_profile's_activity_across_facebook/posts/media/your_posts/339828746625284.jpg,,,,,context,Uncategorized and General Portfolio,False,
774,0,Unknown,media/729570292530591.jpg,this_profile's_activity_across_facebook/posts/media/your_posts/729570292530591.jpg,,,,,context,Uncategorized and General Portfolio,False,
775,0,Unknown,media/1233972585423690.jpg,this_profile's_activity_across_facebook/posts/media/your_posts/1233972585423690.jpg,,,,,context,Uncategorized and General Portfolio,False,
776,0,Unknown,media/1233972728757009.jpg,this_profile's_activity_across_facebook/posts/media/your_posts/1233972728757009.jpg,,,,,context,Uncategorized and General Portfolio,False,Jpiebe: =BO OK STORE if Pe a ~~ == —e AD
777,0,Unknown,media/957426253078326.jpg,this_profile's_activity_across_facebook/posts/media/your_posts/957426253078326.jpg,,,,,context,Uncategorized and General Portfolio,False,
778,0,Unknown,media/729586462528974.jpg,this_profile's_activity_across_facebook/posts/media/your_posts/729586462528974.jpg,,,,,context,Uncategorized and General Portfolio,False,
779,0,Unknown,media/898325912321694.jpg,this_profile's_activity_across_facebook/posts/media/your_posts/898325912321694.jpg,,,,,context,Uncategorized and General Portfolio,False,
780,0,Unknown,media/1233972492090366.jpg,this_profile's_activity_across_facebook/posts/media/your_posts/1233972492090366.jpg,,,,,context,Uncategorized and General Portfolio,False,
781,0,Unknown,media/1233972248757057.jpg,this_profile's_activity_across_facebook/posts/media/your_posts/1233972248757057.jpg,,,,,context,Uncategorized and General Portfolio,False,J gs Og Wen = ap uf we ag? WA) V a |
782,0,Unknown,media/957426266411658.jpg,this_profile's_activity_across_facebook/posts/media/your_posts/957426266411658.jpg,,,,,context,Uncategorized and General Portfolio,False,
783,0,Unknown,media/1447328270754786.jpg,this_profile's_activity_across_facebook/posts/media/your_posts/1447328270754786.jpg,,,,,context,Uncategorized and General Portfolio,False,
784,0,Unknown,media/1398560802298200.jpg,this_profile's_activity_across_facebook/posts/media/your_posts/1398560802298200.jpg,,,,,context,Uncategorized and General Portfolio,False,
785,0,Unknown,media/1021283933359224.jpg,this_profile's_activity_across_facebook/posts/media/your_posts/1021283933359224.jpg,,,,,context,Uncategorized and General Portfolio,False,
786,0,Unknown,media/1346695949271887.jpg,this_profile's_activity_across_facebook/posts/media/your_posts/1346695949271887.jpg,,,,,context,Uncategorized and General Portfolio,False,
787,0,Unknown,media/1398560808964866.jpg,this_profile's_activity_across_facebook/posts/media/your_posts/1398560808964866.jpg,,,,,context,Uncategorized and General Portfolio,False,
788,0,Unknown,media/729586392528981.jpg,this_profile's_activity_across_facebook/posts/media/your_posts/729586392528981.jpg,,,,,context,Uncategorized and General Portfolio,False,
789,0,Unknown,media/1233972615423687.jpg,this_profile's_activity_across_facebook/posts/media/your_posts/1233972615423687.jpg,,,,,context,Uncategorized and General Portfolio,False,
790,0,Unknown,media/734079345413019.jpg,this_profile's_activity_across_facebook/posts/media/your_posts/734079345413019.jpg,,,,,context,Uncategorized and General Portfolio,False,
791,0,Unknown,media/729570289197258.jpg,this_profile's_activity_across_facebook/posts/media/your_posts/729570289197258.jpg,,,,,context,Uncategorized and General Portfolio,False,"™ “~ >, i AK a re ¥* 5 J4 LS S¥. ——_ PAN fi a if Ki Co, ; % _E"
792,0,Unknown,media/1398560542298226.jpg,this_profile's_activity_across_facebook/posts/media/your_posts/1398560542298226.jpg,,,,,context,Uncategorized and General Portfolio,False,
793,0,Unknown,media/898326145655004.jpg,this_profile's_activity_across_facebook/posts/media/your_posts/898326145655004.jpg,,,,,context,Uncategorized and General Portfolio,False,
794,0,Unknown,media/898325918988360.jpg,this_profile's_activity_across_facebook/posts/media/your_posts/898325918988360.jpg,,,,,context,Uncategorized and General Portfolio,False,
795,0,Unknown,media/1233971992090416.jpg,this_profile's_activity_across_facebook/posts/media/your_posts/1233971992090416.jpg,,,,,context,Uncategorized and General Portfolio,False,
796,0,Unknown,media/729573512530269.jpg,this_profile's_activity_across_facebook/posts/media/your_posts/729573512530269.jpg,,,,,context,Uncategorized and General Portfolio,False,"Or Sharing what we have, even when it's as basic as a coat, fosters a Ss > of compas: n and empathy. It's a reminder that we're part ofa nd o ger commun: vell-being is intertwined with that of our neighbors. Spousored & Vlosted by: DAWN PARKER C Aion Ke ROSSTNG Reinhart, 4 Reinhart"
797,0,Unknown,media/1398561118964835.jpg,this_profile's_activity_across_facebook/posts/media/your_posts/1398561118964835.jpg,,,,,context,Uncategorized and General Portfolio,False,
798,0,Unknown,media/1398561122298168.jpg,this_profile's_activity_across_facebook/posts/media/your_posts/1398561122298168.jpg,,,,,context,Uncategorized and General Portfolio,False,
799,0,Unknown,media/569686886972801.jpg,this_profile's_activity_across_facebook/posts/media/your_posts/569686886972801.jpg,,,,,context,Uncategorized and General Portfolio,False,
800,0,Unknown,media/1337786395042308.jpg,this_profile's_activity_across_facebook/posts/media/your_posts/1337786395042308.jpg,,,,,context,Uncategorized and General Portfolio,False,
801,0,Unknown,media/957426239744994.jpg,this_profile's_activity_across_facebook/posts/media/your_posts/957426239744994.jpg,,,,,context,Uncategorized and General Portfolio,False,"ENCHANTED: ¢ i ee AS we => ra * NS 2ND ANNUAL MALL-O-WEEN oe ee we LC, kon ee ee ew we ™ 2 2 @ 8 ele Gk ROSSTNG"
802,0,Unknown,media/1346699175938231.jpg,this_profile's_activity_across_facebook/posts/media/your_posts/1346699175938231.jpg,,,,,context,Uncategorized and General Portfolio,False,
803,0,Unknown,media/729573499196937.jpg,this_profile's_activity_across_facebook/posts/media/your_posts/729573499196937.jpg,,,,,context,Uncategorized and General Portfolio,False,
804,0,Unknown,media/1398560545631559.jpg,this_profile's_activity_across_facebook/posts/media/your_posts/1398560545631559.jpg,,,,,context,Uncategorized and General Portfolio,False,
805,0,Unknown,media/729573495863604.jpg,this_profile's_activity_across_facebook/posts/media/your_posts/729573495863604.jpg,,,,,context,Uncategorized and General Portfolio,False,
806,0,Unknown,media/1398560548964892.jpg,this_profile's_activity_across_facebook/posts/media/your_posts/1398560548964892.jpg,,,,,context,Uncategorized and General Portfolio,False,pier / eos iti - ys wy Fi \y .: © hm &
807,0,Unknown,media/729571872530433.jpg,this_profile's_activity_across_facebook/posts/media/your_posts/729571872530433.jpg,,,,,context,Uncategorized and General Portfolio,False,
808,0,Unknown,media/1021283936692557.jpg,this_profile's_activity_across_facebook/posts/media/your_posts/1021283936692557.jpg,,,,,context,Uncategorized and General Portfolio,False,
809,0,Unknown,media/729571865863767.jpg,this_profile's_activity_across_facebook/posts/media/your_posts/729571865863767.jpg,,,,,context,Uncategorized and General Portfolio,False,
810,0,Unknown,media/1040973974723553.jpg,this_profile's_activity_across_facebook/posts/media/your_posts/1040973974723553.jpg,,,,,context,Uncategorized and General Portfolio,False,
811,0,Unknown,media/729571245863829.jpg,this_profile's_activity_across_facebook/posts/media/your_posts/729571245863829.jpg,,,,,context,Uncategorized and General Portfolio,False,"a ed ___,aksoncressing *__ We are Hiring! Cannirity, naAnin aintnannan “Kpply now! Please send resumes to: jane@shopjacksoncrossing.com ~Pay based on experience ~ SS Pam a9 pps"
812,0,Unknown,media/957426263078325.jpg,this_profile's_activity_across_facebook/posts/media/your_posts/957426263078325.jpg,,,,,context,Uncategorized and General Portfolio,False,
813,0,Unknown,media/1398560565631557.jpg,this_profile's_activity_across_facebook/posts/media/your_posts/1398560565631557.jpg,,,,,context,Uncategorized and General Portfolio,False,
814,0,Unknown,media/1233972695423679.jpg,this_profile's_activity_across_facebook/posts/media/your_posts/1233972695423679.jpg,,,,,context,Uncategorized and General Portfolio,False,
815,0,Unknown,media/1040973978056886.jpg,this_profile's_activity_across_facebook/posts/media/your_posts/1040973978056886.jpg,,,,,context,Uncategorized and General Portfolio,False,
816,0,Unknown,media/1447328274088119.jpg,this_profile's_activity_across_facebook/posts/media/your_posts/1447328274088119.jpg,,,,,context,Uncategorized and General Portfolio,False,"—$—— OO ee — $$$ ss Si —_= = ee — Es — = ee =e ose — —— — — — — = = —< = = — Le | EZ, 7 nity Vl Na oy fbf fl oe pal eal oA “i if. etal aS lea Lye =a tl el Diy, un Be <u NS"
817,0,Unknown,media/1398560785631535.jpg,this_profile's_activity_across_facebook/posts/media/your_posts/1398560785631535.jpg,,,,,context,Uncategorized and General Portfolio,False,
818,0,Unknown,media/1337786775042270.jpg,this_profile's_activity_across_facebook/posts/media/your_posts/1337786775042270.jpg,,,,,context,Uncategorized and General Portfolio,False,
819,0,Unknown,media/1398561115631502.jpg,this_profile's_activity_across_facebook/posts/media/your_posts/1398561115631502.jpg,,,,,context,Uncategorized and General Portfolio,False,
820,0,Unknown,media/1398560558964891.jpg,this_profile's_activity_across_facebook/posts/media/your_posts/1398560558964891.jpg,,,,,context,Uncategorized and General Portfolio,False,
821,0,Unknown,media/1337786771708937.jpg,this_profile's_activity_across_facebook/posts/media/your_posts/1337786771708937.jpg,,,,,context,Uncategorized and General Portfolio,False,"i ———— se a = SS == =— 4 a ———— — ] bia $ A iclles rare Fox Candles Fex Candles ——=—_ Chacoli:te Camered tmas Cheer Fox Candles ae ries —— Oe vaemaa bets f e° ) Pe i Vyynett if a —_ _— — —— — — Lists ate Candll Ati Fox, Candles ‘| | Leaves"
822,0,Unknown,media/729571869197100.jpg,this_profile's_activity_across_facebook/posts/media/your_posts/729571869197100.jpg,,,,,context,Uncategorized and General Portfolio,False,
823,0,Unknown,media/1398561108964836.jpg,this_profile's_activity_across_facebook/posts/media/your_posts/1398561108964836.jpg,,,,,context,Uncategorized and General Portfolio,False,
824,0,Unknown,media/898326142321671.jpg,this_profile's_activity_across_facebook/posts/media/your_posts/898326142321671.jpg,,,,,context,Uncategorized and General Portfolio,False,
825,0,Unknown,media/560744391200384.jpg,this_profile's_activity_across_facebook/posts/media/your_posts/560744391200384.jpg,,,,,context,Uncategorized and General Portfolio,False,
826,0,Unknown,media/957426256411659.jpg,this_profile's_activity_across_facebook/posts/media/your_posts/957426256411659.jpg,,,,,context,Uncategorized and General Portfolio,True,"4 ‘3 ee Pe. “@ Ys ""hy am, tes a 1PM-4PM NEXT TOF AL a KONEY = S| oe CHAIRS OCT = 3PM-FREEZE DANCE WHIMSY an"
827,0,Unknown,media/1233972215423727.jpg,this_profile's_activity_across_facebook/posts/media/your_posts/1233972215423727.jpg,,,,,context,Uncategorized and General Portfolio,False,
828,0,Unknown,media/1040973971390220.jpg,this_profile's_activity_across_facebook/posts/media/your_posts/1040973971390220.jpg,,,,,context,Uncategorized and General Portfolio,False,
829,0,Unknown,media/1398560568964890.jpg,this_profile's_activity_across_facebook/posts/media/your_posts/1398560568964890.jpg,,,,,context,Uncategorized and General Portfolio,False,
830,0,Unknown,media/1233972052090410.jpg,this_profile's_activity_across_facebook/posts/media/your_posts/1233972052090410.jpg,,,,,context,Uncategorized and General Portfolio,False,
831,0,Unknown,media/1233972358757046.jpg,this_profile's_activity_across_facebook/posts/media/your_posts/1233972358757046.jpg,,,,,context,Uncategorized and General Portfolio,False,» a zs A \
832,0,Unknown,media/898326138988338.jpg,this_profile's_activity_across_facebook/posts/media/your_posts/898326138988338.jpg,,,,,context,Uncategorized and General Portfolio,False,
833,0,Unknown,media/1517479722193508.jpg,this_profile's_activity_across_facebook/posts/media/your_posts/1517479722193508.jpg,,,,,context,Uncategorized and General Portfolio,False,
834,0,Unknown,media/1398560812298199.jpg,this_profile's_activity_across_facebook/posts/media/your_posts/1398560812298199.jpg,,,,,context,Uncategorized and General Portfolio,False,
835,0,Unknown,media/898325878988364.jpg,this_profile's_activity_across_facebook/posts/media/your_posts/898325878988364.jpg,,,,,context,Uncategorized and General Portfolio,False,
836,0,Unknown,media/1233972422090373.jpg,this_profile's_activity_across_facebook/posts/media/your_posts/1233972422090373.jpg,,,,,context,Uncategorized and General Portfolio,True,all fis? iss) Gla Site » | 4 WHIMSY 7 |
837,0,Unknown,media/575412063066950.jpg,this_profile's_activity_across_facebook/posts/media/your_posts/575412063066950.jpg,,,,,context,Uncategorized and General Portfolio,False,
838,0,Unknown,media/729564839197803.jpg,this_profile's_activity_across_facebook/posts/media/your_posts/729564839197803.jpg,,,,,context,Uncategorized and General Portfolio,False,
839,0,Unknown,media/1398560805631533.jpg,this_profile's_activity_across_facebook/posts/media/your_posts/1398560805631533.jpg,,,,,context,Uncategorized and General Portfolio,False,
840,0,Unknown,media/1233972398757042.jpg,this_profile's_activity_across_facebook/posts/media/your_posts/1233972398757042.jpg,,,,,context,Uncategorized and General Portfolio,False,
841,0,Unknown,media/1337786931708921.jpg,this_profile's_activity_across_facebook/posts/media/your_posts/1337786931708921.jpg,,,,,context,Uncategorized and General Portfolio,False,"i ———— se a = SS == =— 4 a ———— — ] bia $ A iclles rare Fox Candles Fex Candles ——=—_ Chacoli:te Camered tmas Cheer Fox Candles ae ries —— Oe vaemaa bets f e° ) Pe i Vyynett if a —_ _— — —— — — Lists ate Candll Ati Fox, Candles ‘| | Leaves"
842,0,Unknown,media/957426243078327.jpg,this_profile's_activity_across_facebook/posts/media/your_posts/957426243078327.jpg,,,,,context,Uncategorized and General Portfolio,False,
843,0,Unknown,media/1398561098964837.jpg,this_profile's_activity_across_facebook/posts/media/your_posts/1398561098964837.jpg,,,,,context,Uncategorized and General Portfolio,False,
844,0,Unknown,media/1337786928375588.jpg,this_profile's_activity_across_facebook/posts/media/your_posts/1337786928375588.jpg,,,,,context,Uncategorized and General Portfolio,False,
845,0,Unknown,media/1398560562298224.jpg,this_profile's_activity_across_facebook/posts/media/your_posts/1398560562298224.jpg,,,,,context,Uncategorized and General Portfolio,False,
846,0,Unknown,media/1447328264088120.jpg,this_profile's_activity_across_facebook/posts/media/your_posts/1447328264088120.jpg,,,,,context,Uncategorized and General Portfolio,False,¢ SSS AY = i ae i C= Se ae ~~ Sy ae — is ~ x ay RSS I a SS ae ey = ER: WSs AS che a SS Bedroom | | ¢ i ning | ih | i ILA) apie Se nf m7
847,0,Unknown,media/1399155005572113.jpg,this_profile's_activity_across_facebook/posts/media/your_posts/1399155005572113.jpg,,,,,context,Uncategorized and General Portfolio,False,
848,0,Unknown,media/1337786398375641.jpg,this_profile's_activity_across_facebook/posts/media/your_posts/1337786398375641.jpg,,,,,context,Uncategorized and General Portfolio,False,
849,0,Unknown,media/1233972098757072.jpg,this_profile's_activity_across_facebook/posts/media/your_posts/1233972098757072.jpg,,,,,context,Uncategorized and General Portfolio,False,
850,0,Unknown,media/1398560538964893.jpg,this_profile's_activity_across_facebook/posts/media/your_posts/1398560538964893.jpg,,,,,context,Uncategorized and General Portfolio,False,
851,0,Unknown,media/1021283733359244.jpg,this_profile's_activity_across_facebook/posts/media/your_posts/1021283733359244.jpg,,,,,context,Uncategorized and General Portfolio,False,"| WI eystom CAKE, 9 7974 Hively Rd, Jackson, MI, United States, Michigan @ +1517-435-8741 tr) Heavenlybakescakes@gmail.com heavenlybakescakes.wixsite.com/yumm"
852,0,Unknown,media/1398560795631534.jpg,this_profile's_activity_across_facebook/posts/media/your_posts/1398560795631534.jpg,,,,,context,Uncategorized and General Portfolio,False,
